idPlayer,shortName,fullName,nameTeam,position,initialPrice,fisicStatus,injuredDays,isExtraCommunity,license,isNational,prox_rival_logo,prox_local,idPlayer_actual,nick,birthdate,fullName_actual,idPlayer_2526,partidos_2526,media_2526,minutos_2526,precio_final_2526,puntos_j1,media_ponderada
1,A. Barcello,Alex Barcello,Monbus Obradoiro,3,410000.0,fit,0,True,EXT,False,2324RealMadrid_Logoweb.png,True,1,Barcello,31/08/1998,Alex Barcello,,,,,,12.0,
29,López-Arostegui,Xabi López-Arostegui,La Laguna Tenerife,3,370000.0,fit,0,False,JFL,True,2324UnicajaLogo.png,False,29,López-A.,19/05/1997,Xabi López-Arostegui,62.0,15.0,10.053333333333335,14.913333333333334,502667.0,16.0,12.134666666666668
52,A. Díaz,Alberto Díaz,Unicaja,1,350000.0,injured,0,False,JFL,True,2425LaLagunaTenerifeLogo.png,True,52,Díaz,23/04/1994,Alberto Díaz,225.0,29.0,10.013793103448275,18.96264367816092,500690.0,1.0,6.858965517241379
57,W. Tavares,Edy Tavares,Real Madrid,5,750000.0,fit,0,False,JFL,True,202627MonbusObradoiroLogoPositivoOK.png,False,57,Tavares,22/03/1992,Edy Tavares,175.0,21.0,19.16190476190476,21.703968253968256,958095.0,10.8,16.235238095238095
58,J. Pradilla,Jaime Pradilla,Real Madrid,5,610000.0,fit,0,False,JFL,True,202627MonbusObradoiroLogoPositivoOK.png,False,58,Pradilla,03/01/2001,Jaime Pradilla,61.0,28.0,18.842857142857145,20.83095238095238,942143.0,4.8,13.927857142857144
67,F. Campazzo,Facu Campazzo,Real Madrid,1,460000.0,fit,0,False,EUR,False,202627MonbusObradoiroLogoPositivoOK.png,False,67,Campazzo,23/03/1991,Facu Campazzo,164.0,28.0,13.442857142857141,21.907738095238095,672143.0,18.0,15.037857142857142
111,K. Taylor,Kameron Taylor,Valencia Basket,3,630000.0,fit,0,True,EXT,False,2425CasademontZaragoza.png,False,111,Taylor,05/10/1994,Kameron Taylor,58.0,22.0,14.681818181818182,20.725757575757576,734091.0,18.0,15.843181818181819
141,M. Geben,Martinas Geben,FIATC Girona,5,620000.0,fit,0,False,EUR,False,2526KosnerBaskoniaLogo.png,False,141,Geben,20/10/1994,Martinas Geben,25.0,34.0,14.823529411764707,21.21029411764706,741176.0,21.6,17.19529411764706
192,K. Robertson,Kassius Robertson,MoraBanc Andorra,3,400000.0,fit,0,False,COT,False,202526AsisaJoventutLogoPosisitvo.png,False,192,Robertson,20/04/1994,Kassius Robertson,285.0,16.0,4.525,20.589583333333334,226250.0,12.0,7.141249999999999
226,R. Kurucs,Rodions Kurucs,Kosner Baskonia,5,400000.0,fit,0,False,JFL,True,202627FIATCGironaLogoPositivo.png,True,226,Kurucs,05/02/1998,Rodions Kurucs,43.0,24.0,9.016666666666667,20.17152777777778,450833.0,-1.0,5.510833333333334
