logo,equipo
20252026MorabancAndorraLogoPositivoOK.png,MoraBanc Andorra
202526AsisaJoventutLogoPosisitvo.png,Asisa Joventut
202526IlernaLleidaLogoPositivo.png,iLERNA Lleida
202526KidsUsManresa.png,Kids&Us Manresa
202627FIATCGironaLogoPositivo.png,FIATC Girona
202627LeymaCorunaLogoPositivoOK.png,Leyma Coruña
202627MonbusObradoiroLogoPositivoOK.png,Monbus Obradoiro
202627ValenciaBasket40Anys.png,Valencia Basket
202627ucamcblogoverticalcolor.png,UCAM Murcia
2324BarcaLogoweb.png,Barça
2324RealMadrid_Logoweb.png,Real Madrid
2324UnicajaLogo.png,Unicaja
2425CasademontZaragoza.png,Casademont Zaragoza
2425LaLagunaTenerifeLogo.png,La Laguna Tenerife
2526KosnerBaskoniaLogo.png,Kosner Baskonia
2526SanPabloLogo.png,Recoletas Salud San Pablo Burgos
breogan_00.png,Río Breogán
logo_surnebb_pos.png,Surne Bilbao
