equipo,partidos,dif_media,puntos_favor,puntos_contra,val_media
Valencia Basket,34,11.44,94.6,83.2,112.1
Real Madrid,34,7.47,92.9,85.5,108.9
UCAM Murcia,34,6.97,91.6,84.6,97.1
Barça,34,6.79,89.6,82.8,100.8
Kosner Baskonia,34,6.68,93.4,86.8,104.6
Asisa Joventut,34,4.12,85.5,81.4,95.1
La Laguna Tenerife,34,2.94,89.4,86.5,98.8
Unicaja,34,0.65,87.6,86.9,92.9
Surne Bilbao,34,-1.18,84.8,86.0,89.6
Río Breogán,34,-2.26,91.0,93.3,96.5
Recoletas Salud San Pablo Burgos,34,-3.03,89.7,92.7,94.4
FIATC Girona,34,-3.26,85.7,88.9,86.9
Kids&Us Manresa,34,-4.35,86.2,90.6,88.7
MoraBanc Andorra,34,-5.68,87.5,93.2,90.5
Casademont Zaragoza,34,-6.29,87.1,93.4,90.9
iLERNA Lleida,34,-7.09,84.0,91.1,88.1
