captura,birthdate,injuredDays,up15,photo2,isActive,idTeam,nick,number,insertDatetime,price,height,isNational,isExitLeague,initialPrice,fullName,photo,url,fisicStatus,imageTeam,license,idPlayer,birthplace,nationality,competitionAverage,keep,imageTeamNegative,position,isExtraCommunity,shortName,nameTeam,age,down15
2026-09-29_2259,21/10/1990,0,19.0,0000927563_5-6_03.jpg,True,8,Rubio,9.0,20260908T084555+0000,977500.0,189,True,False,850000.0,Ricky Rubio,0000927555_5-6_03.jpg,,fit,202526AsisaJoventutLogoPosisitvo.png,JFL,96,El Masnou (Barcelona),España,26.0,13.1,202526AsisaJoventutLogoNegativo.png,1,False,R. Rubio,Asisa Joventut,35,7.2
2026-09-29_2259,31/01/1990,0,5.5,0000927501_5-6_03.jpg,True,8,Laprovittola,10.0,20260908T084555+0000,598000.0,190,False,False,520000.0,Nico Laprovittola,0000927490_5-6_03.jpg,,fit,202526AsisaJoventutLogoPosisitvo.png,EUR,93,Castelar,Italia,22.0,1.9,202526AsisaJoventutLogoNegativo.png,1,False,N. Laprovittola,Asisa Joventut,36,-1.7
2026-09-29_2259,26/02/1990,0,0.5,0000928306_5-6_03.jpg,True,15,Radosevic,,20260908T084601+0000,379500.0,208,False,False,330000.0,Leon Radosevic,0000928299_5-6_03.jpg,,fit,20252026MorabancAndorraLogoPositivoOK.png,EUR,188,,Croacia,17.0,-1.8,20252026MorabancAndorraLogoNegativo.png,5,False,L. Radosevic,MoraBanc Andorra,36,-4.1
2026-09-29_2259,27/11/2000,0,8.9,0000928193_5-6_03.jpg,True,15,Akinjo,,20260908T084601+0000,540500.0,185,False,False,470000.0,James Akinjo,0000928184_5-6_03.jpg,,fit,20252026MorabancAndorraLogoPositivoOK.png,EXT,183,California,EE.UU.,16.0,5.6,20252026MorabancAndorraLogoNegativo.png,1,True,J. Akinjo,MoraBanc Andorra,25,2.4
2026-09-29_2259,25/06/1992,0,13.1,0000928103_5-6_03.jpg,True,15,Pustovyi,,20260908T084601+0000,632500.0,219,False,False,550000.0,Artem Pustovyi,0000928077_5-6_03.jpg,,fit,20252026MorabancAndorraLogoPositivoOK.png,EUR,190,Sofiyivka,Ucrania,16.0,9.3,20252026MorabancAndorraLogoNegativo.png,5,False,A. Pustovyi,MoraBanc Andorra,34,5.5
2026-09-29_2259,20/12/1994,0,16.9,0000928432_5-6_03.jpg,True,15,Iwundu,,20260908T084601+0000,650000.0,198,False,False,570000.0,Wes Iwundu,0000928421_5-6_03.jpg,,fit,20252026MorabancAndorraLogoPositivoOK.png,COT,185,Texas,Nigeria,13.0,13.0,20252026MorabancAndorraLogoNegativo.png,3,False,W. Iwundu,MoraBanc Andorra,31,9.1
2026-09-29_2259,26/06/2004,0,4.9,0000929930_5-6_03.jpg,True,8,Ndiaye,4.0,20260908T084554+0000,368000.0,204,True,False,320000.0,Eli Ndiaye,0000929910_5-6_03.jpg,,fit,202526AsisaJoventutLogoPosisitvo.png,JFL,59,Guediawaye,España,12.0,2.7,202526AsisaJoventutLogoNegativo.png,5,False,E. Ndiaye,Asisa Joventut,22,0.5
2026-09-29_2259,20/04/1994,0,9.2,0000928219_5-6_03.jpg,True,15,Robertson,,20260908T084601+0000,460000.0,190,False,False,400000.0,Kassius Robertson,0000928211_5-6_03.jpg,,fit,20252026MorabancAndorraLogoPositivoOK.png,COT,192,Toronto,Jamaica,12.0,6.4,20252026MorabancAndorraLogoNegativo.png,3,False,K. Robertson,MoraBanc Andorra,32,3.6
2026-09-29_2259,21/08/1995,0,7.5,0000927444_5-6_03.jpg,True,8,Cheatham,55.0,20260908T084555+0000,402500.0,206,False,False,350000.0,Kwan Cheatham,0000927423_5-6_03.jpg,,fit,202526AsisaJoventutLogoPosisitvo.png,EUR,94,Vallejo (California),EE.UU.,11.0,5.1,202526AsisaJoventutLogoNegativo.png,5,False,K. Cheatham,Asisa Joventut,31,2.7
2026-09-29_2259,22/03/1996,0,5.8,0000927470_5-6_03.jpg,True,8,Hakanson,12.0,20260908T084555+0000,322000.0,189,True,False,280000.0,Ludde Hakanson,0000927452_5-6_03.jpg,,fit,202526AsisaJoventutLogoPosisitvo.png,JFL,100,Matteus (Estocolmo),Suecia,9.0,3.9,202526AsisaJoventutLogoNegativo.png,1,False,L. Hakanson,Asisa Joventut,30,1.9
2026-09-29_2259,17/12/1993,0,10.4,0000927135_5-6_03.jpg,True,8,Reyes,18.0,20260908T084555+0000,400000.0,202,True,False,460000.0,Álex Reyes,0000927119_5-6_03.jpg,,fit,202526AsisaJoventutLogoPosisitvo.png,JFL,97,Cáceres,España,8.0,8.0,202526AsisaJoventutLogoNegativo.png,3,False,A. Reyes,Asisa Joventut,32,5.6
2026-09-29_2259,01/09/1992,0,6.8,0000928061_5-6_03.jpg,True,15,Best,,20260908T084601+0000,322000.0,193,False,False,280000.0,Aaron Best,0000928051_5-6_03.jpg,,fit,20252026MorabancAndorraLogoPositivoOK.png,COT,194,Toronto,Barbados,8.0,4.9,20252026MorabancAndorraLogoNegativo.png,3,False,A. Best,MoraBanc Andorra,34,2.9
2026-09-29_2259,12/12/2000,0,12.8,0000927230_5-6_03.jpg,True,8,Ellis,3.0,20260908T084555+0000,408000.0,188,False,False,480000.0,Boogie Ellis,0000927194_5-6_03.jpg,,fit,202526AsisaJoventutLogoPosisitvo.png,EXT,92,California,EE.UU.,6.0,10.3,202526AsisaJoventutLogoNegativo.png,3,True,B. Ellis,Asisa Joventut,25,7.9
2026-09-29_2259,23/10/1997,0,10.8,0000927623_5-6_03.jpg,True,8,Birgander,35.0,20260908T084555+0000,365500.0,209,False,False,430000.0,Simon Birgander,0000927607_5-6_03.jpg,,fit,202526AsisaJoventutLogoPosisitvo.png,EUR,95,Kvistofta,Suecia,6.0,8.6,202526AsisaJoventutLogoNegativo.png,5,False,S. Birgander,Asisa Joventut,28,6.4
2026-09-29_2259,10/02/2004,0,6.5,0000927402_5-6_03.jpg,True,8,Nogués,32.0,20260908T084555+0000,250000.0,196,True,False,220000.0,Isaac Nogués,0000927386_5-6_03.jpg,,fit,202526AsisaJoventutLogoPosisitvo.png,JFL,98,Barcelona,España,5.0,5.0,202526AsisaJoventutLogoNegativo.png,3,False,I. Nogués,Asisa Joventut,22,3.5
2026-09-29_2259,13/08/1997,0,2.9,0000928153_5-6_03.jpg,True,15,Ortega,,20260908T084601+0000,172500.0,190,True,False,150000.0,Chumi Ortega,0000928136_5-6_03.jpg,,fit,20252026MorabancAndorraLogoPositivoOK.png,JFL,193,Yecla,España,5.0,1.9,20252026MorabancAndorraLogoNegativo.png,3,False,C. Ortega,MoraBanc Andorra,29,0.9
2026-09-29_2259,25/08/1989,0,12.8,0000928269_5-6_03.jpg,True,15,Kuric,,20260908T084601+0000,365500.0,193,False,False,430000.0,Kyle Kuric,0000928238_5-6_03.jpg,,fit,20252026MorabancAndorraLogoPositivoOK.png,EUR,191,Evansville (Indiana),Eslovaquia,4.0,10.6,20252026MorabancAndorraLogoNegativo.png,3,False,K. Kuric,MoraBanc Andorra,37,8.4
2026-09-29_2259,12/09/2006,0,3.3,0000927111_5-6_03.jpg,True,8,Torres,20.0,20260916T203049+0000,138000.0,203,True,False,120000.0,Adrián Torres,0000927088_5-6_03.jpg,,fit,202526AsisaJoventutLogoPosisitvo.png,JFL,239,Bunyola,España,3.0,2.5,202526AsisaJoventutLogoNegativo.png,3,False,A. Torres,Asisa Joventut,20,1.7
2026-09-29_2259,06/01/1999,0,10.1,0000928286_5-6_03.jpg,True,15,Mutic,,20260908T084601+0000,263500.0,201,True,False,310000.0,Lazar Mutic,0000928275_5-6_03.jpg,,fit,20252026MorabancAndorraLogoPositivoOK.png,JFL,189,Banja Luka,Bosnia y Herzegovina,2.0,8.5,20252026MorabancAndorraLogoNegativo.png,3,False,L. Mutic,MoraBanc Andorra,27,7.0
2026-09-29_2259,08/01/2003,0,6.8,0000928371_5-6_03.jpg,True,15,Aquino,,20260908T084601+0000,170000.0,203,True,False,200000.0,Owen  Aquino,0000928357_5-6_03.jpg,,fit,20252026MorabancAndorraLogoPositivoOK.png,JFL,186,Madrid,España,1.0,5.8,20252026MorabancAndorraLogoNegativo.png,5,False,O. Aquino,MoraBanc Andorra,23,4.8
2026-09-29_2259,16/10/2002,0,5.8,0000927682_5-6_03.jpg,True,8,Kraag,1.0,20260908T084555+0000,250000.0,202,True,False,250000.0,Yannick Kraag,0000927645_5-6_03.jpg,,injured,202526AsisaJoventutLogoPosisitvo.png,JFL,99,Amsterdam,Países Bajos,0.0,5.0,202526AsisaJoventutLogoNegativo.png,3,False,Y. Kraag,Asisa Joventut,23,4.2
2026-09-29_2259,17/02/1987,0,17.9,0000927174_5-6_03.jpg,True,8,Tomic,44.0,20260908T084555+0000,780000.0,217,False,False,780000.0,Ante Tomic,0000927154_5-6_03.jpg,,injured,202526AsisaJoventutLogoPosisitvo.png,EUR,101,Dubrovnik,Croacia,0.0,15.6,202526AsisaJoventutLogoNegativo.png,5,False,A. Tomic,Asisa Joventut,39,13.3
2026-09-29_2259,13/07/1995,0,9.7,0000927314_5-6_03.jpg,True,8,Sulejmanovic,19.0,20260908T084555+0000,420000.0,205,False,False,420000.0,Emir Sulejmanovic,0000927290_5-6_03.jpg,,fit,202526AsisaJoventutLogoPosisitvo.png,EUR,102,Luka Zepa,Finlandia,0.0,8.4,202526AsisaJoventutLogoNegativo.png,5,False,E. Sulejmanovic,Asisa Joventut,31,7.1
2026-09-29_2259,30/09/1997,0,8.7,0000928130_5-6_03.jpg,True,15,McGriff,,20260908T084601+0000,380000.0,201,False,False,380000.0,Cameron McGriff,0000928109_5-6_03.jpg,,injured,20252026MorabancAndorraLogoPositivoOK.png,EXT,184,Texas,EE.UU.,0.0,7.6,20252026MorabancAndorraLogoNegativo.png,5,True,C. McGriff,MoraBanc Andorra,28,6.5
2026-09-29_2259,10/01/2009,0,2.8,defaultBody.jpg,True,15,Bottiroli,,20260908T084601+0000,120000.0,168,True,False,120000.0,Luka Bottiroli,defaultFace.jpg,,fit,20252026MorabancAndorraLogoPositivoOK.png,JFL,187,La Seu D'urgell,España,0.0,2.4,20252026MorabancAndorraLogoNegativo.png,1,False,L. Bottiroli,MoraBanc Andorra,17,2.0
2026-09-29_2259,11/02/1992,0,13.7,0000928408_5-6_03.jpg,True,15,Luz,,20260908T084601+0000,297500.0,188,True,False,350000.0,Rafa Luz,0000928393_5-6_03.jpg,,fit,20252026MorabancAndorraLogoPositivoOK.png,JFL,195,Araçatuba,España,0.0,11.9,20252026MorabancAndorraLogoNegativo.png,1,False,R. Luz,MoraBanc Andorra,34,10.1
2026-09-29_2259,27/05/1994,0,8.2,0000933722_5-6_03.jpg,True,4,Hernangómez,41.0,20260908T084553+0000,678500.0,210,True,False,590000.0,Willy Hernangómez,0000933708_5-6_03.jpg,,fit,2324UnicajaLogo.png,JFL,42,Madrid,España,23.0,4.1,2324UnicajaLogo.png,5,False,W. Hernangómez,Unicaja,32,0.1
2026-09-29_2259,07/02/1997,0,-0.8,0000933319_5-6_03.jpg,True,4,Noua,17.0,20260908T084553+0000,483000.0,202,False,False,420000.0,Amine Noua,0000933298_5-6_03.jpg,,fit,2324UnicajaLogo.png,EUR,45,Lyon,Francia,23.0,-3.7,2324UnicajaLogo.png,5,False,A. Noua,Unicaja,29,-6.6
2026-09-29_2259,19/05/1997,0,3.6,defaultBody.jpg,True,3,López-A.,7.0,20260908T084553+0000,425500.0,200,True,False,370000.0,Xabi López-Arostegui,defaultFace.jpg,,fit,2425LaLagunaTenerifeLogo.png,JFL,29,Getxo,España,16.0,1.0,2425LaLagunaTenerifeLogoneg.png,3,False,López-Arostegui,La Laguna Tenerife,29,-1.5
2026-09-29_2259,11/08/1997,0,16.1,0000931660_5-6_03.jpg,True,3,Guy,2.0,20260908T084553+0000,632500.0,188,False,False,550000.0,Kyle Guy,0000931639_5-6_03.jpg,,fit,2425LaLagunaTenerifeLogo.png,EXT,28,Indiana,EE.UU.,13.0,12.3,2425LaLagunaTenerifeLogoneg.png,3,True,K. Guy,La Laguna Tenerife,29,8.5
2026-09-29_2259,07/05/1996,0,16.9,defaultBody.jpg,True,3,Happ,22.0,20260908T084553+0000,650000.0,208,False,False,580000.0,Ethan Happ,defaultFace.jpg,,fit,2425LaLagunaTenerifeLogo.png,EUR,30,Milan (Illinois),Macedonia del Norte,13.0,13.0,2425LaLagunaTenerifeLogoneg.png,5,False,E. Happ,La Laguna Tenerife,30,9.1
2026-09-29_2259,17/09/1989,0,2.9,defaultBody.jpg,True,3,Abromaitis,21.0,20260908T084553+0000,345000.0,203,False,False,300000.0,Tim Abromaitis,defaultFace.jpg,,fit,2425LaLagunaTenerifeLogo.png,EUR,33,Waterbury (Connecticut),EE.UU.,13.0,0.8,2425LaLagunaTenerifeLogoneg.png,5,False,T. Abromaitis,La Laguna Tenerife,37,-1.3
2026-09-29_2259,25/05/1983,0,15.6,0000931693_5-6_03.jpg,True,3,Huertas,9.0,20260908T084553+0000,600000.0,191,False,False,680000.0,Marcelinho Huertas,0000931673_5-6_03.jpg,,fit,2425LaLagunaTenerifeLogo.png,EUR,37,Sao Paulo,Italia,12.0,12.0,2425LaLagunaTenerifeLogoneg.png,1,False,M. Huertas,La Laguna Tenerife,43,8.4
2026-09-29_2259,10/04/2000,0,13.9,0000933545_5-6_03.jpg,True,4,Pantzar,19.0,20260908T084553+0000,540500.0,190,True,False,470000.0,Melwin Pantzar,0000933528_5-6_03.jpg,,fit,2324UnicajaLogo.png,JFL,50,Valsta,Suecia,11.0,10.6,2324UnicajaLogo.png,1,False,M. Pantzar,Unicaja,26,7.4
2026-09-29_2259,13/08/2002,0,6.9,0000933615_5-6_03.jpg,True,4,Lukosius,13.0,20260908T084553+0000,368000.0,200,False,False,320000.0,Simonas Lukosius,0000933600_5-6_03.jpg,,fit,2324UnicajaLogo.png,EUR,39,Vilnus,Lituania,10.0,4.7,2324UnicajaLogo.png,3,False,S. Lukosius,Unicaja,24,2.5
2026-09-29_2259,08/01/1999,0,11.7,0000933443_5-6_03.jpg,True,4,Brazdeikis,8.0,20260908T084553+0000,450000.0,201,False,False,400000.0,Ignas  Brazdeikis,0000933417_5-6_03.jpg,,fit,2324UnicajaLogo.png,EUR,40,Kaunas,Lituania,9.0,9.0,2324UnicajaLogo.png,3,False,I. Brazdeikis,Unicaja,27,6.3
2026-09-29_2259,04/06/1993,0,9.1,defaultBody.jpg,True,3,Fernández,3.0,20260908T084553+0000,350000.0,186,True,False,380000.0,Jaime Fernández,defaultFace.jpg,,fit,2425LaLagunaTenerifeLogo.png,JFL,36,Madrid,España,7.0,7.0,2425LaLagunaTenerifeLogoneg.png,3,False,J. Fernández,La Laguna Tenerife,33,4.9
2026-09-29_2259,02/08/1991,0,8.3,defaultBody.jpg,True,3,Fitipaldo,6.0,20260908T084553+0000,333500.0,183,False,False,290000.0,Bruno Fitipaldo,defaultFace.jpg,,fit,2425LaLagunaTenerifeLogo.png,EUR,38,Montevideo,Italia,7.0,6.3,2425LaLagunaTenerifeLogoneg.png,1,False,B. Fitipaldo,La Laguna Tenerife,35,4.3
2026-09-29_2259,23/12/1992,0,16.9,0000933506_5-6_03.jpg,True,4,Perry,55.0,20260908T084553+0000,518500.0,183,False,False,610000.0,Kendrick Perry,0000933486_5-6_03.jpg,,fit,2324UnicajaLogo.png,EUR,51,Atlanta,Montenegro,7.0,13.7,2324UnicajaLogo.png,1,False,K. Perry,Unicaja,33,10.6
2026-09-29_2259,02/04/1989,0,28.1,0000931557_5-6_03.jpg,True,3,Shermadini,19.0,20260908T084553+0000,697000.0,217,False,False,820000.0,Giorgi Shermadini,0000931541_5-6_03.jpg,,fit,2425LaLagunaTenerifeLogo.png,EUR,32,Mtskheta,Georgia,4.0,23.9,2425LaLagunaTenerifeLogoneg.png,5,False,G. Shermadini,La Laguna Tenerife,37,19.7
2026-09-29_2259,25/08/1997,0,16.6,0000933356_5-6_03.jpg,True,4,Hunt,24.0,20260908T084553+0000,425000.0,191,False,False,500000.0,Cameron Hunt,0000933341_5-6_03.jpg,,fit,2324UnicajaLogo.png,EXT,49,Nebraska,EE.UU.,3.0,14.0,2324UnicajaLogo.png,3,True,C. Hunt,Unicaja,29,11.4
2026-09-29_2259,05/12/1985,0,8.2,defaultBody.jpg,True,3,Doornekamp,42.0,20260908T084553+0000,221000.0,201,False,False,260000.0,Aaron Doornekamp,defaultFace.jpg,,fit,2425LaLagunaTenerifeLogo.png,EUR,34,Napanee,Países Bajos,2.0,6.8,2425LaLagunaTenerifeLogoneg.png,5,False,A. Doornekamp,La Laguna Tenerife,40,5.5
2026-09-29_2259,06/01/2001,0,11.9,defaultBody.jpg,True,3,Bamba,1.0,20260908T084553+0000,280500.0,201,False,False,330000.0,TJ Bamba,defaultFace.jpg,,fit,2425LaLagunaTenerifeLogo.png,COT,26,Massachusetts,Senegal,1.0,10.2,2425LaLagunaTenerifeLogoneg.png,3,False,TJ Bamba,La Laguna Tenerife,25,8.5
2026-09-29_2259,12/09/1992,0,8.0,0000933389_5-6_03.jpg,True,4,Kravish,45.0,20260908T084553+0000,195500.0,208,False,False,230000.0,David Kravish,0000933374_5-6_03.jpg,,fit,2324UnicajaLogo.png,EUR,43,Jolliet (Illinois),Bulgaria,1.0,6.8,2324UnicajaLogo.png,5,False,D. Kravish,Unicaja,34,5.6
2026-09-29_2259,16/01/1997,0,5.6,0000933475_5-6_03.jpg,True,4,Barreiro,7.0,20260908T084553+0000,144500.0,203,True,False,170000.0,Jonathan Barreiro,0000933456_5-6_03.jpg,,fit,2324UnicajaLogo.png,JFL,46,Cerceda (A Coruña),España,1.0,4.8,2324UnicajaLogo.png,3,False,J. Barreiro,Unicaja,29,3.9
2026-09-29_2259,23/04/1994,0,12.7,0000933275_5-6_03.jpg,True,4,Díaz,9.0,20260908T084553+0000,297500.0,190,True,False,350000.0,Alberto Díaz,0000933267_5-6_03.jpg,,injured,2324UnicajaLogo.png,JFL,52,Málaga,España,1.0,10.9,2324UnicajaLogo.png,1,False,A. Díaz,Unicaja,32,9.1
2026-09-29_2259,05/08/1994,0,8.3,defaultBody.jpg,True,3,Hunter,32.0,20260908T084553+0000,360000.0,203,False,False,360000.0,Vince Hunter,defaultFace.jpg,,fit,2425LaLagunaTenerifeLogo.png,EXT,27,Michigan,EE.UU.,0.0,7.2,2425LaLagunaTenerifeLogoneg.png,5,True,V. Hunter,La Laguna Tenerife,32,6.1
2026-09-29_2259,19/01/2000,0,7.0,defaultBody.jpg,True,3,Kurucs,47.0,20260908T084553+0000,153000.0,193,True,False,180000.0,Arturs Kurucs,defaultFace.jpg,,fit,2425LaLagunaTenerifeLogo.png,JFL,31,Cesis,Letonia,0.0,6.1,2425LaLagunaTenerifeLogoneg.png,1,False,A. Kurucs,La Laguna Tenerife,26,5.2
2026-09-29_2259,06/03/2002,0,2.8,defaultBody.jpg,True,3,Alderete,33.0,20260908T084553+0000,120000.0,203,True,False,120000.0,Héctor Alderete,defaultFace.jpg,,fit,2425LaLagunaTenerifeLogo.png,JFL,35,Madrid,España,0.0,2.4,2425LaLagunaTenerifeLogoneg.png,3,False,H. Alderete,La Laguna Tenerife,24,2.0
2026-09-29_2259,15/11/2003,0,3.5,0000933762_5-6_03.jpg,True,4,Nzosa,3.0,20260908T084553+0000,150000.0,208,True,False,150000.0,Yannick Nzosa,0000933745_5-6_03.jpg,,injured,2324UnicajaLogo.png,JFL,41,Kinshasa,Rep. Democrática del Congo,0.0,3.0,2324UnicajaLogo.png,5,False,Y. Nzosa,Unicaja,22,2.5
2026-09-29_2259,29/01/1996,0,10.4,0000933682_5-6_03.jpg,True,4,Tyson,0.0,20260908T084553+0000,450000.0,202,True,False,450000.0,Tyson Pérez,0000933674_5-6_03.jpg,,injured,2324UnicajaLogo.png,JFL,44,Santo Domingo,España,0.0,9.0,2324UnicajaLogo.png,5,False,T. Pérez,Unicaja,30,7.6
2026-09-29_2259,19/12/1992,0,4.6,0000933657_5-6_03.jpg,True,4,Kalinoski,4.0,20260908T084553+0000,200000.0,193,False,False,200000.0,Tyler Kalinoski,0000933640_5-6_03.jpg,,injured,2324UnicajaLogo.png,EUR,47,Cincinatti (Ohio),EE.UU.,0.0,4.0,2324UnicajaLogo.png,3,False,T. Kalinoski,Unicaja,33,3.4
2026-09-29_2259,12/01/1990,0,9.4,0000933582_5-6_03.jpg,True,4,Djedovic,14.0,20260908T084553+0000,204000.0,197,True,False,240000.0,Nihad Djedovic,0000933565_5-6_03.jpg,,fit,2324UnicajaLogo.png,JFL,48,Visegrad,Alemania,0.0,8.2,2324UnicajaLogo.png,3,False,N. Djedovic,Unicaja,36,6.9
2026-09-29_2259,05/11/2000,0,-4.1,0000934147_5-6_03.jpg,True,17,Brankovic,22.0,20260908T084602+0000,667000.0,217,False,False,580000.0,Danko Brankovic,0000934138_5-6_03.jpg,,fit,breogan_00.png,EUR,213,Zagreb,Croacia,34.8,-8.1,breogan_00.png,5,False,D. Brankovic,Río Breogán,25,-12.1
2026-09-29_2259,27/09/1999,0,-5.1,0000934348_5-6_03.jpg,True,17,Bolton,45.0,20260908T084602+0000,437000.0,190,False,False,380000.0,Rasir Bolton,0000934339_5-6_03.jpg,,fit,breogan_00.png,EXT,210,Virginia,EE.UU.,25.2,-7.7,breogan_00.png,1,True,R. Bolton,Río Breogán,26,-10.3
2026-09-29_2259,25/05/1996,0,7.1,0000934248_5-6_03.jpg,True,17,Alonso,10.0,20260908T084602+0000,701500.0,191,True,False,610000.0,Francis Alonso,0000934239_5-6_03.jpg,,fit,breogan_00.png,JFL,218,Málaga,España,25.2,2.9,breogan_00.png,3,False,F. Alonso,Río Breogán,30,-1.3
2026-09-29_2259,29/09/2000,0,7.9,0000926290_5-6_03.jpg,True,10,Ongenda,14.0,20260908T084557+0000,540500.0,211,False,False,470000.0,Nick Ongenda,0000926273_5-6_03.jpg,,fit,202526KidsUsManresa.png,COT,121,Ciudad del Cabo,Sudáfrica,17.0,4.6,202627KidsUsManresaLogoNegativo.png,5,False,N. Ongenda,Kids&Us Manresa,25,1.4
2026-09-29_2259,23/08/2000,0,4.0,defaultBody.jpg,True,17,Garcia,,20260908T084602+0000,425500.0,201,False,False,370000.0,Andersson Garcia,defaultFace.jpg,,fit,breogan_00.png,COT,208,,República Dominicana,15.6,1.4,breogan_00.png,5,False,A. Garcia,Río Breogán,26,-1.1
2026-09-29_2259,23/09/1998,0,11.9,0000934381_5-6_03.jpg,True,17,Brown,5.0,20260908T084602+0000,598000.0,195,False,False,520000.0,Tevin Brown,0000934369_5-6_03.jpg,,fit,breogan_00.png,EXT,209,Alabama,EE.UU.,15.6,8.3,breogan_00.png,3,True,T. Brown,Río Breogán,28,4.7
2026-09-29_2259,15/06/1994,0,8.7,0000934168_5-6_03.jpg,True,17,Mavra,19.0,20260908T084602+0000,529000.0,195,False,False,460000.0,Dominik Mavra,0000934159_5-6_03.jpg,,fit,breogan_00.png,EUR,220,Zadar,Croacia,15.6,5.6,breogan_00.png,1,False,D. Mavra,Río Breogán,32,2.4
2026-09-29_2259,28/07/1999,0,1.9,0000926254_5-6_03.jpg,True,10,Kolenda,1.0,20260908T084557+0000,368000.0,195,False,False,320000.0,Lukasz Kolenda,0000926241_5-6_03.jpg,,fit,202526KidsUsManresa.png,EUR,124,Polski,Polonia,15.0,-0.3,202627KidsUsManresaLogoNegativo.png,3,False,L. Kolenda,Kids&Us Manresa,27,-2.5
2026-09-29_2259,17/09/1996,0,8.0,0000934111_5-6_03.jpg,True,17,Ilić,2.0,20260908T084602+0000,460000.0,204,False,False,400000.0,Aleksa  Ilić,0000934101_5-6_03.jpg,,fit,breogan_00.png,EUR,212,Niksic,Serbia,13.2,5.2,breogan_00.png,5,False,A. Ilić,Río Breogán,30,2.4
2026-09-29_2259,09/08/2004,0,1.8,0000926382_5-6_03.jpg,True,10,Villar,44.0,20260908T084558+0000,322000.0,191,True,False,280000.0,Rafael Villar,0000926366_5-6_03.jpg,,fit,202526KidsUsManresa.png,JFL,127,Barcelona,España,13.0,-0.1,202627KidsUsManresaLogoNegativo.png,1,False,R. Villar,Kids&Us Manresa,22,-2.1
2026-09-29_2259,17/10/1998,0,13.0,0000926432_5-6_03.jpg,True,10,Minchev,91.0,20260908T084557+0000,500000.0,205,False,False,450000.0,Yordan Minchev,0000926419_5-6_03.jpg,,fit,202526KidsUsManresa.png,EUR,123,Silven,Bulgaria,10.0,10.0,202627KidsUsManresaLogoNegativo.png,5,False,Y. Minchev,Kids&Us Manresa,27,7.0
2026-09-29_2259,29/04/1992,0,10.1,0000926153_5-6_03.jpg,True,10,Bassas,6.0,20260908T084558+0000,437000.0,181,True,False,380000.0,Ferran Bassas,0000926143_5-6_03.jpg,,fit,202526KidsUsManresa.png,JFL,130,Barcelona,España,10.0,7.5,202627KidsUsManresaLogoNegativo.png,1,False,F. Bassas,Kids&Us Manresa,34,4.9
2026-09-29_2259,27/10/1998,0,14.7,0000926206_5-6_03.jpg,True,10,Notae,13.0,20260908T084556+0000,493000.0,188,False,False,580000.0,JD Notae,0000926191_5-6_03.jpg,,fit,202526KidsUsManresa.png,EXT,118,Georgia,EE.UU.,8.0,11.7,202627KidsUsManresaLogoNegativo.png,1,True,JD Notae,Kids&Us Manresa,27,8.8
2026-09-29_2259,04/09/2003,0,2.6,0000926327_5-6_03.jpg,True,10,Tamba,8.0,20260908T084557+0000,230000.0,198,True,False,200000.0,Pablo Tamba,0000926315_5-6_03.jpg,,fit,202526KidsUsManresa.png,JFL,125,Puente-Genil,España,8.0,1.2,202627KidsUsManresaLogoNegativo.png,3,False,P. Tamba,Kids&Us Manresa,23,-0.2
2026-09-29_2259,04/01/1994,0,7.8,0000934327_5-6_03.jpg,True,17,Andric,37.0,20260908T084602+0000,300000.0,201,False,False,330000.0,Mihajlo Andric,0000934318_5-6_03.jpg,,fit,breogan_00.png,EUR,214,Kragujevac,Serbia,6.0,6.0,breogan_00.png,5,False,M. Andric,Río Breogán,32,4.2
2026-09-29_2259,24/01/1998,0,7.8,0000934128_5-6_03.jpg,True,17,Aranitovic,17.0,20260908T084602+0000,300000.0,195,False,False,300000.0,Aleksandar Aranitovic,0000934120_5-6_03.jpg,,fit,breogan_00.png,EUR,216,Belgrado,Croacia,6.0,6.0,breogan_00.png,3,False,A. Aranitovic,Río Breogán,28,4.2
2026-09-29_2259,15/05/1998,0,4.0,0000926134_5-6_03.jpg,True,10,Vila,4.0,20260908T084558+0000,153000.0,209,True,False,180000.0,Eric Vila,0000926120_5-6_03.jpg,,fit,202526KidsUsManresa.png,JFL,126,Girona,España,3.0,3.1,202627KidsUsManresaLogoNegativo.png,5,False,E. Vila,Kids&Us Manresa,28,2.2
2026-09-29_2259,17/08/1991,0,3.9,0000934232_5-6_03.jpg,True,17,Quintela,23.0,20260908T084602+0000,110500.0,186,True,False,130000.0,Erik Quintela,0000934220_5-6_03.jpg,,fit,breogan_00.png,JFL,219,Lugo,España,1.2,3.2,breogan_00.png,1,False,E. Quintela,Río Breogán,35,2.6
2026-09-29_2259,28/11/2001,0,9.6,0000926103_5-6_03.jpg,True,10,Agbo,11.0,20260908T084556+0000,229500.0,200,False,False,270000.0,Chibuzo Agbo,0000926084_5-6_03.jpg,,fit,202526KidsUsManresa.png,COT,120,California,Nigeria,1.0,8.2,202627KidsUsManresaLogoNegativo.png,3,False,C. Agbo,Kids&Us Manresa,24,6.8
2026-09-29_2259,24/05/2002,0,7.6,0000926236_5-6_03.jpg,True,10,Beaufort,5.0,20260908T084557+0000,187000.0,194,False,False,220000.0,Lucas Beaufort,0000926222_5-6_03.jpg,,fit,202526KidsUsManresa.png,EUR,122,Strasbourg,Francia,1.0,6.5,202627KidsUsManresaLogoNegativo.png,1,False,L. Beaufort,Kids&Us Manresa,24,5.4
2026-09-29_2259,09/01/2000,0,7.1,0000926409_5-6_03.jpg,True,10,Allen,0.0,20260908T084556+0000,310000.0,198,False,False,310000.0,Timmy Allen,0000926394_5-6_03.jpg,,doubtful,202526KidsUsManresa.png,EXT,119,Arizona,EE.UU.,0.0,6.2,202627KidsUsManresaLogoNegativo.png,5,True,T. Allen,Kids&Us Manresa,26,5.3
2026-09-29_2259,25/09/1992,0,12.2,0000926357_5-6_03.jpg,True,10,Oriola,29.0,20260908T084558+0000,530000.0,208,True,False,530000.0,Pierre Oriola,defaultFace.jpg,,doubtful,202526KidsUsManresa.png,JFL,129,Tárrega,España,0.0,10.6,202627KidsUsManresaLogoNegativo.png,5,False,P. Oriola,Kids&Us Manresa,33,9.0
2026-09-29_2259,24/04/1996,0,5.8,0000934271_5-6_03.jpg,True,17,Kasibabu,88.0,20260908T084602+0000,250000.0,204,True,False,250000.0,Jonathan Kasibabu,0000934262_5-6_03.jpg,,fit,breogan_00.png,JFL,211,Kasangani,España,0.0,5.0,breogan_00.png,5,False,J. Kasibabu,Río Breogán,30,4.2
2026-09-29_2259,24/08/1994,0,4.4,0000934193_5-6_03.jpg,True,17,Vicedo,0.0,20260908T084602+0000,190000.0,204,True,False,190000.0,Edgar Vicedo,0000934183_5-6_03.jpg,,fit,breogan_00.png,JFL,215,Madrid,España,0.0,3.8,breogan_00.png,5,False,E. Vicedo,Río Breogán,32,3.2
2026-09-29_2259,20/01/2001,0,16.6,0000926190_5-6_03.jpg,True,10,Benitez,2.0,20260908T084558+0000,340000.0,192,False,False,400000.0,Hugo Benitez,0000926169_5-6_03.jpg,,injured,202526KidsUsManresa.png,EUR,128,Perpignan,Francia,-1.0,14.6,202627KidsUsManresaLogoNegativo.png,1,False,H. Benitez,Kids&Us Manresa,25,12.6
2026-09-29_2259,06/08/2000,0,13.2,0000934290_5-6_03.jpg,True,17,Peris,9.0,20260908T084602+0000,221000.0,192,True,False,260000.0,Josep Peris,0000934282_5-6_03.jpg,,fit,breogan_00.png,JFL,217,,España,-3.0,11.8,breogan_00.png,3,False,J. Peris,Río Breogán,26,10.5
2026-09-29_2259,13/04/1993,0,-6.2,0000932035_5-6_03.jpg,True,6,Hilliard,11.0,20260908T084554+0000,517500.0,198,False,False,450000.0,Darrun Hilliard,0000932024_5-6_03.jpg,,fit,logo_surnebb_pos.png,EXT,70,Bethlehem (Pennsylvania),EE.UU.,30.0,-9.3,logo_surnebb_neg.png,3,True,D. Hilliard,Surne Bilbao,33,-12.4
2026-09-29_2259,28/10/1997,0,5.6,0000932257_5-6_03.jpg,True,6,Hlinason,32.0,20260908T084554+0000,747500.0,215,False,False,650000.0,Tryggvi Hlinason,0000932250_5-6_03.jpg,,fit,logo_surnebb_pos.png,EUR,76,Akureyri,Islandia,28.8,1.1,logo_surnebb_neg.png,5,False,T. Hlinason,Surne Bilbao,28,-3.4
2026-09-29_2259,27/05/1997,0,-1.6,0000932061_5-6_03.jpg,True,6,Frey,3.0,20260908T084554+0000,460000.0,188,False,False,400000.0,Harald Frey,0000932052_5-6_03.jpg,,fit,logo_surnebb_pos.png,EUR,74,Oslo,Noruega,22.8,-4.4,logo_surnebb_neg.png,1,False,H. Frey,Surne Bilbao,29,-7.2
2026-09-29_2259,22/08/2000,0,8.6,0000925910_5-6_03.jpg,True,2,Conditt,24.0,20260908T084551+0000,621000.0,211,False,False,540000.0,George Conditt IV,0000925902_5-6_03.jpg,,fit,202627LeymaCorunaLogoPositivoOK.png,EXT,21,Chicago,EE.UU.,20.0,4.8,202627LeymaCorunaLogoNegativoOK.png,5,True,G. Conditt,Leyma Coruña,26,1.1
2026-09-29_2259,17/10/1998,0,12.7,0000925794_5-6_03.jpg,True,2,Verge,1.0,20260908T084550+0000,667000.0,191,False,False,580000.0,Alonzo Verge Jr,0000925785_5-6_03.jpg,,fit,202627LeymaCorunaLogoPositivoOK.png,EXT,18,Illinois,EE.UU.,18.0,8.7,202627LeymaCorunaLogoNegativoOK.png,1,True,A. Verge,Leyma Coruña,27,4.7
2026-09-29_2259,27/10/1996,0,-2.7,0000932167_5-6_03.jpg,True,6,Normantas,2.0,20260908T084554+0000,333500.0,194,False,False,290000.0,Margiris Normantas,0000932148_5-6_03.jpg,,fit,logo_surnebb_pos.png,EUR,80,Vilna,Lituania,18.0,-4.7,logo_surnebb_neg.png,3,False,M. Normantas,Surne Bilbao,29,-6.7
2026-09-29_2259,22/02/1999,0,1.5,0000925815_5-6_03.jpg,True,2,Pacheco,9.0,20260908T084549+0000,402500.0,190,False,False,350000.0,Caio Pacheco,0000925808_5-6_03.jpg,,fit,202627LeymaCorunaLogoPositivoOK.png,EUR,15,Rio Claro,Brasil,17.0,-0.9,202627LeymaCorunaLogoNegativoOK.png,1,False,C. Pacheco,Leyma Coruña,27,-3.3
2026-09-29_2259,15/11/1998,0,2.9,0000931990_5-6_03.jpg,True,6,Vautier,34.0,20260908T084554+0000,402500.0,210,False,False,350000.0,Bastien  Vautier,0000931968_5-6_03.jpg,,fit,logo_surnebb_pos.png,EUR,69,Noisy-Le-Sec,Francia,15.6,0.5,logo_surnebb_neg.png,5,False,B. Vautier,Surne Bilbao,27,-1.9
2026-09-29_2259,20/06/2000,0,-3.4,0000925848_5-6_03.jpg,True,2,Cuevas,0.0,20260908T084551+0000,230000.0,178,True,False,200000.0,Dídac Cuevas,0000925837_5-6_03.jpg,,fit,202627LeymaCorunaLogoPositivoOK.png,JFL,19,Barcelona,España,14.0,-4.8,202627LeymaCorunaLogoNegativoOK.png,1,False,D. Cuevas,Leyma Coruña,26,-6.2
2026-09-29_2259,10/03/1995,0,4.8,0000932182_5-6_03.jpg,True,6,Krampelj,10.0,20260908T084554+0000,391000.0,206,False,False,340000.0,Martin Krampelj,0000932172_5-6_03.jpg,,fit,logo_surnebb_pos.png,EUR,77,Ljubljana,Eslovenia,13.2,2.4,logo_surnebb_neg.png,5,False,M. Krampelj,Surne Bilbao,31,0.1
2026-09-29_2259,12/05/1998,0,8.6,0000925876_5-6_03.jpg,True,2,Skapintsev,44.0,20260908T084549+0000,448500.0,216,False,False,390000.0,Dmytro Skapintsev,0000925869_5-6_03.jpg,,fit,202627LeymaCorunaLogoPositivoOK.png,EUR,14,Cherkassy,Ucrania,12.0,5.9,202627LeymaCorunaLogoNegativoOK.png,5,False,D. Skapintsev,Leyma Coruña,28,3.2
2026-09-29_2259,15/07/1997,0,1.1,0000925927_5-6_03.jpg,True,2,Jou,5.0,20260908T084552+0000,218500.0,195,True,False,190000.0,Guillem Jou,0000925920_5-6_03.jpg,,fit,202627LeymaCorunaLogoPositivoOK.png,JFL,24,Llagostera,España,9.0,-0.3,202627LeymaCorunaLogoNegativoOK.png,3,False,G. Jou,Leyma Coruña,29,-1.6
2026-09-29_2259,21/07/1996,0,8.9,0000926005_5-6_03.jpg,True,2,Jorgensen,4.0,20260908T084550+0000,368000.0,188,False,False,320000.0,Paul Jorgensen,0000925999_5-6_03.jpg,,fit,202627LeymaCorunaLogoPositivoOK.png,EUR,16,,Italia,8.0,6.7,202627LeymaCorunaLogoNegativoOK.png,3,False,P. Jorgensen,Leyma Coruña,30,4.5
2026-09-29_2259,30/06/2000,0,7.6,0000931939_5-6_03.jpg,True,6,Somogyi,30.0,20260908T084554+0000,322000.0,193,True,False,280000.0,Adam Somogyi,0000931917_5-6_03.jpg,,fit,logo_surnebb_pos.png,JFL,71,Budapest,Hungría,7.2,5.7,logo_surnebb_neg.png,1,False,A. Somogyi,Surne Bilbao,26,3.7
2026-09-29_2259,17/08/1995,0,6.0,0000932111_5-6_03.jpg,True,6,Petrasek,18.0,20260908T084554+0000,287500.0,208,False,False,250000.0,Luke Petrasek,0000932105_5-6_03.jpg,,fit,logo_surnebb_pos.png,EUR,78,Northport (Nueva York),Polonia,7.2,4.3,logo_surnebb_neg.png,5,False,L. Petrasek,Surne Bilbao,31,2.6
2026-09-29_2259,11/03/1998,0,3.7,0000931952_5-6_03.jpg,True,6,Font,22.0,20260908T084554+0000,184000.0,194,True,False,160000.0,Aleix Font,0000931946_5-6_03.jpg,,fit,logo_surnebb_pos.png,JFL,79,Barcelona,España,4.8,2.6,logo_surnebb_neg.png,3,False,A. Font,Surne Bilbao,28,1.5
2026-09-29_2259,06/08/1999,0,10.1,0000925977_5-6_03.jpg,True,2,Uleckas,10.0,20260908T084550+0000,306000.0,199,False,False,360000.0,Lukas Uleckas,0000925968_5-6_03.jpg,,fit,202627LeymaCorunaLogoPositivoOK.png,EUR,17,,Lituania,4.0,8.2,202627LeymaCorunaLogoNegativoOK.png,3,False,L. Uleckas,Leyma Coruña,27,6.4
2026-09-29_2259,08/01/1999,0,10.1,0000925862_5-6_03.jpg,True,2,Radoncic,8.0,20260908T084551+0000,306000.0,202,True,False,360000.0,Dino Radoncic,0000925851_5-6_03.jpg,,fit,202627LeymaCorunaLogoPositivoOK.png,JFL,22,Giessen,Montenegro,4.0,8.2,202627LeymaCorunaLogoNegativoOK.png,5,False,D. Radoncic,Leyma Coruña,27,6.4
2026-09-29_2259,23/07/1996,0,5.2,0000925948_5-6_03.jpg,True,2,Diaz,50.0,20260908T084552+0000,178500.0,206,True,False,210000.0,Jacobo Diaz,0000925939_5-6_03.jpg,,fit,202627LeymaCorunaLogoPositivoOK.png,JFL,23,Madrid,España,3.0,4.1,202627LeymaCorunaLogoNegativoOK.png,3,False,J. Diaz,Leyma Coruña,30,3.1
2026-09-29_2259,30/08/1998,0,15.2,0000932217_5-6_03.jpg,True,6,Darling,8.0,20260908T084554+0000,357000.0,198,False,False,420000.0,Nate Darling,0000932198_5-6_03.jpg,,fit,logo_surnebb_pos.png,EXT,68,Saint John Can,Canadá,1.2,13.1,logo_surnebb_neg.png,3,True,N. Darling,Surne Bilbao,28,10.9
2026-09-29_2259,02/01/1994,0,9.4,0000926028_5-6_03.jpg,True,2,Dimsa,33.0,20260908T084552+0000,410000.0,196,False,False,410000.0,Tomas Dimsa,0000926021_5-6_03.jpg,,fit,202627LeymaCorunaLogoPositivoOK.png,EUR,25,Kaunas,Lituania,0.0,8.2,202627LeymaCorunaLogoNegativoOK.png,3,False,T. Dimsa,Leyma Coruña,32,7.0
2026-09-29_2259,02/07/2002,0,4.1,0000932011_5-6_03.jpg,True,6,Duscak,7.0,20260908T084554+0000,180000.0,185,True,False,180000.0,Dan Duscak,0000932003_5-6_03.jpg,,fit,logo_surnebb_pos.png,JFL,72,Menges,Eslovenia,0.0,3.6,logo_surnebb_neg.png,1,False,D. Duscak,Surne Bilbao,24,3.1
2026-09-29_2259,04/01/2003,0,3.9,0000932235_5-6_03.jpg,True,6,Hustak,17.0,20260908T084554+0000,170000.0,212,True,False,170000.0,Ondrej Hustak,0000932229_5-6_03.jpg,,injured,logo_surnebb_pos.png,JFL,75,Kralove,Chequia,0.0,3.4,logo_surnebb_neg.png,5,False,O. Hustak,Surne Bilbao,23,2.9
2026-09-29_2259,11/04/2002,0,5.7,0000932134_5-6_03.jpg,True,6,Ansorregi,9.0,20260908T084554+0000,102000.0,200,True,False,120000.0,Manex Ansorregi,0000932123_5-6_03.jpg,,fit,logo_surnebb_pos.png,JFL,73,Donostia,España,-1.0,5.1,logo_surnebb_neg.png,3,False,M. Ansorregi,Surne Bilbao,24,4.5
2026-09-29_2259,22/07/1997,0,14.9,0000925962_5-6_03.jpg,True,2,Silins,25.0,20260908T084551+0000,280500.0,211,False,False,330000.0,Karlis Silins,0000925954_5-6_03.jpg,,fit,202627LeymaCorunaLogoPositivoOK.png,EUR,20,Riga,Letonia,-2.0,13.2,202627LeymaCorunaLogoNegativoOK.png,5,False,K. Silins,Leyma Coruña,29,11.5
2026-09-29_2259,08/04/1997,0,-1.1,0000928631_5-6_03.jpg,True,16,Batemon,1.0,20260908T084601+0000,759000.0,185,False,False,660000.0,James Batemon,0000928621_5-6_03.jpg,,fit,202526IlernaLleidaLogoPositivo.png,EXT,205,Wisconsin,EE.UU.,36.0,-5.6,202526IlernaLleidaLogoNegativo.png,3,True,J. Batemon,iLERNA Lleida,29,-10.2
2026-09-29_2259,02/06/1999,0,-13.5,0000928585_5-6_03.jpg,True,16,McGhee,0.0,20260914T143054+0000,437000.0,174,False,False,380000.0,Darius McGhee,0000928573_5-6_03.jpg,,fit,202526IlernaLleidaLogoPositivo.png,EUR,237,,Armenia,33.6,-16.1,202526IlernaLleidaLogoNegativo.png,1,False,D. McGhee,iLERNA Lleida,27,-18.7
2026-09-29_2259,20/05/1994,0,8.0,0000928755_5-6_03.jpg,True,16,Paulí,5.0,20260908T084601+0000,644000.0,201,True,False,560000.0,Oriol Paulí,0000928746_5-6_03.jpg,,fit,202526IlernaLleidaLogoPositivo.png,JFL,202,Girona,España,21.6,4.2,202526IlernaLleidaLogoNegativo.png,3,False,O. Paulí,iLERNA Lleida,32,0.3
2026-09-29_2259,26/01/2001,0,-8.4,0000939105_5-6_03.jpg,True,12,Samar,5.0,20260908T084559+0000,230000.0,197,True,False,200000.0,Ziga Samar,0000939087_5-6_03.jpg,,fit,2526SanPabloLogo.png,JFL,153,Jesenice,Eslovenia,19.0,-9.8,2526SanPabloLogo.png,1,False,Z. Samar,Recoletas Salud San Pablo Burgos,25,-11.2
2026-09-29_2259,30/08/2004,0,4.2,0000928804_5-6_03.jpg,True,16,Perrin,25.0,20260908T084601+0000,483000.0,208,False,False,420000.0,Zacharie Perrin,0000928792_5-6_03.jpg,,fit,202526IlernaLleidaLogoPositivo.png,EUR,197,Besançon,Francia,18.0,1.3,202526IlernaLleidaLogoNegativo.png,5,False,Z. Perrin,iLERNA Lleida,22,-1.6
2026-09-29_2259,28/02/1995,0,12.0,0000938810_5-6_03.jpg,True,12,Sengfelder,43.0,20260908T084559+0000,609500.0,203,False,False,530000.0,Christian  Sengfelder,0000938790_5-6_03.jpg,,fit,2526SanPabloLogo.png,EUR,143,Leverkusen,Alemania,16.0,8.4,2526SanPabloLogo.png,5,False,C. Sengfelder,Recoletas Salud San Pablo Burgos,31,4.7
2026-09-29_2259,07/04/1993,0,2.9,0000938829_5-6_03.jpg,True,12,Díez,11.0,20260908T084559+0000,368000.0,201,True,False,320000.0,Dani Díez,0000938815_5-6_03.jpg,,fit,2526SanPabloLogo.png,JFL,149,Madrid,España,14.0,0.7,2526SanPabloLogo.png,5,False,D. Díez,Recoletas Salud San Pablo Burgos,33,-1.5
2026-09-29_2259,01/05/2000,0,12.3,0000938757_5-6_03.jpg,True,12,Koprivica,7.0,20260908T084559+0000,506000.0,216,False,False,440000.0,Balsa  Koprivica,0000938742_5-6_03.jpg,,fit,2526SanPabloLogo.png,EUR,145,Belgrado,Serbia,11.0,9.2,2526SanPabloLogo.png,5,False,B. Koprivica,Recoletas Salud San Pablo Burgos,26,6.2
2026-09-29_2259,29/11/2000,0,4.9,0000938971_5-6_03.jpg,True,12,Lobaco,55.0,20260908T084559+0000,345000.0,190,True,False,300000.0,Raúl Lobaco,0000938957_5-6_03.jpg,,fit,2526SanPabloLogo.png,JFL,147,Zaragoza,España,11.0,2.8,2526SanPabloLogo.png,3,False,R. Lobaco,Recoletas Salud San Pablo Burgos,25,0.7
2026-09-29_2259,12/08/1998,0,14.0,0000928683_5-6_03.jpg,True,16,Kuath,23.0,20260908T084601+0000,540000.0,208,False,False,500000.0,Kur Kuath,0000928671_5-6_03.jpg,,fit,202526IlernaLleidaLogoPositivo.png,EXT,198,Jartum,EE.UU.,10.8,10.8,202526IlernaLleidaLogoNegativo.png,5,True,K. Kuath,iLERNA Lleida,28,7.6
2026-09-29_2259,30/04/1990,0,5.1,0000928649_5-6_03.jpg,True,16,Shurna,22.0,20260908T084601+0000,345000.0,204,False,False,300000.0,John Shurna,0000928640_5-6_03.jpg,,fit,202526IlernaLleidaLogoPositivo.png,EUR,201,Glen Ellyn (Illinois),Lituania,10.8,3.0,202526IlernaLleidaLogoNegativo.png,5,False,J. Shurna,iLERNA Lleida,36,0.9
2026-09-29_2259,30/01/1998,0,6.4,0000928564_5-6_03.jpg,True,16,García,6.0,20260908T084601+0000,322000.0,185,True,False,280000.0,Dani García,0000928556_5-6_03.jpg,,fit,202526IlernaLleidaLogoPositivo.png,JFL,206,Mataró,España,8.4,4.5,202526IlernaLleidaLogoNegativo.png,1,False,D. García,iLERNA Lleida,28,2.5
2026-09-29_2259,04/03/1991,0,13.9,0000928723_5-6_03.jpg,True,16,Ejim,3.0,20260908T084601+0000,459000.0,201,False,False,540000.0,Melvin Ejim,0000928712_5-6_03.jpg,,fit,202526IlernaLleidaLogoPositivo.png,COT,200,Toronto,Nigeria,7.2,11.2,202526IlernaLleidaLogoNegativo.png,5,False,M. Ejim,iLERNA Lleida,35,8.4
2026-09-29_2259,29/06/1999,0,4.6,0000938779_5-6_03.jpg,True,12,Audige,1.0,20260908T084559+0000,253000.0,193,False,False,220000.0,Chase Audige,0000938764_5-6_03.jpg,,fit,2526SanPabloLogo.png,COT,151,Pensilvania,Jamaica,7.0,3.1,2526SanPabloLogo.png,3,False,C. Audige,Recoletas Salud San Pablo Burgos,27,1.6
2026-09-29_2259,02/10/2001,0,17.5,0000938858_5-6_03.jpg,True,12,Steward,4.0,20260908T084559+0000,510000.0,188,False,False,600000.0,DJ Steward,0000938842_5-6_03.jpg,,fit,2526SanPabloLogo.png,EXT,142,Illinois,EE.UU.,6.0,14.4,2526SanPabloLogo.png,1,True,DJ Steward,Recoletas Salud San Pablo Burgos,24,11.3
2026-09-29_2259,15/02/1997,0,7.8,defaultBody.jpg,True,16,Hughes,8.0,20260908T084601+0000,300000.0,199,False,False,350000.0,Mark Hughes,defaultFace.jpg,,fit,202526IlernaLleidaLogoPositivo.png,EXT,204,Youngstown (Ohio),EE.UU.,6.0,6.0,202526IlernaLleidaLogoNegativo.png,3,True,M. Hughes,iLERNA Lleida,29,4.2
2026-09-29_2259,22/10/1995,0,4.5,0000939026_5-6_03.jpg,True,12,Guerrero,12.0,20260908T084559+0000,207000.0,213,True,False,180000.0,Rubén Guerrero,0000939011_5-6_03.jpg,,fit,2526SanPabloLogo.png,JFL,148,Marbella,España,5.0,3.3,2526SanPabloLogo.png,5,False,R. Guerrero,Recoletas Salud San Pablo Burgos,30,2.0
2026-09-29_2259,01/02/1999,0,5.8,0000928738_5-6_03.jpg,True,16,Sanz,14.0,20260908T084601+0000,230000.0,199,True,False,200000.0,Mikel Sanz,0000928730_5-6_03.jpg,,fit,202526IlernaLleidaLogoPositivo.png,JFL,203,San Sebastián,España,4.8,4.4,202526IlernaLleidaLogoNegativo.png,3,False,M. Sanz,iLERNA Lleida,27,3.0
2026-09-29_2259,23/12/2000,0,17.6,0000939052_5-6_03.jpg,True,12,Doumbouya,45.0,20260920T003200+0000,425000.0,206,False,False,500000.0,Sekou Doumbouya,0000939035_5-6_03.jpg,https://acb.com/es/liga/jugadores/sekou-doumbouya-30003411/partidos,fit,2526SanPabloLogo.png,EUR,243,Conakri,Francia,2.0,15.0,2526SanPabloLogo.png,3,False,S. Doumbouya,Recoletas Salud San Pablo Burgos,25,12.4
2026-09-29_2259,03/11/2001,0,12.9,0000938887_5-6_03.jpg,True,12,Radosav.,15.0,20260908T084559+0000,280500.0,201,False,False,330000.0,Dusan  Radosavljevic,0000938869_5-6_03.jpg,,fit,2526SanPabloLogo.png,EUR,144,Belgrado,Serbia,0.0,11.2,2526SanPabloLogo.png,3,False,D.Radosavljevic,Recoletas Salud San Pablo Burgos,24,9.5
2026-09-29_2259,10/04/1997,0,11.0,0000939081_5-6_03.jpg,True,12,Cancar,31.0,20260908T084559+0000,480000.0,201,False,False,480000.0,Vlatko Cancar,0000939064_5-6_03.jpg,,injured,2526SanPabloLogo.png,EUR,146,Koper,Eslovenia,0.0,9.6,2526SanPabloLogo.png,3,False,V. Cancar,Recoletas Salud San Pablo Burgos,29,8.2
2026-09-29_2259,15/01/1989,0,5.9,0000938942_5-6_03.jpg,True,12,Almazán,8.0,20260908T084559+0000,127500.0,200,True,False,150000.0,Pablo Almazán,0000938924_5-6_03.jpg,,fit,2526SanPabloLogo.png,JFL,150,Granada,España,0.0,5.1,2526SanPabloLogo.png,3,False,P. Almazán,Recoletas Salud San Pablo Burgos,37,4.3
2026-09-29_2259,06/07/1993,0,9.9,0000939001_5-6_03.jpg,True,12,Obasohan,32.0,20260908T084559+0000,430000.0,191,False,False,430000.0,Retin Obasohan,0000938983_5-6_03.jpg,,injured,2526SanPabloLogo.png,EUR,152,Borgerhout,Bélgica,0.0,8.6,2526SanPabloLogo.png,1,False,R. Obasohan,Recoletas Salud San Pablo Burgos,33,7.3
2026-09-29_2259,31/12/1998,0,6.2,0000928526_5-6_03.jpg,True,16,Diagne,12.0,20260908T084601+0000,270000.0,215,True,False,270000.0,Atoumane Diagne,0000928514_5-6_03.jpg,,injured,202526IlernaLleidaLogoPositivo.png,JFL,199,Dakar,Senegal,0.0,5.4,202526IlernaLleidaLogoNegativo.png,5,False,A. Diagne,iLERNA Lleida,27,4.6
2026-09-29_2259,28/04/2003,0,6.6,0000928475_5-6_03.jpg,True,16,Rodriguez,13.0,20260908T084601+0000,144500.0,194,True,False,170000.0,Adria Rodriguez,0000928465_5-6_03.jpg,,fit,202526IlernaLleidaLogoPositivo.png,JFL,207,Sant Just Desvern,España,0.0,5.8,202526IlernaLleidaLogoNegativo.png,1,False,A. Rodriguez,iLERNA Lleida,23,4.9
2026-09-29_2259,12/06/2001,0,3.6,0000935664_5-6_03.jpg,True,5,Maledon,12.0,20260908T084554+0000,678500.0,195,False,False,590000.0,Theo Maledon,0000935632_5-6_03.jpg,,fit,2324RealMadrid_Logoweb.png,EUR,65,Rouen,Francia,27.6,-0.5,RealMadridLogo202223.png,1,False,T. Maledon,Real Madrid,25,-4.5
2026-09-29_2259,31/08/1997,0,9.9,0000929295_5-6_03.jpg,True,1,Childress,0.0,20260908T084548+0000,736000.0,183,False,False,640000.0,Brandon Childress,0000929280_5-6_03.jpg,,fit,202627MonbusObradoiroLogoPositivoOK.png,EXT,4,Michigan,EE.UU.,24.0,5.4,202627MonbusObradoiroLogoNegativo.png,1,True,B. Childress,Monbus Obradoiro,29,1.0
2026-09-29_2259,30/04/1998,0,2.2,0000929378_5-6_03.jpg,True,1,Dos Anjos,7.0,20260908T084548+0000,517500.0,218,True,False,450000.0,Felipe Dos Anjos,0000929365_5-6_03.jpg,,fit,202627MonbusObradoiroLogoPositivoOK.png,JFL,6,Osasco (Sao Paulo),España,21.6,-0.9,202627MonbusObradoiroLogoNegativo.png,5,False,F. Dos Anjos,Monbus Obradoiro,28,-4.0
2026-09-29_2259,30/01/2000,0,-3.1,0000929399_5-6_03.jpg,True,1,Soriano,12.0,20260908T084548+0000,402500.0,208,False,False,350000.0,Joel Soriano,0000929391_5-6_03.jpg,,fit,202627MonbusObradoiroLogoPositivoOK.png,COT,7,Nueva York,República Dominicana,21.6,-5.5,202627MonbusObradoiroLogoNegativo.png,5,False,J. Soriano,Monbus Obradoiro,26,-7.9
2026-09-29_2259,23/03/1991,0,6.3,0000935394_5-6_03.jpg,True,5,Campazzo,7.0,20260908T084554+0000,529000.0,181,False,False,460000.0,Facu Campazzo,0000935384_5-6_03.jpg,,fit,2324RealMadrid_Logoweb.png,EUR,67,Córdoba,España,18.0,3.2,RealMadridLogo202223.png,1,False,F. Campazzo,Real Madrid,35,0.0
2026-09-29_2259,15/04/1993,0,1.9,0000929590_5-6_03.jpg,True,1,Barrueta,23.0,20260908T084548+0000,379500.0,196,False,False,330000.0,Yunio Barrueta,0000929576_5-6_03.jpg,,fit,202627MonbusObradoiroLogoPositivoOK.png,EUR,9,Miami,EE.UU.,15.6,-0.4,202627MonbusObradoiroLogoNegativo.png,3,False,Y. Barrueta,Monbus Obradoiro,33,-2.7
2026-09-29_2259,31/08/1994,0,-1.7,0000929310_5-6_03.jpg,True,1,Agada,3.0,20260908T084548+0000,276000.0,193,False,False,240000.0,Caleb Agada,0000929300_5-6_03.jpg,,fit,202627MonbusObradoiroLogoPositivoOK.png,COT,11,Lafia,Nigeria,14.4,-3.4,202627MonbusObradoiroLogoNegativo.png,3,False,C. Agada,Monbus Obradoiro,32,-5.0
2026-09-29_2259,09/05/1995,0,18.7,0000935683_5-6_03.jpg,True,5,Luwawu,3.0,20260908T084554+0000,720000.0,198,False,False,700000.0,Timothé Luwawu-Cabarrot,0000935666_5-6_03.jpg,,fit,2324RealMadrid_Logoweb.png,EUR,61,Cannes,Francia,14.4,14.4,RealMadridLogo202223.png,3,False,Luwawu-Cabarrot,Real Madrid,31,10.1
2026-09-29_2259,30/06/1995,0,4.8,0000935356_5-6_03.jpg,True,5,Jones,30.0,20260908T084554+0000,391000.0,208,False,False,340000.0,Damian Jones,0000935338_5-6_03.jpg,,fit,2324RealMadrid_Logoweb.png,EXT,53,Louisiana,EE.UU.,13.2,2.4,RealMadridLogo202223.png,5,True,D. Jones,Real Madrid,31,0.1
2026-09-29_2259,31/08/1998,0,9.7,0000929224_5-6_03.jpg,True,1,Barcello,28.0,20260908T084548+0000,471500.0,188,False,False,410000.0,Alex Barcello,0000929213_5-6_03.jpg,,fit,202627MonbusObradoiroLogoPositivoOK.png,EXT,1,Arizona,EE.UU.,12.0,6.9,202627MonbusObradoiroLogoNegativo.png,3,True,A. Barcello,Monbus Obradoiro,28,4.0
2026-09-29_2259,22/03/1992,0,18.5,0000935749_5-6_03.jpg,True,5,Tavares,22.0,20260908T084554+0000,637500.0,220,True,False,750000.0,Edy Tavares,0000935730_5-6_03.jpg,,fit,2324RealMadrid_Logoweb.png,JFL,57,Maio,Cabo Verde,10.8,14.7,RealMadridLogo202223.png,5,False,W. Tavares,Real Madrid,34,10.9
2026-09-29_2259,15/12/1995,0,4.2,0000935280_5-6_03.jpg,True,5,Abalde,6.0,20260908T084554+0000,299000.0,202,True,False,260000.0,Alberto Abalde,0000935266_5-6_03.jpg,,fit,2324RealMadrid_Logoweb.png,JFL,63,Ferrol,España,9.6,2.4,RealMadridLogo202223.png,3,False,A. Abalde,Real Madrid,30,0.6
2026-09-29_2259,11/10/2001,0,10.9,0000938328_5-6_03.jpg,True,1,Abogidi,1.0,20260908T084548+0000,420000.0,208,False,False,370000.0,Efe Abogidi,0000938320_5-6_03.jpg,,fit,202627MonbusObradoiroLogoPositivoOK.png,COT,2,Ughelli,Nigeria,8.4,8.4,202627MonbusObradoiroLogoNegativo.png,5,False,E. Abogidi,Monbus Obradoiro,24,5.9
2026-09-29_2259,20/03/1993,0,10.8,0000929429_5-6_03.jpg,True,1,Meindl,8.0,20260908T084548+0000,391000.0,201,False,False,460000.0,Leo Meindl,0000929420_5-6_03.jpg,,fit,202627MonbusObradoiroLogoPositivoOK.png,EUR,10,Franca,Italia,7.2,8.4,202627MonbusObradoiroLogoNegativo.png,3,False,L. Meindl,Monbus Obradoiro,33,6.1
2026-09-29_2259,25/06/2002,0,6.2,0000935518_5-6_03.jpg,True,5,Shulga,2.0,20260908T084554+0000,240000.0,196,True,False,250000.0,Max Shulga,0000935506_5-6_03.jpg,,fit,2324RealMadrid_Logoweb.png,JFL,56,Kiev,Ucrania,4.8,4.8,RealMadridLogo202223.png,3,False,M. Shulga,Real Madrid,24,3.4
2026-09-29_2259,03/01/2001,0,19.1,0000935495_5-6_03.jpg,True,5,Pradilla,4.0,20260908T084554+0000,518500.0,202,True,False,610000.0,Jaime Pradilla,0000935470_5-6_03.jpg,,fit,2324RealMadrid_Logoweb.png,JFL,58,Zaragoza,España,4.8,15.9,RealMadridLogo202223.png,5,False,J. Pradilla,Real Madrid,25,12.8
2026-09-29_2259,18/08/1998,0,7.3,0000935334_5-6_03.jpg,True,5,Okeke,8.0,20260908T084554+0000,263500.0,201,False,False,310000.0,Chuma Okeke,0000935315_5-6_03.jpg,,fit,2324RealMadrid_Logoweb.png,EXT,60,Atlanta (Georgia),EE.UU.,4.8,5.7,RealMadridLogo202223.png,5,True,C. Okeke,Real Madrid,28,4.2
2026-09-29_2259,24/04/1997,0,7.4,0000929343_5-6_03.jpg,True,1,Brito,24.0,20260908T084548+0000,187000.0,198,False,False,220000.0,Diogo Brito,0000929332_5-6_03.jpg,,fit,202627MonbusObradoiroLogoPositivoOK.png,EUR,3,Povoa de Varzim (Oporto),Portugal,1.2,6.3,202627MonbusObradoiroLogoNegativo.png,3,False,D. Brito,Monbus Obradoiro,29,5.2
2026-09-29_2259,20/02/2002,0,5.8,0000929255_5-6_03.jpg,True,1,Faure,44.0,20260908T084548+0000,250000.0,208,True,False,250000.0,Alonso Faure,0000929242_5-6_03.jpg,,fit,202627MonbusObradoiroLogoPositivoOK.png,JFL,5,Busot (Alicante),España,0.0,5.0,202627MonbusObradoiroLogoNegativo.png,5,False,A. Faure,Monbus Obradoiro,24,4.2
2026-09-29_2259,21/11/1999,0,4.6,0000929506_5-6_03.jpg,True,1,Lundqvist,9.0,20260908T084548+0000,200000.0,201,False,False,200000.0,Olle Lundqvist,0000929498_5-6_03.jpg,,injured,202627MonbusObradoiroLogoPositivoOK.png,EUR,13,Brunflo,Suecia,0.0,4.0,202627MonbusObradoiroLogoNegativo.png,1,False,O. Lundqvist,Monbus Obradoiro,26,3.4
2026-09-29_2259,20/04/2000,0,6.7,0000935554_5-6_03.jpg,True,5,Jantunen,20.0,20260908T084554+0000,290000.0,204,False,False,290000.0,Mika Jantunen,0000935535_5-6_03.jpg,,fit,2324RealMadrid_Logoweb.png,EUR,55,,Finlandia,0.0,5.8,RealMadridLogo202223.png,5,False,M. Jantunen,Real Madrid,26,4.9
2026-09-29_2259,01/06/2002,0,4.8,0000935452_5-6_03.jpg,True,5,Procida,9.0,20260908T084554+0000,210000.0,201,False,False,210000.0,Gabriele Procida,0000935439_5-6_03.jpg,,fit,2324RealMadrid_Logoweb.png,EUR,62,Lipomo,Italia,0.0,4.2,RealMadridLogo202223.png,3,False,G. Procida,Real Madrid,24,3.6
2026-09-29_2259,15/11/1987,0,11.7,0000935619_5-6_03.jpg,True,5,Llull,23.0,20260908T084554+0000,255000.0,190,True,False,300000.0,Sergio Llull,0000935610_5-6_03.jpg,,fit,2324RealMadrid_Logoweb.png,JFL,64,Mahón,España,0.0,10.2,RealMadridLogo202223.png,3,False,S. Llull,Real Madrid,38,8.7
2026-09-29_2259,15/07/1997,0,8.5,0000935312_5-6_03.jpg,True,5,Feliz,24.0,20260908T084554+0000,370000.0,188,False,False,370000.0,Andrés Feliz,0000935301_5-6_03.jpg,,fit,2324RealMadrid_Logoweb.png,EUR,66,Santo Domingo,España,0.0,7.4,RealMadridLogo202223.png,1,False,A. Feliz,Real Madrid,29,6.3
2026-09-29_2259,12/09/1999,0,9.4,0000929208_5-6_03.jpg,True,1,Galán,57.0,20260908T084548+0000,161500.0,207,True,False,190000.0,Álex Galán,0000929197_5-6_03.jpg,,fit,202627MonbusObradoiroLogoPositivoOK.png,JFL,8,Calamonte (Badajoz),España,-2.0,8.5,202627MonbusObradoiroLogoNegativo.png,5,False,A. Galán,Monbus Obradoiro,27,7.5
2026-09-29_2259,20/02/1999,0,16.1,0000935594_5-6_03.jpg,True,5,Sarr,33.0,20260908T084554+0000,306000.0,208,False,False,360000.0,Olivier Sarr,0000935575_5-6_03.jpg,,fit,2324RealMadrid_Logoweb.png,EUR,54,Niort,Francia,-2.0,14.2,RealMadridLogo202223.png,5,False,O. Sarr,Real Madrid,27,12.4
2026-09-29_2259,21/04/1996,0,12.0,0000929565_5-6_03.jpg,True,1,Quintela,25.0,20260908T084548+0000,195500.0,185,True,False,230000.0,Sergi Quintela,0000929553_5-6_03.jpg,,fit,202627MonbusObradoiroLogoPositivoOK.png,JFL,12,Lugo,España,-3.0,10.8,202627MonbusObradoiroLogoNegativo.png,3,False,S. Quintela,Monbus Obradoiro,30,9.6
2026-09-29_2259,29/04/1998,0,-5.1,0000929115_5-6_03.jpg,True,7,Blumbergs,3.0,20260908T084555+0000,437000.0,202,False,False,380000.0,Roberts  Blumbergs,0000929098_5-6_03.jpg,,fit,2425CasademontZaragoza.png,EUR,81,Ventspils,Letonia,25.2,-7.7,2425CasademontZaragoza.png,5,False,R. Blumbergs,Casademont Zaragoza,28,-10.3
2026-09-29_2259,05/09/1995,0,6.7,0000929177_5-6_03.jpg,True,7,Bell-Haynes,2.0,20260908T084555+0000,667000.0,188,False,False,580000.0,Trae Bell-Haynes,0000929161_5-6_03.jpg,,fit,2425CasademontZaragoza.png,COT,82,Toronto,Jamaica,24.0,2.7,2425CasademontZaragoza.png,1,False,T. Bell-Haynes,Casademont Zaragoza,31,-1.3
2026-09-29_2259,05/10/1994,0,15.3,0000931167_5-6_03.jpg,True,9,Taylor,1.0,20260908T084555+0000,724500.0,198,False,False,630000.0,Kameron Taylor,0000931154_5-6_03.jpg,,fit,202627ValenciaBasket40Anys.png,EXT,111,Maryland,EE.UU.,18.0,11.0,202627ValenciaBasket40Anys.png,3,True,K. Taylor,Valencia Basket,31,6.6
2026-09-29_2259,21/06/1999,0,1.5,0000928965_5-6_03.jpg,True,7,Jaworski,11.0,20260908T084555+0000,345000.0,190,False,False,300000.0,Justin Jaworski,0000928954_5-6_03.jpg,,fit,2425CasademontZaragoza.png,EXT,84,Schwenksville (Pennsylvania),EE.UU.,14.4,-0.6,2425CasademontZaragoza.png,3,True,J. Jaworski,Casademont Zaragoza,27,-2.7
2026-09-29_2259,13/08/1998,0,3.5,0000931293_5-6_03.jpg,True,9,Sako,13.0,20260908T084555+0000,379500.0,210,False,False,330000.0,Neal Sako,0000931277_5-6_03.jpg,,fit,202627ValenciaBasket40Anys.png,EUR,108,Aubergenville,Francia,14.0,1.2,202627ValenciaBasket40Anys.png,5,False,N. Sako,Valencia Basket,28,-1.1
2026-09-29_2259,11/02/1991,0,17.7,0000932876_5-6_03.jpg,True,9,Mirotic,33.0,20260918T123159+0000,690000.0,208,True,False,600000.0,Nikola Mirotic,0000932875_5-6_03.jpg,https://acb.com/es/liga/jugadores/nikola-mirotic-20202101/partidos,fit,202627ValenciaBasket40Anys.png,JFL,242,Podgorica,España,14.0,13.6,202627ValenciaBasket40Anys.png,5,False,N. Mirotic,Valencia Basket,35,9.5
2026-09-29_2259,15/10/1997,0,16.9,0000931355_5-6_03.jpg,True,9,Shorts,0.0,20260908T084555+0000,629000.0,175,False,False,740000.0,TJ Shorts,0000931341_5-6_03.jpg,,fit,202627ValenciaBasket40Anys.png,EUR,104,Tustin (California),Macedonia del Norte,12.0,13.2,202627ValenciaBasket40Anys.png,1,False,TJ Shorts,Valencia Basket,28,9.4
2026-09-29_2259,03/03/2002,0,12.2,0000931071_5-6_03.jpg,True,9,Corbalán,20.0,20260908T084555+0000,483000.0,193,False,False,420000.0,Gonzalo Corbalán,0000931060_5-6_03.jpg,,fit,202627ValenciaBasket40Anys.png,EUR,115,Resistencia (Chaco),España,10.0,9.3,202627ValenciaBasket40Anys.png,3,False,G. Corbalán,Valencia Basket,24,6.4
2026-09-29_2259,27/11/1996,0,11.2,0000928817_5-6_03.jpg,True,7,Homesley,5.0,20260908T084555+0000,425000.0,198,False,False,500000.0,Caleb Homesley,0000928809_5-6_03.jpg,,fit,2425CasademontZaragoza.png,EXT,91,Carolina del Norte,EE.UU.,8.4,8.6,2425CasademontZaragoza.png,3,True,C. Homesley,Casademont Zaragoza,29,6.0
2026-09-29_2259,27/08/1997,0,18.6,0000928998_5-6_03.jpg,True,7,Birutis,15.0,20260908T084555+0000,561000.0,213,False,False,660000.0,Laurynas Birutis,0000928987_5-6_03.jpg,,fit,2425CasademontZaragoza.png,EUR,89,Siauliai,Lituania,7.2,15.2,2425CasademontZaragoza.png,5,False,L. Birutis,Casademont Zaragoza,29,11.9
2026-09-29_2259,29/12/1991,0,12.8,0000928870_5-6_03.jpg,True,7,Olaseni,0.0,20260908T084555+0000,408000.0,208,False,False,480000.0,Gabriel Olaseni,0000928852_5-6_03.jpg,,fit,2425CasademontZaragoza.png,EUR,90,Plaistow,Reino Unido,6.0,10.3,2425CasademontZaragoza.png,5,False,A. Olaseni,Casademont Zaragoza,34,7.9
2026-09-29_2259,08/03/1999,0,4.6,0000931142_5-6_03.jpg,True,9,Puerto,2.0,20260908T084555+0000,230000.0,199,True,False,200000.0,Josep Puerto,0000931125_5-6_03.jpg,,fit,202627ValenciaBasket40Anys.png,JFL,113,Almussafes,España,6.0,3.2,202627ValenciaBasket40Anys.png,3,False,J. Puerto,Valencia Basket,27,1.8
2026-09-29_2259,14/04/2006,0,10.6,0000931227_5-6_03.jpg,True,9,Saint-Supery,5.0,20260908T084555+0000,340000.0,194,True,False,400000.0,Mario Saint-Supery,0000931207_5-6_03.jpg,,fit,202627ValenciaBasket40Anys.png,JFL,117,Málaga,España,5.0,8.6,202627ValenciaBasket40Anys.png,1,False,M. Saint-Supery,Valencia Basket,20,6.6
2026-09-29_2259,31/10/1993,0,7.1,0000931118_5-6_03.jpg,True,9,Rivero,41.0,20260914T203049+0000,263500.0,206,False,False,310000.0,Jasiel Rivero,0000931101_5-6_03.jpg,,fit,202627ValenciaBasket40Anys.png,EUR,238,La Habana,España,5.0,5.5,202627ValenciaBasket40Anys.png,5,False,J. Rivero,Valencia Basket,32,4.0
2026-09-29_2259,16/06/1993,0,6.2,0000928899_5-6_03.jpg,True,7,Vives,16.0,20260908T084555+0000,240000.0,192,True,False,220000.0,Guillem Vives,0000928884_5-6_03.jpg,,fit,2425CasademontZaragoza.png,JFL,85,Barcelona,España,4.8,4.8,2425CasademontZaragoza.png,1,False,G. Vives,Casademont Zaragoza,33,3.4
2026-09-29_2259,20/03/1999,0,5.8,0000929045_5-6_03.jpg,True,7,González,7.0,20260908T084555+0000,230000.0,203,True,False,200000.0,Miguel González,0000929031_5-6_03.jpg,,fit,2425CasademontZaragoza.png,JFL,86,Valladolid,España,4.8,4.4,2425CasademontZaragoza.png,3,False,M. González,Casademont Zaragoza,27,3.0
2026-09-29_2259,29/04/2002,0,5.2,0000930959_5-6_03.jpg,True,9,Cárdenas,7.0,20260908T084555+0000,200000.0,187,True,False,180000.0,Álvaro Cárdenas,0000930950_5-6_03.jpg,,fit,202627ValenciaBasket40Anys.png,JFL,116,Granada,España,4.0,4.0,202627ValenciaBasket40Anys.png,1,False,A. Cárdenas,Valencia Basket,24,2.8
2026-09-29_2259,30/09/1998,0,10.7,0000931271_5-6_03.jpg,True,9,Reuvers,3.0,20260908T084555+0000,297500.0,211,False,False,350000.0,Nate Reuvers,0000931258_5-6_03.jpg,,fit,202627ValenciaBasket40Anys.png,EUR,110,Minnesota,Hungría,3.0,8.9,202627ValenciaBasket40Anys.png,5,False,N. Reuvers,Valencia Basket,27,7.1
2026-09-29_2259,15/07/2000,0,3.5,0000928932_5-6_03.jpg,True,7,Fernández,10.0,20260908T084555+0000,127500.0,206,True,False,150000.0,Jaime Fernández,0000928919_5-6_03.jpg,,fit,2425CasademontZaragoza.png,JFL,88,Zaragoza,España,2.4,2.7,2425CasademontZaragoza.png,5,False,J. Fernández,Casademont Zaragoza,26,1.9
2026-09-29_2259,02/03/1993,0,20.3,0000929076_5-6_03.jpg,True,7,Brussino,9.0,20260908T084555+0000,467500.0,205,False,False,550000.0,Nico Brussino,0000929065_5-6_03.jpg,,fit,2425CasademontZaragoza.png,EUR,83,Las Parejas,Italia,1.2,17.5,2425CasademontZaragoza.png,3,False,N. Brussino,Casademont Zaragoza,33,14.7
2026-09-29_2259,05/06/1998,0,22.1,0000931002_5-6_03.jpg,True,9,Brooks,12.0,20260908T084555+0000,501500.0,194,False,False,590000.0,Armoni Brooks,0000930979_5-6_03.jpg,,fit,202627ValenciaBasket40Anys.png,EXT,105,Texas,EE.UU.,1.0,19.1,202627ValenciaBasket40Anys.png,3,True,A. Brooks,Valencia Basket,28,16.1
2026-09-29_2259,17/02/1997,0,7.0,0000929144_5-6_03.jpg,True,7,García,17.0,20260908T084555+0000,153000.0,193,True,False,180000.0,Sergi García,0000929129_5-6_03.jpg,,fit,2425CasademontZaragoza.png,JFL,87,Palma de Mallorca,España,0.0,6.1,2425CasademontZaragoza.png,1,False,S. García,Casademont Zaragoza,29,5.2
2026-09-29_2259,06/07/1998,0,16.8,0000931244_5-6_03.jpg,True,9,Gueye,16.0,20260908T084555+0000,365500.0,206,False,False,430000.0,Mo Gueye,0000931239_5-6_03.jpg,,fit,202627ValenciaBasket40Anys.png,COT,106,New York,Senegal,0.0,14.6,202627ValenciaBasket40Anys.png,5,False,M. Gueye,Valencia Basket,28,12.4
2026-09-29_2259,28/07/1996,0,4.4,0000931401_5-6_03.jpg,True,9,Sima,77.0,20260908T084555+0000,190000.0,211,True,False,190000.0,Yankuba Sima,0000931383_5-6_03.jpg,,fit,202627ValenciaBasket40Anys.png,JFL,107,Girona,España,0.0,3.8,202627ValenciaBasket40Anys.png,5,False,Y. Sima,Valencia Basket,30,3.2
2026-09-29_2259,08/08/1996,0,11.5,0000931017_5-6_03.jpg,True,9,Osetkowski,8.0,20260908T084555+0000,500000.0,206,False,False,500000.0,Dylan Osetkowski,0000931008_5-6_03.jpg,,fit,202627ValenciaBasket40Anys.png,EUR,109,La Jolla (California),Alemania,0.0,10.0,202627ValenciaBasket40Anys.png,5,False,D. Osetkowski,Valencia Basket,30,8.5
2026-09-29_2259,20/10/2005,0,3.2,0000931198_5-6_03.jpg,True,9,Marí,23.0,20260908T084555+0000,140000.0,197,True,False,140000.0,Lucas Marí,0000931183_5-6_03.jpg,,fit,202627ValenciaBasket40Anys.png,JFL,112,Valencia,España,0.0,2.8,202627ValenciaBasket40Anys.png,3,False,L. Marí,Valencia Basket,20,2.4
2026-09-29_2259,18/09/2000,0,9.4,0000931329_5-6_03.jpg,True,9,Moore,10.0,20260908T084555+0000,410000.0,198,False,False,410000.0,Omari Moore,0000931310_5-6_03.jpg,,fit,202627ValenciaBasket40Anys.png,EUR,114,Pasadena (California),Macedonia del Norte,0.0,8.2,202627ValenciaBasket40Anys.png,3,False,O. Moore,Valencia Basket,26,7.0
2026-09-29_2259,12/09/2001,0,-13.6,0000930418_5-6_03.jpg,True,11,Pérez,,20260908T084559+0000,460000.0,190,False,False,400000.0,Jassel Perez,0000930405_5-6_03.jpg,,fit,202627FIATCGironaLogoPositivo.png,COT,137,San Cristobal,República Dominicana,34.8,-16.4,202627FIATCGironaLogoNegativo.png,3,False,J. Pérez,FIATC Girona,25,-19.2
2026-09-29_2259,21/10/1994,0,3.8,0000930598_5-6_03.jpg,True,11,Whittaker,,20260908T084559+0000,552000.0,183,False,False,480000.0,Stanley Whittaker,0000930582_5-6_03.jpg,,fit,202627FIATCGironaLogoPositivo.png,EXT,133,Pennsylvania,EE.UU.,21.6,0.5,202627FIATCGironaLogoNegativo.png,1,True,S. Whittaker,FIATC Girona,31,-2.8
2026-09-29_2259,20/10/1994,0,11.2,0000930479_5-6_03.jpg,True,11,Geben,,20260908T084559+0000,713000.0,208,False,False,620000.0,Martinas Geben,0000930465_5-6_03.jpg,,fit,202627FIATCGironaLogoPositivo.png,EUR,141,Vilnus,Lituania,21.6,6.9,202627FIATCGironaLogoNegativo.png,5,False,M. Geben,FIATC Girona,31,2.6
2026-09-29_2259,03/12/2000,0,5.0,0000927790_5-6_03.jpg,True,18,Baugh,12.0,20260917T183203+0000,552000.0,191,False,False,480000.0,Damion Baugh,0000927773_5-6_03.jpg,,fit,2526KosnerBaskoniaLogo.png,COT,241,Tennessee,Rep. Democrática del Congo,20.4,1.7,2526KosnerBaskoniaLogoNegativo.png,1,False,D. Baugh,Kosner Baskonia,25,-1.6
2026-09-29_2259,17/01/1998,0,-2.3,0000928002_5-6_03.jpg,True,18,Sedekerskis,8.0,20260908T084602+0000,368000.0,206,True,False,320000.0,Tadas Sedekerskis,0000927996_5-6_03.jpg,,fit,2526KosnerBaskoniaLogo.png,JFL,225,Nida,Lituania,19.2,-4.5,2526KosnerBaskoniaLogoNegativo.png,5,False,T. Sedekerskis,Kosner Baskonia,28,-6.7
2026-09-29_2259,07/01/2002,0,-7.4,0000927771_5-6_03.jpg,True,18,Frisch,25.0,20260908T084602+0000,230000.0,201,False,False,200000.0,Clement Frisch,0000927755_5-6_03.jpg,,fit,2526KosnerBaskoniaLogo.png,EUR,224,Decize,Francia,18.0,-8.8,2526KosnerBaskoniaLogoNegativo.png,5,False,C. Frisch,Kosner Baskonia,24,-10.2
2026-09-29_2259,19/11/1989,0,5.8,0000927852_5-6_03.jpg,True,18,Faried,35.0,20260908T143715+0000,517500.0,203,False,False,450000.0,Kenneth Faried,0000927834_5-6_03.jpg,,fit,2526KosnerBaskoniaLogo.png,EXT,232,New Jersey,EE.UU.,18.0,2.7,2526KosnerBaskoniaLogoNegativo.png,5,True,K. Faried,Kosner Baskonia,36,-0.4
2026-09-29_2259,13/06/1997,0,5.4,0000927749_5-6_03.jpg,True,18,Duarte,5.0,20260908T084602+0000,483000.0,196,False,False,420000.0,Chris Duarte,0000927727_5-6_03.jpg,,fit,2526KosnerBaskoniaLogo.png,COT,222,Puerto Plata,República Dominicana,16.8,2.5,2526KosnerBaskoniaLogoNegativo.png,3,False,C. Duarte,Kosner Baskonia,29,-0.4
2026-09-29_2259,15/07/2000,0,14.7,0000927711_5-6_03.jpg,True,18,Lawson,1.0,20260910T092350+0000,632500.0,200,False,False,550000.0,AJ Lawson,0000927702_5-6_03.jpg,,fit,2526KosnerBaskoniaLogo.png,COT,235,Toronto,Jamaica,14.4,10.9,2526KosnerBaskoniaLogoNegativo.png,3,False,AJ Lawson,Kosner Baskonia,26,7.1
2026-09-29_2259,12/06/2000,0,15.4,0000930347_5-6_03.jpg,True,11,N'Guessan,,20260908T084559+0000,621000.0,206,False,False,540000.0,David N'Guessan,0000930337_5-6_03.jpg,,fit,202627FIATCGironaLogoPositivo.png,EUR,131,,Países Bajos,13.2,11.6,202627FIATCGironaLogoNegativo.png,5,False,D. N'Guessan,FIATC Girona,26,7.9
2026-09-29_2259,28/07/1999,0,14.0,0000927814_5-6_03.jpg,True,18,Stewart,3.0,20260908T084602+0000,540000.0,197,False,False,600000.0,DJ Stewart Jr,0000927795_5-6_03.jpg,,fit,2526KosnerBaskoniaLogo.png,EUR,221,Grace (Mississipi),Macedonia del Norte,10.8,10.8,2526KosnerBaskoniaLogoNegativo.png,3,False,DJ Stewart,Kosner Baskonia,27,7.6
2026-09-29_2259,03/03/1999,0,10.9,0000927913_5-6_03.jpg,True,18,Howard,0.0,20260908T084602+0000,420000.0,179,False,False,490000.0,Markus Howard,0000927893_5-6_03.jpg,,fit,2526KosnerBaskoniaLogo.png,EXT,228,New Jersey,EE.UU.,8.4,8.4,2526KosnerBaskoniaLogoNegativo.png,3,True,M. Howard,Kosner Baskonia,27,5.9
2026-09-29_2259,04/07/1997,0,15.8,0000927875_5-6_03.jpg,True,18,Simmons,2.0,20260908T084602+0000,527000.0,196,False,False,620000.0,Kobi Simmons,0000927864_5-6_03.jpg,,fit,2526KosnerBaskoniaLogo.png,COT,229,Georgia,Costa de Marfil,8.4,12.7,2526KosnerBaskoniaLogoNegativo.png,1,False,K. Simmons,Kosner Baskonia,29,9.5
2026-09-29_2259,10/05/1999,0,9.4,0000930568_5-6_03.jpg,True,11,Martínez,,20260908T084559+0000,360000.0,202,True,False,340000.0,Sergi Martínez,0000930558_5-6_03.jpg,,fit,202627FIATCGironaLogoPositivo.png,JFL,138,Rubí,España,7.2,7.2,202627FIATCGironaLogoNegativo.png,3,False,S. Martínez,FIATC Girona,27,5.0
2026-09-29_2259,10/01/2003,0,12.5,0000927938_5-6_03.jpg,True,18,Spagnolo,10.0,20260908T084602+0000,323000.0,192,True,False,380000.0,Matteo Spagnolo,0000927919_5-6_03.jpg,,fit,2526KosnerBaskoniaLogo.png,JFL,227,Brindisi,Italia,2.4,10.5,2526KosnerBaskoniaLogoNegativo.png,3,False,M. Spagnolo,Kosner Baskonia,23,8.6
2026-09-29_2259,03/06/2000,0,10.1,0000930328_5-6_03.jpg,True,11,Pluta,,20260910T092346+0000,272000.0,190,True,False,320000.0,Andrzej Pluta,0000930315_5-6_03.jpg,,fit,202627FIATCGironaLogoPositivo.png,JFL,234,Ruda Slaska,Polonia,2.4,8.5,202627FIATCGironaLogoNegativo.png,1,False,A. Pluta,FIATC Girona,26,6.8
2026-09-29_2259,06/01/1999,0,31.3,0000930451_5-6_03.jpg,True,11,McClung,,20260908T084559+0000,705500.0,189,False,False,830000.0,Mac McClung,0000930443_5-6_03.jpg,,fit,202627FIATCGironaLogoPositivo.png,EXT,132,Tennessee,EE.UU.,1.2,27.0,202627FIATCGironaLogoNegativo.png,1,True,M. McClung,FIATC Girona,27,22.8
2026-09-29_2259,30/07/1999,0,10.4,0000930301_5-6_03.jpg,True,11,Kunc,,20260908T084559+0000,450000.0,207,False,False,450000.0,Aljaz Kunc,0000930293_5-6_03.jpg,,injured,202627FIATCGironaLogoPositivo.png,EUR,134,,Eslovenia,0.0,9.0,202627FIATCGironaLogoNegativo.png,5,False,A. Kunc,FIATC Girona,27,7.6
2026-09-29_2259,10/10/2004,0,4.6,defaultBody.jpg,True,11,Vázquez,,20260908T084559+0000,200000.0,193,True,False,200000.0,Isaac Vázquez,0000930404_5-6_03.jpg,,injured,202627FIATCGironaLogoPositivo.png,JFL,135,Ourense,España,0.0,4.0,202627FIATCGironaLogoNegativo.png,1,False,I. Vázquez,FIATC Girona,21,3.4
2026-09-29_2259,25/11/1997,0,6.9,0000930496_5-6_03.jpg,True,11,Fjellerup,,20260908T084559+0000,300000.0,198,False,False,300000.0,Maxi Fjellerup,0000930487_5-6_03.jpg,,injured,202627FIATCGironaLogoPositivo.png,EUR,139,Tres Arroyos,Argentina,0.0,6.0,202627FIATCGironaLogoNegativo.png,3,False,M. Fjellerup,FIATC Girona,28,5.1
2026-09-29_2259,02/03/1999,0,13.7,0000930548_5-6_03.jpg,True,11,Busquets,,20260908T084559+0000,297500.0,201,True,False,350000.0,Pep Busquets,0000930534_5-6_03.jpg,,fit,202627FIATCGironaLogoPositivo.png,JFL,140,Granollers,España,0.0,11.9,202627FIATCGironaLogoNegativo.png,3,False,P. Busquets,FIATC Girona,27,10.1
2026-09-29_2259,19/12/1998,0,10.4,0000930520_5-6_03.jpg,True,11,Maric,,20260908T084559+0000,204000.0,206,True,False,240000.0,Nikola Maric,0000930510_5-6_03.jpg,,fit,202627FIATCGironaLogoPositivo.png,JFL,136,Trebinje,Bosnia y Herzegovina,-1.0,9.2,202627FIATCGironaLogoNegativo.png,5,False,N. Maric,FIATC Girona,27,7.9
2026-09-29_2259,05/02/1998,0,16.6,0000927957_5-6_03.jpg,True,18,Kurucs,7.0,20260908T084602+0000,340000.0,203,True,False,400000.0,Rodions Kurucs,0000927949_5-6_03.jpg,,fit,2526KosnerBaskoniaLogo.png,JFL,226,Cesis,Letonia,-1.0,14.6,2526KosnerBaskoniaLogoNegativo.png,5,False,R. Kurucs,Kosner Baskonia,28,12.6
2026-09-29_2259,16/11/2008,0,8.6,0000927979_5-6_03.jpg,True,18,Joksimovic,6.0,20260908T084602+0000,144500.0,201,True,False,170000.0,Stefan Joksimovic,0000927971_5-6_03.jpg,,fit,2526KosnerBaskoniaLogo.png,JFL,223,Belgrado,Eslovenia,-2.0,7.8,2526KosnerBaskoniaLogoNegativo.png,3,False,S. Joksimovic,Kosner Baskonia,17,6.9
2026-09-29_2259,03/07/2002,0,10.8,0000930374_5-6_03.jpg,True,11,Stenionis,,20260908T203708+0000,170000.0,179,False,False,200000.0,Dominykas Stenionis,0000930358_5-6_03.jpg,,fit,202627FIATCGironaLogoPositivo.png,EUR,233,Kaunas,Lituania,-3.0,9.8,202627FIATCGironaLogoNegativo.png,1,False,D. Stenionis,FIATC Girona,24,8.8
2026-09-29_2259,19/11/2000,0,-17.5,0000930131_5-6_03.jpg,True,14,Balcerowski,22.0,20260908T084600+0000,402500.0,216,True,False,350000.0,Olek Balcerowski,0000930122_5-6_03.jpg,,fit,2324BarcaLogoweb.png,JFL,170,Swidnica,Polonia,36.0,-19.9,2324BarcaLogoweb.png,5,False,O. Balcerowski,Barça,25,-22.3
2026-09-29_2259,04/04/2000,0,3.8,0000929986_5-6_03.jpg,True,14,Parra,44.0,20260908T084600+0000,552000.0,202,True,False,480000.0,Joel Parra,0000929977_5-6_03.jpg,,fit,2324BarcaLogoweb.png,JFL,169,Barcelona,España,21.6,0.5,2324BarcaLogoweb.png,3,False,J. Parra,Barça,26,-2.8
2026-09-29_2259,07/03/1999,0,17.7,0000930230_5-6_03.jpg,True,14,Martin,2.0,20260908T084600+0000,828000.0,198,False,False,720000.0,Tyrese Martin,0000930215_5-6_03.jpg,,fit,2324BarcaLogoweb.png,EXT,176,Pennsylvania,EE.UU.,20.4,12.7,2324BarcaLogoweb.png,3,True,T. Martin,Barça,27,7.8
2026-09-29_2259,08/11/1994,0,-1.1,defaultBody.jpg,True,14,Brizuela,8.0,20260908T084600+0000,368000.0,188,True,False,320000.0,Darío Brizuela,defaultFace.jpg,,fit,2324BarcaLogoweb.png,JFL,180,San Sebastián,España,18.0,-3.3,2324BarcaLogoweb.png,3,False,D. Brizuela,Barça,31,-5.5
2026-09-29_2259,01/06/1999,0,-4.4,0000926996_5-6_03.jpg,True,13,Nakic,99.0,20260908T084600+0000,253000.0,201,False,False,220000.0,Toni Nakic,0000926988_5-6_03.jpg,,fit,202627ucamcblogoverticalcolor.png,EUR,157,Sibenik,Croacia,16.0,-5.9,202627ucamcblogoverticalfondooscuro.png,3,False,T. Nakic,UCAM Murcia,27,-7.4
2026-09-29_2259,30/07/1997,0,7.3,0000926712_5-6_03.jpg,True,13,Cate,15.0,20260908T084600+0000,506000.0,207,True,False,440000.0,Emanuel Cate,0000926694_5-6_03.jpg,,fit,202627ucamcblogoverticalcolor.png,JFL,159,Bucarest,Rumanía,16.0,4.2,202627ucamcblogoverticalfondooscuro.png,5,False,E. Cate,UCAM Murcia,29,1.2
2026-09-29_2259,04/06/2004,0,-5.0,0000930030_5-6_03.jpg,True,14,Núñez,17.0,20260908T084600+0000,230000.0,191,True,False,200000.0,Juan Núñez,0000930020_5-6_03.jpg,,fit,2324BarcaLogoweb.png,JFL,182,Madrid,España,15.6,-6.4,2324BarcaLogoweb.png,1,False,J. Núñez,Barça,22,-7.8
2026-09-29_2259,25/06/1993,0,15.4,0000930102_5-6_03.jpg,True,14,Punter,0.0,20260908T084600+0000,621000.0,193,False,False,540000.0,Kevin Punter,0000930093_5-6_03.jpg,,fit,2324BarcaLogoweb.png,EUR,181,New York,Serbia,13.2,11.6,2324BarcaLogoweb.png,3,False,K. Punter,Barça,33,7.9
2026-09-29_2259,26/01/1999,0,13.4,0000926980_5-6_03.jpg,True,13,Boum,0.0,20260908T084600+0000,552000.0,190,False,False,480000.0,Souley Boum,0000926965_5-6_03.jpg,,fit,202627ucamcblogoverticalcolor.png,COT,154,Los Angeles,Guinea,12.0,10.1,202627ucamcblogoverticalfondooscuro.png,1,False,S. Boum,UCAM Murcia,27,6.8
2026-09-29_2259,02/05/2000,0,6.0,0000930161_5-6_03.jpg,True,14,Nkamhoua,13.0,20260908T084600+0000,391000.0,203,False,False,340000.0,Olivier Nkamhoua,0000930144_5-6_03.jpg,,fit,2324BarcaLogoweb.png,EUR,174,Helsinki,Finlandia,12.0,3.6,2324BarcaLogoweb.png,5,False,O. Nkamhoua,Barça,26,1.3
2026-09-29_2259,20/08/1997,0,12.7,0000926757_5-6_03.jpg,True,13,Pansa,20.0,20260908T084600+0000,494500.0,208,False,False,430000.0,Jean-Marc Pansa,0000926745_5-6_03.jpg,,fit,202627ucamcblogoverticalcolor.png,EUR,155,Kourou,Francia,10.0,9.8,202627ucamcblogoverticalfondooscuro.png,5,False,J. Pansa,UCAM Murcia,29,6.8
2026-09-29_2259,12/04/1999,0,6.8,0000930186_5-6_03.jpg,True,14,Umude,3.0,20260908T084600+0000,356500.0,198,False,False,310000.0,Stanley Umude,0000930172_5-6_03.jpg,,fit,2324BarcaLogoweb.png,COT,173,Texas,Nigeria,9.6,4.7,2324BarcaLogoweb.png,3,False,S. Umude,Barça,27,2.5
2026-09-29_2259,12/10/1997,0,17.8,0000930084_5-6_03.jpg,True,14,Robinson,5.0,20260908T084600+0000,544000.0,185,False,False,640000.0,Justin Robinson,0000930067_5-6_03.jpg,,fit,2324BarcaLogoweb.png,EXT,179,Manassas (Virginia),EE.UU.,7.2,14.6,2324BarcaLogoweb.png,1,True,J. Robinson,Barça,28,11.3
2026-09-29_2259,02/12/1999,0,7.8,0000926883_5-6_03.jpg,True,13,Forrest,1.0,20260908T084600+0000,300000.0,183,False,False,270000.0,Michael Forrest,0000926865_5-6_03.jpg,,fit,202627ucamcblogoverticalcolor.png,COT,166,Pompano Beach (Florida),Jamaica,6.0,6.0,202627ucamcblogoverticalfondooscuro.png,1,False,M. Forrest,UCAM Murcia,26,4.2
2026-09-29_2259,06/07/2000,0,7.5,0000926806_5-6_03.jpg,True,13,Marcos,6.0,20260908T084600+0000,272000.0,190,False,False,320000.0,Juani Marcos,0000926792_5-6_03.jpg,,fit,202627ucamcblogoverticalcolor.png,EUR,167,Rosario,Italia,5.0,5.9,202627ucamcblogoverticalfondooscuro.png,1,False,J. Marcos,UCAM Murcia,26,4.2
2026-09-29_2259,17/06/1997,0,9.9,0000926779_5-6_03.jpg,True,13,Radebaugh,12.0,20260908T084600+0000,323000.0,191,False,False,380000.0,Jonah Radebaugh,0000926765_5-6_03.jpg,,fit,202627ucamcblogoverticalcolor.png,EUR,168,Denver ,Montenegro,5.0,7.9,202627ucamcblogoverticalfondooscuro.png,1,False,J. Radebaugh,UCAM Murcia,29,6.0
2026-09-29_2259,19/07/2003,0,6.2,0000929944_5-6_03.jpg,True,14,Ubal,10.0,20260908T084600+0000,240000.0,198,True,False,250000.0,Agustín Ubal,0000929938_5-6_03.jpg,,fit,2324BarcaLogoweb.png,JFL,171,Montevideo,Italia,4.8,4.8,2324BarcaLogoweb.png,3,False,A. Ubal,Barça,23,3.4
2026-09-29_2259,04/07/1998,0,6.9,0000930254_5-6_03.jpg,True,14,Gibson,1.0,20260917T183201+0000,255000.0,185,False,False,300000.0,Umoja Gibson,0000930238_5-6_03.jpg,,fit,2324BarcaLogoweb.png,EUR,240,Texas,Bulgaria,4.8,5.4,2324BarcaLogoweb.png,1,False,U. Gibson,Barça,28,3.9
2026-09-29_2259,26/12/1991,0,17.5,0000926668_5-6_03.jpg,True,13,Ennis,31.0,20260908T084600+0000,467500.0,188,False,False,550000.0,Dylan Ennis,0000926655_5-6_03.jpg,,fit,202627ucamcblogoverticalcolor.png,EUR,165,Toronto,Serbia,4.0,14.7,202627ucamcblogoverticalfondooscuro.png,3,False,D. Ennis,UCAM Murcia,34,11.9
2026-09-29_2259,26/03/1999,0,7.0,0000930057_5-6_03.jpg,True,14,Minaya,24.0,20260908T084600+0000,229500.0,196,False,False,270000.0,Justin Minaya,0000930046_5-6_03.jpg,,fit,2324BarcaLogoweb.png,COT,172,New Jersey,República Dominicana,3.6,5.6,2324BarcaLogoweb.png,3,False,J. Minaya,Barça,27,4.2
2026-09-29_2259,28/08/2001,0,6.8,0000926857_5-6_03.jpg,True,13,Steinbergs,28.0,20260908T084600+0000,170000.0,208,False,False,200000.0,Marcis Steinbergs,0000926844_5-6_03.jpg,,fit,202627ucamcblogoverticalcolor.png,EUR,162,Riga,Letonia,1.0,5.8,202627ucamcblogoverticalfondooscuro.png,5,False,M. Steinbergs,UCAM Murcia,25,4.8
2026-09-29_2259,13/02/1991,0,10.4,0000926730_5-6_03.jpg,True,13,Sant-Roos,8.0,20260908T084600+0000,450000.0,201,False,False,450000.0,Howard Sant-Roos,0000926722_5-6_03.jpg,,injured,202627ucamcblogoverticalcolor.png,EUR,156,La Habana,Cuba,0.0,9.0,202627ucamcblogoverticalfondooscuro.png,3,False,H. Sant-Roos,UCAM Murcia,35,7.6
2026-09-29_2259,06/03/1994,0,4.1,0000926894_5-6_03.jpg,True,13,Diagné,21.0,20260908T084600+0000,180000.0,211,True,False,180000.0,Moussa Diagne,0000926887_5-6_03.jpg,,fit,202627ucamcblogoverticalcolor.png,JFL,160,Guediawaye,España,0.0,3.6,202627ucamcblogoverticalfondooscuro.png,5,False,M. Diagné,UCAM Murcia,32,3.1
2026-09-29_2259,13/03/2002,0,2.8,0000926926_5-6_03.jpg,True,13,López,16.0,20260908T084600+0000,120000.0,201,True,False,120000.0,Rubén López De La Torre,0000926913_5-6_03.jpg,,fit,202627ucamcblogoverticalcolor.png,JFL,161,Madrid,España,0.0,2.4,202627ucamcblogoverticalfondooscuro.png,5,False,R. López,UCAM Murcia,24,2.0
2026-09-29_2259,08/11/1996,0,9.2,0000926822_5-6_03.jpg,True,13,Gates,4.0,20260908T084600+0000,400000.0,201,False,False,400000.0,Kaiser Gates,0000926816_5-6_03.jpg,,fit,202627ucamcblogoverticalcolor.png,EXT,163,Georgia,EE.UU.,0.0,8.0,202627ucamcblogoverticalfondooscuro.png,5,True,K. Gates,UCAM Murcia,29,6.8
2026-09-29_2259,25/06/2003,0,5.5,0000927017_5-6_03.jpg,True,13,Falk,13.0,20260908T084600+0000,119000.0,203,True,False,140000.0,Wilhelm Falk,0000927010_5-6_03.jpg,,fit,202627ucamcblogoverticalcolor.png,JFL,164,Sunnersberg,Suecia,0.0,4.8,202627ucamcblogoverticalfondooscuro.png,3,False,W. Falk,UCAM Murcia,23,4.0
2026-09-29_2259,17/07/1997,0,8.7,0000930006_5-6_03.jpg,True,14,Nebo,32.0,20260908T084600+0000,380000.0,206,False,False,380000.0,Josh Nebo,0000929999_5-6_03.jpg,,injured,2324BarcaLogoweb.png,EUR,175,Houston (Texas),Eslovenia,0.0,7.6,2324BarcaLogoweb.png,5,False,J. Nebo,Barça,29,6.5
2026-09-29_2259,09/08/2000,0,8.3,0000930275_5-6_03.jpg,True,14,Makoundou,55.0,20260908T084600+0000,360000.0,207,False,False,360000.0,Yoan Makoundou,0000930266_5-6_03.jpg,,injured,2324BarcaLogoweb.png,EUR,177,Melun,Francia,0.0,7.2,2324BarcaLogoweb.png,5,False,Y. Makoundou,Barça,26,6.1
2026-09-29_2259,16/02/2001,0,7.6,0000930210_5-6_03.jpg,True,14,Evbuomwan,20.0,20260908T084600+0000,330000.0,203,False,False,330000.0,Tosan Evbuomwan,0000930195_5-6_03.jpg,,injured,2324BarcaLogoweb.png,EUR,178,Newcastle,Reino Unido,0.0,6.6,2324BarcaLogoweb.png,5,False,T. Evbuomwan,Barça,25,5.6
2026-09-29_2259,31/03/1999,0,10.4,0000926946_5-6_03.jpg,True,13,Raieste,2.0,20260908T084600+0000,204000.0,201,True,False,240000.0,Sander Raieste,0000926937_5-6_03.jpg,,fit,202627ucamcblogoverticalcolor.png,JFL,158,Tallín,Estonia,-1.0,9.2,202627ucamcblogoverticalfondooscuro.png,3,False,S. Raieste,UCAM Murcia,27,7.9
