peso_v2,mae,rmse,corr,sesgo,suavizado
0.0,5.592233581299698,7.158958591629666,0.45264561306810774,-0.3059854745132195,2
0.05,5.591902317358584,7.1605696121980476,0.4526354709696695,-0.3272104687479031,2
0.1,5.59166275839831,7.162374434971366,0.45260416925380254,-0.3484354629825857,2
0.15,5.591727612929987,7.164372913483785,0.452551881286542,-0.3696604572172693,2
0.2,5.591964853973132,7.166564885725958,0.4524787877961047,-0.39088545145195186,2
0.25,5.59231680252323,7.1689501742104405,0.4523850766400053,-0.4121104456866356,2
0.3,5.592876793895488,7.17152858604321,0.4522709425672669,-0.4333354399213192,2
0.35,5.593658284877446,7.174299913001224,0.4521365869762123,-0.45456043415600195,2
0.4,5.594632736256113,7.1772639316159506,0.4519822176683501,-0.47578542839068516,2
0.45,5.595771782839485,7.18042040326279,0.45180804859884477,-0.4970104226253678,2
0.5,5.5972829743147425,7.183769074256307,0.45161429962406513,-0.5182354168600515,2
0.55,5.599089058492656,7.187309675951182,0.45140119624670505,-0.5394604110947346,2
0.6,5.6011075318781645,7.191041924848797,0.4511689693589573,-0.5606854053294179,2
0.65,5.6032403440604215,7.194965522709342,0.45091785498421433,-0.5819103995641011,2
0.7,5.605531453773153,7.199080156669363,0.45064809401776557,-0.6031353937987841,2
0.75,5.607988014255707,7.20338549936462,0.4503599319669474,-0.6243603880334674,2
0.8,5.610618993747466,7.207881209058165,0.4500536186911916,-0.6455853822681507,2
0.85,5.613408844730487,7.212566929773514,0.4497294081424071,-0.6668103765028338,2
0.9,5.616361392760389,7.217442291432798,0.4493875581061164,-0.688035370737517,2
0.95,5.619481477767831,7.222506909999763,0.44902832994375447,-0.7092603649722002,2
1.0,5.622802549023679,7.227760387627509,0.44865198833652314,-0.7304853592068834,2
0.0,5.578420011945006,7.142413184019754,0.4554898339304072,-0.3346217516127059,3
0.05,5.578113230538084,7.144168426950646,0.45545460566894036,-0.3557555167310874,3
0.1,5.578000538450127,7.1461097373428055,0.45539903439948465,-0.376889281849468,3
0.15,5.578103477449591,7.1482369636002385,0.45532328759901264,-0.3980230469678495,3
0.2,5.578307546923494,7.150549939797899,0.45522753948955863,-0.41915681208622996,3
0.25,5.578698238053219,7.153048485746103,0.45511197082529037,-0.4402905772046116,3
0.3,5.579301242646212,7.155732407060328,0.45497676867533365,-0.46142434232299323,3
0.35,5.58008966219923,7.158601495236348,0.4548221262027831,-0.4825581074413739,3
0.4,5.5811393960421185,7.161655527730628,0.45464824244033486,-0.503691872559755,3
0.45,5.582369934637122,7.16489426804591,0.4544553220629752,-0.5248256376781357,3
0.5,5.583817535200663,7.1683174658219135,0.4542435751581547,-0.5459594027965174,3
0.55,5.58550283429066,7.171924856931072,0.45401321699387337,-0.5670931679148986,3
0.6,5.5873843569893555,7.17571616357921,0.4537644677850943,-0.5882269330332796,3
0.65,5.589399913690988,7.179691094411096,0.45349755245890694,-0.6093606981516608,3
0.7,5.591492041420063,7.183849344620749,0.4532127004188363,-0.6304944632700419,3
0.75,5.593795081563994,7.188190596066429,0.4529101453087048,-0.6516282283884232,3
0.8,5.596260497127401,7.19271451739019,0.4525901247764271,-0.6727619935068043,3
0.85,5.59882553244808,7.19742076414192,0.4522528802381233,-0.6938957586251854,3
0.9,5.601562404190183,7.202308978907722,0.4518986566429131,-0.7150295237435665,3
0.95,5.6045013498464655,7.2073787914425775,0.4515277022387472,-0.7361632888619477,3
1.0,5.607629018432165,7.21262981880712,0.45114026833962034,-0.7572970539803288,3
0.0,5.575517269316903,7.13950164677948,0.4560034854532548,-0.35870735533119585,4
0.05,5.575189163729463,7.141384879862383,0.45595001546965375,-0.3797398831800522,4
0.1,5.575105276596465,7.143449996569806,0.45587666182025144,-0.4007724110289077,4
0.15,5.5751640862791705,7.145696839207859,0.455783588131043,-0.4218049388777641,4
0.2,5.575403746933219,7.148125236412913,0.4556709644749685,-0.44283746672661944,4
0.25,5.5758229088382585,7.150735003216596,0.45553896716990444,-0.4638699945754759,4
0.3,5.576483853284379,7.153525941115813,0.4553877785726712,-0.4849025224243324,4
0.35,5.577418955778086,7.156497838147695,0.4552175868694609,-0.5059350502731879,4
0.4,5.578609894466069,7.15965046896944,0.45502858586308487,-0.526967578122044,4
0.45,5.580068531818343,7.1629835949429586,0.45482097475744776,-0.5480001059708995,4
0.5,5.58169451539966,7.166496964224257,0.45459495793964527,-0.5690326338197559,4
0.55,5.583389942547477,7.170190311857488,0.4543507447600764,-0.590065161668612,4
0.6,5.585203425567283,7.174063359873566,0.4540885493109683,-0.611097689517468,4
0.65,5.587285223839354,7.178115817393291,0.4538085902036909,-0.632130217366324,4
0.7,5.5894604710100015,7.1823473807348694,0.4535110903452431,-0.65316274521518,4
0.75,5.591768736342443,7.186757733525756,0.4531962767142776,-0.6741952730640361,4
0.8,5.594216575788116,7.191346546818711,0.4528643801370256,-0.695227800912892,4
0.85,5.596791442080755,7.19611347921199,0.45251563506347914,-0.716260328761748,4
0.9,5.599478196132178,7.201058176973541,0.45215027934416396,-0.7372928566106041,4
0.95,5.602390820228782,7.206180274169141,0.45176855400784205,-0.7583253844594601,4
1.0,5.605421344477041,7.211479392794332,0.4513707030404613,-0.7793579123083161,4
0.0,5.583810395162001,7.150159814332576,0.45415131160675104,-0.3977053292463936,6
0.05,5.583844523198492,7.152258590381906,0.45407233328341334,-0.4185432288975124,6
0.1,5.58409576519335,7.154536199626546,0.4539737927578006,-0.4393811285486301,6
0.15,5.584546880783883,7.156992471333273,0.4538558502528464,-0.4602190281997491,6
0.2,5.585149949765534,7.159627221619518,0.45371867230829965,-0.48105692785086673,6
0.25,5.585990872619755,7.162440253521763,0.45356243158640297,-0.5018948275019856,6
0.3,5.586947369718232,7.165431357068613,0.45338730667359534,-0.5227327271531045,6
0.35,5.588048854470291,7.168600309358515,0.453193481878626,-0.5435706268042224,6
0.4,5.589306550940737,7.171946874642019,0.45298114702746584,-0.5644085264553408,6
0.45,5.590742029448208,7.175470804408549,0.45275049725540345,-0.5852464261064587,6
0.5,5.592438791252388,7.179171837477572,0.4525017327967034,-0.6060843257575775,6
0.55,5.594344074015353,7.183049700094125,0.45223505877221054,-0.626922225408696,6
0.6,5.596337785827663,7.187104106028596,0.451950684975277,-0.6477601250598144,6
0.65,5.598401904505361,7.191334756680676,0.4516488256563738,-0.6685980247109328,6
0.7,5.600544718123174,7.195741341187404,0.45132969930676275,-0.6894359243620513,6
0.75,5.602754327278733,7.200323536535221,0.4509935284415758,-0.7102738240131696,6
0.8,5.6051643767913175,7.205081007675919,0.45064053938265713,-0.7311117236642881,6
0.85,5.607720616557646,7.210013407646411,0.4502709620415095,-0.7519496233154063,6
0.9,5.610433342449884,7.215120377692209,0.4498850297026696,-0.7727875229665246,6
0.95,5.613432763803372,7.220401547394529,0.44948297880784754,-0.793625422617643,6
1.0,5.616735291132814,7.225856534800897,0.4490650487411283,-0.8144633222687615,6
0.0,5.5986974940350445,7.1689693272185,0.45088116101585224,-0.4284172815701662,8
0.05,5.599060505778494,7.171242513538963,0.4507847458098925,-0.44908396557532093,8
0.1,5.599632459606905,7.173694873336619,0.45066870054717817,-0.46975064958047485,8
0.15,5.600281534782494,7.176326222925077,0.45053318520349045,-0.4904173335856297,8
0.2,5.601059207346282,7.179136365490395,0.45037836622347877,-0.5110840175907835,8
0.25,5.601998775976584,7.182125091164154,0.4502044163250509,-0.5317507015959384,8
0.3,5.6031683721409955,7.1852921771011715,0.450011514299497,-0.5524173856010933,8
0.35,5.604478557794598,7.188637387561806,0.4497998448077532,-0.5730840696062471,8
0.4,5.605901543440565,7.192160473998761,0.44956959817318926,-0.5937507536114018,8
0.45,5.607450619139788,7.195861175148342,0.44932097017132555,-0.6144174376165558,8
0.5,5.609127160864748,7.199739217126061,0.4490541618168701,-0.6350841216217106,8
0.55,5.61097777987253,7.203794313526535,0.4487693791484642,-0.655750805626865,8
0.6,5.612880811982978,7.208026165527565,0.44846683301152884,-0.6764174896320195,8
0.65,5.614917034671822,7.212434461998344,0.44814673883959205,-0.6970841736371739,8
0.7,5.6170849265126375,7.217018879611663,0.4478093164344738,-0.7177508576423284,8
0.75,5.619327676168757,7.221779082960068,0.44745478974570047,-0.7384175416474827,8
0.8,5.621722398941055,7.22671472467583,0.44708338664951097,-0.7590842256526372,8
0.85,5.624364710802361,7.231825445554663,0.4466953387278097,-0.7797509096577916,8
0.9,5.6272471282991425,7.237110874683064,0.4462908810474107,-0.8004175936629461,8
0.95,5.630321783730529,7.242570629569197,0.44587025193991103,-0.8210842776681007,8
1.0,5.633563066102861,7.248204316277198,0.44543369278251715,-0.841750961673255,8
