idPlayer,shortName,nick,birthdate,fullName,nameTeam,position,price,initialPrice,injuredDays,fisicStatus,isExtraCommunity,isNational,license,partidos_actual,media_actual_sin_bonus,rival_logo,prox_local,idPlayer_2526,partidos_2526,media_2526_sin_bonus,media_2526_con_bonus,minutos_2526,win_pct_equipo_2526,fuerza_equipo,rival,fuerza_rival,hfa,p_win_J2,W,media_sin_bonus,puntos_esperados_J2,media_acum_proyectada,precio_objetivo,precio_proyectado_J3,reval_esperada,alerta_lesion
96,R. Rubio,Rubio,21/10/1990,Ricky Rubio,Asisa Joventut,1,977500.0,850000.0,0,fit,False,True,JFL,1,26.0,20252026MorabancAndorraLogoPositivoOK.png,True,95.0,29.0,16.655172413793103,19.193103448275863,21.03103448275862,0.5882352941176471,0.4705882352941177,MoraBanc Andorra,0.28235294117647064,0.1,0.7778085776314685,0.2,18.524137931034485,21.4057846062319,23.702892303115952,1185144.6151557977,1124125.0,0.1499999999999999,False
93,N. Laprovittola,Laprovittola,31/01/1990,Nico Laprovittola,Asisa Joventut,1,598000.0,520000.0,0,fit,False,False,EUR,1,22.0,20252026MorabancAndorraLogoPositivoOK.png,True,192.0,14.0,10.785714285714286,12.414285714285715,19.13809523809524,0.5882352941176471,0.4705882352941177,MoraBanc Andorra,0.28235294117647064,0.1,0.7778085776314685,0.2,13.02857142857143,15.055318350856858,18.52765917542843,926382.9587714215,687700.0,0.1499999999999999,False
188,L. Radosevic,Radosevic,26/02/1990,Leon Radosevic,MoraBanc Andorra,5,379500.0,330000.0,0,fit,False,False,EUR,1,17.0,202526AsisaJoventutLogoPosisitvo.png,False,,,,,,0.35294117647058826,0.28235294117647064,Asisa Joventut,0.4705882352941177,-0.1,0.22219142236853162,0.2,8.331868131868132,8.702122058109497,12.851061029054748,642553.0514527374,436424.99999999994,0.1499999999999999,False
183,J. Akinjo,Akinjo,27/11/2000,James Akinjo,MoraBanc Andorra,1,540500.0,470000.0,0,fit,True,False,EXT,1,16.0,202526AsisaJoventutLogoPosisitvo.png,False,,,,,,0.35294117647058826,0.28235294117647064,Asisa Joventut,0.4705882352941177,-0.1,0.22219142236853162,0.2,10.224175824175825,10.67852065795974,13.33926032897987,666963.0164489935,621575.0,0.1499999999999999,False
190,A. Pustovyi,Pustovyi,25/06/1992,Artem Pustovyi,MoraBanc Andorra,5,632500.0,550000.0,0,fit,False,False,EUR,1,16.0,202526AsisaJoventutLogoPosisitvo.png,False,206.0,34.0,14.323529411764707,15.258823529411764,18.998529411764707,0.35294117647058826,0.28235294117647064,Asisa Joventut,0.4705882352941177,-0.1,0.22219142236853162,0.2,14.658823529411766,15.310236499461626,15.655118249730812,782755.9124865406,727375.0,0.1499999999999999,False
185,W. Iwundu,Iwundu,20/12/1994,Wes Iwundu,MoraBanc Andorra,3,650000.0,570000.0,0,fit,False,False,COT,1,13.0,202526AsisaJoventutLogoPosisitvo.png,False,,,,,,0.35294117647058826,0.28235294117647064,Asisa Joventut,0.4705882352941177,-0.1,0.22219142236853162,0.2,11.11868131868132,11.612776442093365,12.306388221046682,615319.4110523341,615319.4110523341,-0.053354752227178226,False
59,E. Ndiaye,Ndiaye,26/06/2004,Eli Ndiaye,Asisa Joventut,5,368000.0,320000.0,0,fit,False,True,JFL,1,12.0,20252026MorabancAndorraLogoPositivoOK.png,True,,,,,,0.5882352941176471,0.4705882352941177,MoraBanc Andorra,0.28235294117647064,0.1,0.7778085776314685,0.2,6.981052631578948,8.067037155126718,10.03351857756336,501675.928878168,423199.99999999994,0.1499999999999999,False
192,K. Robertson,Robertson,20/04/1994,Kassius Robertson,MoraBanc Andorra,3,460000.0,400000.0,0,fit,False,False,COT,1,12.0,202526AsisaJoventutLogoPosisitvo.png,False,285.0,16.0,4.3125,4.525,20.589583333333334,0.35294117647058826,0.28235294117647064,Asisa Joventut,0.4705882352941177,-0.1,0.22219142236853162,0.2,5.8500000000000005,6.1099639641711825,9.054981982085591,452749.09910427954,452749.09910427954,-0.015762828034174947,False
94,K. Cheatham,Cheatham,21/08/1995,Kwan Cheatham,Asisa Joventut,5,402500.0,350000.0,0,fit,False,False,EUR,1,11.0,20252026MorabancAndorraLogoPositivoOK.png,True,,,,,,0.5882352941176471,0.4705882352941177,MoraBanc Andorra,0.28235294117647064,0.1,0.7778085776314685,0.2,7.2105263157894735,8.332208159321171,9.666104079660585,483305.20398302923,462874.99999999994,0.1499999999999999,False
100,L. Hakanson,Hakanson,22/03/1996,Ludde Hakanson,Asisa Joventut,1,322000.0,280000.0,0,fit,False,True,JFL,1,9.0,20252026MorabancAndorraLogoPositivoOK.png,True,96.0,31.0,7.290322580645161,8.30967741935484,19.781720430107526,0.5882352941176471,0.4705882352941177,MoraBanc Andorra,0.28235294117647064,0.1,0.7778085776314685,0.2,7.632258064516129,8.819545222371648,8.909772611185824,445488.6305592912,370300.0,0.1499999999999999,False
97,A. Reyes,Reyes,17/12/1993,Álex Reyes,Asisa Joventut,3,400000.0,460000.0,0,fit,False,True,JFL,1,8.0,20252026MorabancAndorraLogoPositivoOK.png,True,73.0,33.0,13.363636363636363,14.739393939393938,24.936868686868685,0.5882352941176471,0.4705882352941177,MoraBanc Andorra,0.28235294117647064,0.1,0.7778085776314685,0.2,12.290909090909091,14.20290399446863,11.101451997234314,555072.5998617157,459999.99999999994,0.1499999999999999,False
194,A. Best,Best,01/09/1992,Aaron Best,MoraBanc Andorra,3,322000.0,280000.0,0,fit,False,False,COT,1,8.0,202526AsisaJoventutLogoPosisitvo.png,False,202.0,33.0,6.121212121212121,6.551515151515151,21.855555555555554,0.35294117647058826,0.28235294117647064,Asisa Joventut,0.4705882352941177,-0.1,0.22219142236853162,0.2,6.496969696969698,6.7856838845806875,7.392841942290344,369642.09711451724,369642.09711451724,0.1479568233370101,False
92,B. Ellis,Ellis,12/12/2000,Boogie Ellis,Asisa Joventut,3,408000.0,480000.0,0,fit,True,False,EXT,1,6.0,20252026MorabancAndorraLogoPositivoOK.png,True,,,,,,0.5882352941176471,0.4705882352941177,MoraBanc Andorra,0.28235294117647064,0.1,0.7778085776314685,0.2,8.071578947368423,9.327207615426971,7.663603807713486,383180.1903856743,383180.1903856743,-0.060832866701778676,False
95,S. Birgander,Birgander,23/10/1997,Simon Birgander,Asisa Joventut,5,365500.0,430000.0,0,fit,False,False,EUR,1,6.0,20252026MorabancAndorraLogoPositivoOK.png,True,87.0,27.0,10.0,11.637037037037036,18.005555555555556,0.5882352941176471,0.4705882352941177,MoraBanc Andorra,0.28235294117647064,0.1,0.7778085776314685,0.2,9.2,10.631167782841903,8.315583891420951,415779.19457104756,415779.19457104756,0.1375627758441793,False
98,I. Nogués,Nogués,10/02/2004,Isaac Nogués,Asisa Joventut,3,250000.0,220000.0,0,fit,False,True,JFL,1,5.0,20252026MorabancAndorraLogoPositivoOK.png,True,48.0,19.0,1.3157894736842106,1.5999999999999999,7.413157894736842,0.5882352941176471,0.4705882352941177,MoraBanc Andorra,0.28235294117647064,0.1,0.7778085776314685,0.2,2.0526315789473686,2.3719424687118664,3.685971234355933,184298.56171779666,212500.0,-0.15000000000000002,False
193,C. Ortega,Ortega,13/08/1997,Chumi Ortega,MoraBanc Andorra,3,172500.0,150000.0,0,fit,False,True,JFL,1,5.0,202526AsisaJoventutLogoPosisitvo.png,False,211.0,33.0,2.4242424242424243,2.624242424242424,11.646969696969698,0.35294117647058826,0.28235294117647064,Asisa Joventut,0.4705882352941177,-0.1,0.22219142236853162,0.2,2.9393939393939394,3.0700155634530155,4.035007781726508,201750.3890863254,198374.99999999997,0.1499999999999999,False
191,K. Kuric,Kuric,25/08/1989,Kyle Kuric,MoraBanc Andorra,3,365500.0,430000.0,0,fit,False,False,EUR,1,4.0,202526AsisaJoventutLogoPosisitvo.png,False,208.0,32.0,10.84375,11.60625,21.628125,0.35294117647058826,0.28235294117647064,Asisa Joventut,0.4705882352941177,-0.1,0.22219142236853162,0.2,9.475000000000001,9.896052745388369,6.948026372694184,347401.3186347092,347401.3186347092,-0.04951759607466699,False
239,A. Torres,Torres,12/09/2006,Adrián Torres,Asisa Joventut,3,138000.0,120000.0,0,fit,False,True,JFL,1,3.0,20252026MorabancAndorraLogoPositivoOK.png,True,248.0,1.0,2.0,2.4,1.9833333333333334,0.5882352941176471,0.4705882352941177,MoraBanc Andorra,0.28235294117647064,0.1,0.7778085776314685,0.2,2.2,2.5422357741578465,2.7711178870789235,138555.89435394618,138555.89435394618,0.004028219956131673,False
189,L. Mutic,Mutic,06/01/1999,Lazar Mutic,MoraBanc Andorra,3,263500.0,310000.0,0,fit,False,True,JFL,1,2.0,202526AsisaJoventutLogoPosisitvo.png,False,,,,,,0.35294117647058826,0.28235294117647064,Asisa Joventut,0.4705882352941177,-0.1,0.22219142236853162,0.2,5.032967032967034,5.256623453724808,3.628311726862404,181415.5863431202,223975.0,-0.15000000000000002,False
186,O. Aquino,Aquino,08/01/2003,Owen  Aquino,MoraBanc Andorra,5,170000.0,200000.0,0,fit,False,True,JFL,1,1.0,202526AsisaJoventutLogoPosisitvo.png,False,,,,,,0.35294117647058826,0.28235294117647064,Asisa Joventut,0.4705882352941177,-0.1,0.22219142236853162,0.2,3.1890109890109892,3.3307251665304354,2.1653625832652175,108268.12916326088,144500.0,-0.15000000000000002,False
99,Y. Kraag,Kraag,16/10/2002,Yannick Kraag,Asisa Joventut,3,250000.0,250000.0,0,injured,False,True,JFL,0,,20252026MorabancAndorraLogoPositivoOK.png,True,94.0,32.0,7.625,8.55625,22.216145833333332,0.5882352941176471,0.4705882352941177,MoraBanc Andorra,0.28235294117647064,0.1,0.7778085776314685,0.0,7.625,8.81115808088799,8.81115808088799,440557.9040443995,287500.0,0.1499999999999999,True
101,A. Tomic,Tomic,17/02/1987,Ante Tomic,Asisa Joventut,5,780000.0,780000.0,0,injured,False,False,EUR,0,,20252026MorabancAndorraLogoPositivoOK.png,True,88.0,23.0,16.956521739130434,19.08695652173913,19.828985507246376,0.5882352941176471,0.4705882352941177,MoraBanc Andorra,0.28235294117647064,0.1,0.7778085776314685,0.0,16.956521739130434,19.59430735022846,19.59430735022846,979715.367511423,896999.9999999999,0.1499999999999999,True
102,E. Sulejmanovic,Sulejmanovic,13/07/1995,Emir Sulejmanovic,Asisa Joventut,5,420000.0,420000.0,0,fit,False,False,EUR,0,,20252026MorabancAndorraLogoPositivoOK.png,True,219.0,27.0,7.037037037037037,7.962962962962963,14.74074074074074,0.5882352941176471,0.4705882352941177,MoraBanc Andorra,0.28235294117647064,0.1,0.7778085776314685,0.0,7.037037037037037,8.131730590740586,8.131730590740586,406586.52953702933,406586.52953702933,-0.031936834435644434,False
184,C. McGriff,McGriff,30/09/1997,Cameron McGriff,MoraBanc Andorra,5,380000.0,380000.0,0,injured,True,False,EXT,0,,202526AsisaJoventutLogoPosisitvo.png,False,,,,,,0.35294117647058826,0.28235294117647064,Asisa Joventut,0.4705882352941177,-0.1,0.22219142236853162,0.0,7.0989010989010985,7.414364085384772,7.414364085384772,370718.20426923863,370718.20426923863,-0.02442577823884573,True
187,L. Bottiroli,Bottiroli,10/01/2009,Luka Bottiroli,MoraBanc Andorra,1,120000.0,120000.0,0,fit,False,True,JFL,1,0.0,202526AsisaJoventutLogoPosisitvo.png,False,,,,,,0.35294117647058826,0.28235294117647064,Asisa Joventut,0.4705882352941177,-0.1,0.22219142236853162,0.2,1.7934065934065935,1.8731025057814163,0.9365512528907082,46827.56264453541,102000.0,-0.15000000000000002,False
195,R. Luz,Luz,11/02/1992,Rafa Luz,MoraBanc Andorra,1,297500.0,350000.0,0,fit,False,True,JFL,1,0.0,202526AsisaJoventutLogoPosisitvo.png,False,209.0,28.0,8.107142857142858,8.914285714285715,15.619047619047619,0.35294117647058826,0.28235294117647064,Asisa Joventut,0.4705882352941177,-0.1,0.22219142236853162,0.2,6.485714285714287,6.77392830215804,3.38696415107902,169348.20755395098,252875.0,-0.15000000000000002,False
42,W. Hernangómez,Hernangómez,27/05/1994,Willy Hernangómez,Unicaja,5,678500.0,590000.0,0,fit,False,True,JFL,1,23.0,2425LaLagunaTenerifeLogo.png,True,200.0,33.0,12.212121212121213,14.133333333333333,16.11969696969697,0.5,0.4,La Laguna Tenerife,0.42352941176470593,0.1,0.6001001345804066,0.2,14.369696969696971,16.094348386775934,19.547174193387967,977358.7096693984,780274.9999999999,0.1499999999999999,False
45,A. Noua,Noua,07/02/1997,Amine Noua,Unicaja,5,483000.0,420000.0,0,fit,False,False,EUR,1,23.0,2425LaLagunaTenerifeLogo.png,True,,,,,,0.5,0.4,La Laguna Tenerife,0.42352941176470593,0.1,0.6001001345804066,0.2,10.70909090909091,11.994396288246763,17.49719814412338,874859.9072061691,555450.0,0.1499999999999999,False
29,López-Arostegui,López-A.,19/05/1997,Xabi López-Arostegui,La Laguna Tenerife,3,425500.0,370000.0,0,fit,False,True,JFL,1,16.0,2324UnicajaLogo.png,False,62.0,15.0,8.733333333333333,10.053333333333335,14.913333333333334,0.5294117647058824,0.42352941176470593,Unicaja,0.4,-0.1,0.3998998654195935,0.2,10.186666666666667,11.00139599248152,13.50069799624076,675034.8998120379,489324.99999999994,0.1499999999999999,False
28,K. Guy,Guy,11/08/1997,Kyle Guy,La Laguna Tenerife,3,632500.0,550000.0,0,fit,True,False,EXT,1,13.0,2324UnicajaLogo.png,False,,,,,,0.5294117647058824,0.42352941176470593,Unicaja,0.4,-0.1,0.3998998654195935,0.2,10.557446808510639,11.401831120090224,12.200915560045111,610045.7780022556,610045.7780022556,-0.03550074624149313,False
30,E. Happ,Happ,07/05/1996,Ethan Happ,La Laguna Tenerife,5,650000.0,580000.0,0,fit,False,False,EUR,1,13.0,2324UnicajaLogo.png,False,50.0,25.0,17.32,19.008,23.464666666666666,0.5294117647058824,0.42352941176470593,Unicaja,0.4,-0.1,0.3998998654195935,0.2,16.456000000000003,17.77215043706897,15.386075218534485,769303.7609267242,747500.0,0.1499999999999999,False
33,T. Abromaitis,Abromaitis,17/09/1989,Tim Abromaitis,La Laguna Tenerife,5,345000.0,300000.0,0,fit,False,False,EUR,1,13.0,2324UnicajaLogo.png,False,125.0,33.0,7.454545454545454,8.115151515151515,17.61060606060606,0.5294117647058824,0.42352941176470593,Unicaja,0.4,-0.1,0.3998998654195935,0.2,8.563636363636364,9.248555769500468,11.124277884750235,556213.8942375118,396749.99999999994,0.1499999999999999,False
37,M. Huertas,Huertas,25/05/1983,Marcelinho Huertas,La Laguna Tenerife,1,600000.0,680000.0,0,fit,False,False,EUR,1,12.0,2324UnicajaLogo.png,False,129.0,29.0,16.20689655172414,18.24137931034483,23.396551724137932,0.5294117647058824,0.42352941176470593,Unicaja,0.4,-0.1,0.3998998654195935,0.2,15.365517241379312,16.59445089676532,14.29722544838266,714861.272419133,690000.0,0.1499999999999999,False
50,M. Pantzar,Pantzar,10/04/2000,Melwin Pantzar,Unicaja,1,540500.0,470000.0,0,fit,False,True,JFL,1,11.0,2425LaLagunaTenerifeLogo.png,True,158.0,31.0,17.129032258064516,19.116129032258065,24.74301075268817,0.5,0.4,La Laguna Tenerife,0.42352941176470593,0.1,0.6001001345804066,0.2,15.903225806451612,17.811931395794456,14.405965697897228,720298.2848948614,621575.0,0.1499999999999999,False
39,S. Lukosius,Lukosius,13/08/2002,Simonas Lukosius,Unicaja,3,368000.0,320000.0,0,fit,False,False,EUR,1,10.0,2425LaLagunaTenerifeLogo.png,True,,,,,,0.5,0.4,La Laguna Tenerife,0.42352941176470593,0.1,0.6001001345804066,0.2,6.654545454545455,7.4532241791142875,8.726612089557143,436330.6044778572,423199.99999999994,0.1499999999999999,False
40,I. Brazdeikis,Brazdeikis,08/01/1999,Ignas  Brazdeikis,Unicaja,3,450000.0,400000.0,0,fit,False,False,EUR,1,9.0,2425LaLagunaTenerifeLogo.png,True,,,,,,0.5,0.4,La Laguna Tenerife,0.42352941176470593,0.1,0.6001001345804066,0.2,7.618181818181818,8.532516205051602,8.7662581025258,438312.90512629,438312.90512629,-0.025971321941577807,False
36,J. Fernández,Fernández,04/06/1993,Jaime Fernández,La Laguna Tenerife,3,350000.0,380000.0,0,fit,False,True,JFL,1,7.0,2324UnicajaLogo.png,False,136.0,31.0,11.064516129032258,12.451612903225806,18.48548387096774,0.5294117647058824,0.42352941176470593,Unicaja,0.4,-0.1,0.3998998654195935,0.2,10.251612903225807,11.071536627292561,9.03576831364628,451788.41568231396,402499.99999999994,0.1499999999999999,False
38,B. Fitipaldo,Fitipaldo,02/08/1991,Bruno Fitipaldo,La Laguna Tenerife,1,333500.0,290000.0,0,fit,False,False,EUR,1,7.0,2324UnicajaLogo.png,False,130.0,32.0,6.3125,7.30625,20.7390625,0.5294117647058824,0.42352941176470593,Unicaja,0.4,-0.1,0.3998998654195935,0.2,6.450000000000001,6.965870826391277,6.982935413195639,349146.77065978193,349146.77065978193,0.04691685355256947,False
51,K. Perry,Perry,23/12/1992,Kendrick Perry,Unicaja,1,518500.0,610000.0,0,fit,False,False,EUR,1,7.0,2425LaLagunaTenerifeLogo.png,True,217.0,32.0,13.21875,14.90625,21.867708333333333,0.5,0.4,La Laguna Tenerife,0.42352941176470593,0.1,0.6001001345804066,0.2,11.975000000000001,13.412239822320076,10.206119911160037,510305.99555800186,510305.99555800186,-0.015803287255541254,False
32,G. Shermadini,Shermadini,02/04/1989,Giorgi Shermadini,La Laguna Tenerife,5,697000.0,820000.0,0,fit,False,False,EUR,1,4.0,2324UnicajaLogo.png,False,127.0,29.0,18.103448275862068,20.29655172413793,22.06494252873563,0.5294117647058824,0.42352941176470593,Unicaja,0.4,-0.1,0.3998998654195935,0.2,15.282758620689656,16.50507324382044,10.25253662191022,512626.83109551104,592450.0,-0.15000000000000002,False
49,C. Hunt,Hunt,25/08/1997,Cameron Hunt,Unicaja,3,425000.0,500000.0,0,fit,True,False,EXT,1,3.0,2425LaLagunaTenerifeLogo.png,True,91.0,31.0,14.096774193548388,15.961290322580645,27.789247311827957,0.5,0.4,La Laguna Tenerife,0.42352941176470593,0.1,0.6001001345804066,0.2,11.877419354838711,13.30294754550004,8.15147377275002,407573.688637501,407573.688637501,-0.04100308555882126,False
34,A. Doornekamp,Doornekamp,05/12/1985,Aaron Doornekamp,La Laguna Tenerife,5,221000.0,260000.0,0,fit,False,False,EUR,1,2.0,2324UnicajaLogo.png,False,131.0,31.0,7.516129032258065,8.541935483870969,22.75483870967742,0.5294117647058824,0.42352941176470593,Unicaja,0.4,-0.1,0.3998998654195935,0.2,6.412903225806453,6.925807053196229,4.462903526598114,223145.17632990572,223145.17632990572,0.009706680225817665,False
26,TJ Bamba,Bamba,06/01/2001,TJ Bamba,La Laguna Tenerife,3,280500.0,330000.0,0,fit,False,False,COT,1,1.0,2324UnicajaLogo.png,False,,,,,,0.5294117647058824,0.42352941176470593,Unicaja,0.4,-0.1,0.3998998654195935,0.2,4.974468085106383,5.372325908660005,3.1861629543300025,159308.14771650013,238425.0,-0.15000000000000002,False
43,D. Kravish,Kravish,12/09/1992,David Kravish,Unicaja,5,195500.0,230000.0,0,fit,False,False,EUR,1,1.0,2425LaLagunaTenerifeLogo.png,True,220.0,9.0,5.777777777777778,6.533333333333333,15.055555555555555,0.5,0.4,La Laguna Tenerife,0.42352941176470593,0.1,0.6001001345804066,0.2,4.822222222222223,5.40098546312866,3.20049273156433,160024.6365782165,166175.0,-0.15000000000000002,False
46,J. Barreiro,Barreiro,16/01/1997,Jonathan Barreiro,Unicaja,3,144500.0,170000.0,0,fit,False,True,JFL,1,1.0,2425LaLagunaTenerifeLogo.png,True,222.0,31.0,5.225806451612903,5.838709677419355,15.773118279569893,0.5,0.4,La Laguna Tenerife,0.42352941176470593,0.1,0.6001001345804066,0.2,4.380645161290323,4.906410311458189,2.9532051557290946,147660.25778645472,147660.25778645472,0.02187029610003277,False
52,A. Díaz,Díaz,23/04/1994,Alberto Díaz,Unicaja,1,297500.0,350000.0,0,injured,False,True,JFL,1,1.0,2425LaLagunaTenerifeLogo.png,True,225.0,29.0,8.827586206896552,10.013793103448275,18.96264367816092,0.5,0.4,La Laguna Tenerife,0.42352941176470593,0.1,0.6001001345804066,0.2,7.2620689655172415,8.13366267822506,4.56683133911253,228341.56695562648,252875.0,-0.15000000000000002,True
27,V. Hunter,Hunter,05/08/1994,Vince Hunter,La Laguna Tenerife,5,360000.0,360000.0,0,fit,True,False,EXT,0,,2324UnicajaLogo.png,False,,,,,,0.5294117647058824,0.42352941176470593,Unicaja,0.4,-0.1,0.3998998654195935,0.0,6.51063829787234,7.031358973695301,7.031358973695301,351567.9486847651,351567.9486847651,-0.023422364764541403,False
31,A. Kurucs,Kurucs,19/01/2000,Arturs Kurucs,La Laguna Tenerife,1,153000.0,180000.0,0,fit,False,True,JFL,1,0.0,2324UnicajaLogo.png,False,86.0,34.0,3.6470588235294117,4.147058823529412,20.474019607843136,0.5294117647058824,0.42352941176470593,Unicaja,0.4,-0.1,0.3998998654195935,0.2,2.9176470588235297,3.1510003920566105,1.5755001960283053,78775.00980141526,130050.0,-0.15000000000000002,False
35,H. Alderete,Alderete,06/03/2002,Héctor Alderete,La Laguna Tenerife,3,120000.0,120000.0,0,fit,False,True,JFL,1,0.0,2324UnicajaLogo.png,False,137.0,17.0,0.7647058823529411,0.9411764705882353,7.506862745098039,0.5294117647058824,0.42352941176470593,Unicaja,0.4,-0.1,0.3998998654195935,0.2,0.611764705882353,0.6606936305925151,0.33034681529625753,16517.340764812878,102000.0,-0.15000000000000002,False
41,Y. Nzosa,Nzosa,15/11/2003,Yannick Nzosa,Unicaja,5,150000.0,150000.0,0,injured,False,True,JFL,0,,2425LaLagunaTenerifeLogo.png,True,9.0,28.0,2.25,2.4642857142857144,7.192857142857143,0.5,0.4,La Laguna Tenerife,0.42352941176470593,0.1,0.6001001345804066,0.0,2.25,2.5200450605611833,2.5200450605611833,126002.25302805916,127500.0,-0.15000000000000002,True
44,T. Pérez,Tyson,29/01/1996,Tyson Pérez,Unicaja,5,450000.0,450000.0,0,injured,False,True,JFL,0,,2425LaLagunaTenerifeLogo.png,True,223.0,19.0,10.789473684210526,12.168421052631578,17.121052631578948,0.5,0.4,La Laguna Tenerife,0.42352941176470593,0.1,0.6001001345804066,0.0,10.789473684210526,12.084426606199825,12.084426606199825,604221.3303099913,517499.99999999994,0.1499999999999999,True
47,T. Kalinoski,Kalinoski,19/12/1992,Tyler Kalinoski,Unicaja,3,200000.0,200000.0,0,injured,False,False,EUR,0,,2425LaLagunaTenerifeLogo.png,True,213.0,29.0,4.862068965517241,5.710344827586207,19.15632183908046,0.5,0.4,La Laguna Tenerife,0.42352941176470593,0.1,0.6001001345804066,0.0,4.862068965517241,5.445614613626464,5.445614613626464,272280.7306813232,229999.99999999997,0.1499999999999999,True
48,N. Djedovic,Djedovic,12/01/1990,Nihad Djedovic,Unicaja,3,204000.0,240000.0,0,fit,False,True,JFL,1,0.0,2425LaLagunaTenerifeLogo.png,True,214.0,23.0,6.478260869565218,7.321739130434783,17.476086956521737,0.5,0.4,La Laguna Tenerife,0.42352941176470593,0.1,0.6001001345804066,0.2,5.182608695652174,5.804625530799866,2.902312765399933,145115.63826999665,173400.0,-0.15000000000000002,False
213,D. Brankovic,Brankovic,05/11/2000,Danko Brankovic,Río Breogán,5,667000.0,580000.0,0,fit,False,False,EUR,1,29.0,202526KidsUsManresa.png,False,78.0,34.0,12.794117647058824,14.088235294117647,16.92156862745098,0.4411764705882353,0.5529411764705883,Kids&Us Manresa,0.4,-0.1,0.5279121275061085,0.2,16.035294117647062,17.72833936421371,23.364169682106855,1168208.4841053428,767049.9999999999,0.1499999999999999,False
210,R. Bolton,Bolton,27/09/1999,Rasir Bolton,Río Breogán,1,437000.0,380000.0,0,fit,True,False,EXT,1,21.0,202526KidsUsManresa.png,False,,,,,,0.4411764705882353,0.5529411764705883,Kids&Us Manresa,0.4,-0.1,0.5279121275061085,0.2,9.787027027027028,10.820365078986551,15.910182539493276,795509.1269746638,502549.99999999994,0.1499999999999999,False
218,F. Alonso,Alonso,25/05/1996,Francis Alonso,Río Breogán,3,701500.0,610000.0,0,fit,False,True,JFL,1,21.0,202526KidsUsManresa.png,False,84.0,34.0,13.764705882352942,15.070588235294117,22.234803921568627,0.4411764705882353,0.5529411764705883,Kids&Us Manresa,0.4,-0.1,0.5279121275061085,0.2,15.211764705882356,16.81785971968329,18.908929859841646,945446.4929920823,806724.9999999999,0.1499999999999999,False
121,N. Ongenda,Ongenda,29/09/2000,Nick Ongenda,Kids&Us Manresa,5,540500.0,470000.0,0,fit,False,False,COT,1,17.0,breogan_00.png,True,,,,,,0.5,0.4,Río Breogán,0.5529411764705883,0.1,0.4720878724938915,0.2,10.236363636363636,11.202856262596585,14.101428131298292,705071.4065649146,621575.0,0.1499999999999999,False
208,A. Garcia,Garcia,23/08/2000,Andersson Garcia,Río Breogán,5,425500.0,370000.0,0,fit,False,False,COT,1,13.0,202526KidsUsManresa.png,False,,,,,,0.4411764705882353,0.5529411764705883,Kids&Us Manresa,0.4,-0.1,0.5279121275061085,0.2,8.040000000000001,8.888882701029823,10.94444135051491,547222.0675257455,489324.99999999994,0.1499999999999999,False
209,T. Brown,Brown,23/09/1998,Tevin Brown,Río Breogán,3,598000.0,520000.0,0,fit,True,False,EXT,1,13.0,202526KidsUsManresa.png,False,,,,,,0.4411764705882353,0.5529411764705883,Kids&Us Manresa,0.4,-0.1,0.5279121275061085,0.2,10.245405405405407,11.327140158351437,12.163570079175718,608178.5039587859,608178.5039587859,0.017020909630076853,False
220,D. Mavra,Mavra,15/06/1994,Dominik Mavra,Río Breogán,1,529000.0,460000.0,0,fit,False,False,EUR,1,13.0,202526KidsUsManresa.png,False,80.0,34.0,10.735294117647058,11.605882352941178,18.676470588235293,0.4411764705882353,0.5529411764705883,Kids&Us Manresa,0.4,-0.1,0.5279121275061085,0.2,11.188235294117646,12.369516313548962,12.684758156774482,634237.9078387241,608350.0,0.1499999999999999,False
124,L. Kolenda,Kolenda,28/07/1999,Lukasz Kolenda,Kids&Us Manresa,3,368000.0,320000.0,0,fit,False,False,EUR,1,15.0,breogan_00.png,True,,,,,,0.5,0.4,Río Breogán,0.5529411764705883,0.1,0.4720878724938915,0.2,7.654545454545455,8.377269070254286,11.688634535127143,584431.7267563571,423199.99999999994,0.1499999999999999,False
212,A. Ilić,Ilić,17/09/1996,Aleksa  Ilić,Río Breogán,5,460000.0,400000.0,0,fit,False,False,EUR,1,11.0,202526KidsUsManresa.png,False,,,,,,0.4411764705882353,0.5529411764705883,Kids&Us Manresa,0.4,-0.1,0.5279121275061085,0.2,8.08108108108108,8.934301222293655,9.967150611146828,498357.53055734135,498357.53055734135,0.0833859359942204,False
127,R. Villar,Villar,09/08/2004,Rafael Villar,Kids&Us Manresa,1,322000.0,280000.0,0,fit,False,True,JFL,1,13.0,breogan_00.png,True,44.0,32.0,3.875,4.45625,12.015625,0.5,0.4,Río Breogán,0.5529411764705883,0.1,0.4720878724938915,0.2,5.7,6.238180174643037,9.619090087321519,480954.50436607597,370300.0,0.1499999999999999,False
123,Y. Minchev,Minchev,17/10/1998,Yordan Minchev,Kids&Us Manresa,5,500000.0,450000.0,0,fit,False,False,EUR,1,10.0,breogan_00.png,True,,,,,,0.5,0.4,Río Breogán,0.5529411764705883,0.1,0.4720878724938915,0.2,8.545454545454547,9.352295636625925,9.676147818312963,483807.39091564814,483807.39091564814,-0.03238521816870377,False
130,F. Bassas,Bassas,29/04/1992,Ferran Bassas,Kids&Us Manresa,1,437000.0,380000.0,0,fit,False,True,JFL,1,10.0,breogan_00.png,True,212.0,31.0,7.935483870967742,8.922580645161291,18.073655913978495,0.5,0.4,Río Breogán,0.5529411764705883,0.1,0.4720878724938915,0.2,8.348387096774193,9.13662155742851,9.568310778714256,478415.53893571283,478415.53893571283,0.09477240031055567,False
118,JD Notae,Notae,27/10/1998,JD Notae,Kids&Us Manresa,1,493000.0,580000.0,0,fit,True,False,EXT,1,8.0,breogan_00.png,True,,,,,,0.5,0.4,Río Breogán,0.5529411764705883,0.1,0.4720878724938915,0.2,10.036363636363635,10.983972747696829,9.491986373848414,474599.3186924207,474599.3186924207,-0.03732389717561724,False
125,P. Tamba,Tamba,04/09/2003,Pablo Tamba,Kids&Us Manresa,3,230000.0,200000.0,0,fit,False,True,JFL,1,8.0,breogan_00.png,True,,,,,,0.5,0.4,Río Breogán,0.5529411764705883,0.1,0.4720878724938915,0.2,4.50909090909091,4.934828335921765,6.467414167960882,323370.7083980441,264500.0,0.1499999999999999,False
214,M. Andric,Andric,04/01/1994,Mihajlo Andric,Río Breogán,5,300000.0,330000.0,0,fit,False,False,EUR,1,5.0,202526KidsUsManresa.png,False,244.0,30.0,8.6,9.626666666666667,22.63888888888889,0.4411764705882353,0.5529411764705883,Kids&Us Manresa,0.4,-0.1,0.5279121275061085,0.2,7.88,8.711989512949627,6.855994756474813,342799.7378237407,342799.7378237407,0.14266579274580238,False
216,A. Aranitovic,Aranitovic,24/01/1998,Aleksandar Aranitovic,Río Breogán,3,300000.0,300000.0,0,fit,False,False,EUR,1,5.0,202526KidsUsManresa.png,False,77.0,34.0,8.5,9.388235294117647,21.296078431372546,0.4411764705882353,0.5529411764705883,Kids&Us Manresa,0.4,-0.1,0.5279121275061085,0.2,7.800000000000001,8.62354291890953,6.811771459454765,340588.57297273824,340588.57297273824,0.13529524324246078,False
126,E. Vila,Vila,15/05/1998,Eric Vila,Kids&Us Manresa,5,153000.0,180000.0,0,fit,False,True,JFL,1,3.0,breogan_00.png,True,148.0,23.0,2.391304347826087,2.608695652173913,9.54782608695652,0.5,0.4,Río Breogán,0.5529411764705883,0.1,0.4720878724938915,0.2,2.5130434782608697,2.750318948088234,2.875159474044117,143757.97370220584,143757.97370220584,-0.06040540063917754,False
219,E. Quintela,Quintela,17/08/1991,Erik Quintela,Río Breogán,1,110500.0,130000.0,0,fit,False,True,JFL,1,1.0,202526KidsUsManresa.png,False,85.0,18.0,2.2777777777777777,2.477777777777778,4.261111111111111,0.4411764705882353,0.5529411764705883,Kids&Us Manresa,0.4,-0.1,0.5279121275061085,0.2,2.022222222222222,2.2357333493469147,1.6178666746734574,80893.33373367287,93925.0,-0.15000000000000002,False
120,C. Agbo,Agbo,28/11/2001,Chibuzo Agbo,Kids&Us Manresa,3,229500.0,270000.0,0,fit,False,False,COT,1,1.0,breogan_00.png,True,,,,,,0.5,0.4,Río Breogán,0.5529411764705883,0.1,0.4720878724938915,0.2,4.127272727272728,4.516959807476777,2.7584799037383885,137923.99518691943,195075.0,-0.15000000000000002,False
122,L. Beaufort,Beaufort,24/05/2002,Lucas Beaufort,Kids&Us Manresa,1,187000.0,220000.0,0,fit,False,False,EUR,1,1.0,breogan_00.png,True,,,,,,0.5,0.4,Río Breogán,0.5529411764705883,0.1,0.4720878724938915,0.2,3.4000000000000004,3.7210197532958467,2.3605098766479236,118025.49383239618,158950.0,-0.15000000000000002,False
119,T. Allen,Allen,09/01/2000,Timmy Allen,Kids&Us Manresa,5,310000.0,310000.0,0,doubtful,True,False,EXT,0,,breogan_00.png,True,93.0,21.0,1.2857142857142858,1.5238095238095237,7.815873015873016,0.5,0.4,Río Breogán,0.5529411764705883,0.1,0.4720878724938915,0.0,1.2857142857142858,1.4071083100698578,1.4071083100698578,70355.41550349288,263500.0,-0.15000000000000002,True
129,P. Oriola,Oriola,25/09/1992,Pierre Oriola,Kids&Us Manresa,5,530000.0,530000.0,0,doubtful,False,True,JFL,0,,breogan_00.png,True,257.0,27.0,12.925925925925926,14.488888888888889,20.196913580246914,0.5,0.4,Río Breogán,0.5529411764705883,0.1,0.4720878724938915,0.0,12.925925925925926,14.146360500002727,14.146360500002727,707318.0250001363,609500.0,0.1499999999999999,True
211,J. Kasibabu,Kasibabu,24/04/1996,Jonathan Kasibabu,Río Breogán,5,250000.0,250000.0,0,fit,False,True,JFL,1,0.0,202526KidsUsManresa.png,False,,,,,,0.4411764705882353,0.5529411764705883,Kids&Us Manresa,0.4,-0.1,0.5279121275061085,0.2,3.675675675675676,4.063762428869356,2.031881214434678,101594.0607217339,212500.0,-0.15000000000000002,False
215,E. Vicedo,Vicedo,24/08/1994,Edgar Vicedo,Río Breogán,5,190000.0,190000.0,0,fit,False,True,JFL,0,,202526KidsUsManresa.png,False,,,,,,0.4411764705882353,0.5529411764705883,Kids&Us Manresa,0.4,-0.1,0.5279121275061085,0.0,3.491891891891892,3.860574307425888,3.860574307425888,193028.7153712944,193028.7153712944,0.01594060721733892,False
128,H. Benitez,Benitez,20/01/2001,Hugo Benitez,Kids&Us Manresa,1,340000.0,400000.0,0,injured,False,False,EUR,1,-1.0,breogan_00.png,True,67.0,13.0,11.153846153846153,12.184615384615386,21.882051282051286,0.5,0.4,Río Breogán,0.5529411764705883,0.1,0.4720878724938915,0.2,8.723076923076924,9.546688688320113,4.273344344160057,213667.21720800284,289000.0,-0.15000000000000002,True
217,J. Peris,Peris,06/08/2000,Josep Peris,Río Breogán,3,221000.0,260000.0,0,fit,False,True,JFL,1,-3.0,202526KidsUsManresa.png,False,,,,,,0.4411764705882353,0.5529411764705883,Kids&Us Manresa,0.4,-0.1,0.5279121275061085,0.2,3.2227027027027035,3.5629634707233975,0.28148173536169874,14074.086768084937,187850.0,-0.15000000000000002,False
70,D. Hilliard,Hilliard,13/04/1993,Darrun Hilliard,Surne Bilbao,3,517500.0,450000.0,0,fit,True,False,EXT,1,25.0,202627LeymaCorunaLogoPositivoOK.png,False,157.0,30.0,9.733333333333333,11.24,23.586111111111112,0.5,0.6000000000000001,Leyma Coruña,0.4,-0.1,0.574442516811659,0.2,12.786666666666665,14.255707662993016,19.62785383149651,981392.6915748254,595125.0,0.1499999999999999,False
76,T. Hlinason,Hlinason,28/10/1997,Tryggvi Hlinason,Surne Bilbao,5,747500.0,650000.0,0,fit,False,False,EUR,1,24.0,202627LeymaCorunaLogoPositivoOK.png,False,153.0,32.0,15.71875,17.5125,23.238541666666666,0.5,0.6000000000000001,Leyma Coruña,0.4,-0.1,0.574442516811659,0.2,17.375,19.371187745920516,21.685593872960258,1084279.6936480128,859624.9999999999,0.1499999999999999,False
74,H. Frey,Frey,27/05/1997,Harald Frey,Surne Bilbao,1,460000.0,400000.0,0,fit,False,False,EUR,1,19.0,202627LeymaCorunaLogoPositivoOK.png,False,151.0,28.0,7.571428571428571,8.614285714285714,17.889285714285712,0.5,0.6000000000000001,Leyma Coruña,0.4,-0.1,0.574442516811659,0.2,9.857142857142858,10.9896152474287,14.994807623714351,749740.3811857175,529000.0,0.1499999999999999,False
21,G. Conditt,Conditt,22/08/2000,George Conditt IV,Leyma Coruña,5,621000.0,540000.0,0,fit,True,False,EXT,1,20.0,logo_surnebb_pos.png,True,,,,,,0.5,0.4,Surne Bilbao,0.6000000000000001,0.1,0.4255574831883409,0.2,11.854545454545455,12.863503560141087,16.43175178007054,821587.5890035271,714150.0,0.1499999999999999,False
18,A. Verge,Verge,17/10/1998,Alonzo Verge Jr,Leyma Coruña,1,667000.0,580000.0,0,fit,True,False,EXT,1,18.0,logo_surnebb_pos.png,True,,,,,,0.5,0.4,Surne Bilbao,0.6000000000000001,0.1,0.4255574831883409,0.2,12.036363636363635,13.060796559529752,15.530398279764876,776519.9139882438,767049.9999999999,0.1499999999999999,False
80,M. Normantas,Normantas,27/10/1996,Margiris Normantas,Surne Bilbao,3,333500.0,290000.0,0,fit,False,False,EUR,1,15.0,202627LeymaCorunaLogoPositivoOK.png,False,154.0,32.0,7.0625,7.85,19.899479166666666,0.5,0.6000000000000001,Leyma Coruña,0.4,-0.1,0.574442516811659,0.2,8.65,9.643785554084172,12.321892777042086,616094.6388521043,383524.99999999994,0.1499999999999999,False
15,C. Pacheco,Pacheco,22/02/1999,Caio Pacheco,Leyma Coruña,1,402500.0,350000.0,0,fit,False,False,EUR,1,17.0,logo_surnebb_pos.png,True,,,,,,0.5,0.4,Surne Bilbao,0.6000000000000001,0.1,0.4255574831883409,0.2,8.490909090909092,9.213583071450747,13.106791535725375,655339.5767862687,462874.99999999994,0.1499999999999999,False
69,B. Vautier,Vautier,15/11/1998,Bastien  Vautier,Surne Bilbao,5,402500.0,350000.0,0,fit,False,False,EUR,1,13.0,202627LeymaCorunaLogoPositivoOK.png,False,,,,,,0.5,0.6000000000000001,Leyma Coruña,0.4,-0.1,0.574442516811659,0.2,7.690909090909091,8.57450612585939,10.787253062929695,539362.6531464848,462874.99999999994,0.1499999999999999,False
19,D. Cuevas,Cuevas,20/06/2000,Dídac Cuevas,Leyma Coruña,1,230000.0,200000.0,0,fit,False,True,JFL,1,14.0,logo_surnebb_pos.png,True,,,,,,0.5,0.4,Surne Bilbao,0.6000000000000001,0.1,0.4255574831883409,0.2,5.709090909090909,6.195000180804143,10.097500090402072,504875.00452010357,264500.0,0.1499999999999999,False
77,M. Krampelj,Krampelj,10/03/1995,Martin Krampelj,Surne Bilbao,5,391000.0,340000.0,0,fit,False,False,EUR,1,11.0,202627LeymaCorunaLogoPositivoOK.png,False,152.0,32.0,8.78125,9.8,18.45104166666667,0.5,0.6000000000000001,Leyma Coruña,0.4,-0.1,0.574442516811659,0.2,9.225000000000001,10.284846443517514,10.642423221758758,532121.1610879379,449649.99999999994,0.1499999999999999,False
14,D. Skapintsev,Skapintsev,12/05/1998,Dmytro Skapintsev,Leyma Coruña,5,448500.0,390000.0,0,fit,False,False,EUR,1,12.0,logo_surnebb_pos.png,True,,,,,,0.5,0.4,Surne Bilbao,0.6000000000000001,0.1,0.4255574831883409,0.2,8.072727272727272,8.759809172856812,10.379904586428406,518995.2293214203,515774.99999999994,0.1499999999999999,False
24,G. Jou,Jou,15/07/1997,Guillem Jou,Leyma Coruña,3,218500.0,190000.0,0,fit,False,True,JFL,1,9.0,logo_surnebb_pos.png,True,,,,,,0.5,0.4,Surne Bilbao,0.6000000000000001,0.1,0.4255574831883409,0.2,4.5636363636363635,4.95205428465554,6.97602714232777,348801.3571163885,251274.99999999997,0.1499999999999999,False
16,P. Jorgensen,Jorgensen,21/07/1996,Paul Jorgensen,Leyma Coruña,3,368000.0,320000.0,0,fit,False,False,EUR,1,8.0,logo_surnebb_pos.png,True,,,,,,0.5,0.4,Surne Bilbao,0.6000000000000001,0.1,0.4255574831883409,0.2,6.254545454545456,6.786879178970144,7.393439589485072,369671.9794742536,369671.9794742536,0.004543422484384774,False
71,A. Somogyi,Somogyi,30/06/2000,Adam Somogyi,Surne Bilbao,1,322000.0,280000.0,0,fit,False,True,JFL,1,6.0,202627LeymaCorunaLogoPositivoOK.png,False,,,,,,0.5,0.6000000000000001,Leyma Coruña,0.4,-0.1,0.574442516811659,0.2,5.2727272727272725,5.878503017728659,5.939251508864329,296962.5754432164,296962.5754432164,-0.07775597688442104,False
78,L. Petrasek,Petrasek,17/08/1995,Luke Petrasek,Surne Bilbao,5,287500.0,250000.0,0,fit,False,False,EUR,1,6.0,202627LeymaCorunaLogoPositivoOK.png,False,155.0,32.0,6.59375,7.31875,20.8,0.5,0.6000000000000001,Leyma Coruña,0.4,-0.1,0.574442516811659,0.2,6.4750000000000005,7.2189030592711,6.60945152963555,330472.5764817775,330472.5764817775,0.14946983124096525,False
79,A. Font,Font,11/03/1998,Aleix Font,Surne Bilbao,3,184000.0,160000.0,0,fit,False,True,JFL,1,4.0,202627LeymaCorunaLogoPositivoOK.png,False,160.0,28.0,1.6071428571428572,1.9214285714285713,9.471428571428572,0.5,0.6000000000000001,Leyma Coruña,0.4,-0.1,0.574442516811659,0.2,2.085714285714286,2.3253388784414355,3.1626694392207177,158133.4719610359,158133.4719610359,-0.14057895673350063,False
17,L. Uleckas,Uleckas,06/08/1999,Lukas Uleckas,Leyma Coruña,3,306000.0,360000.0,0,fit,False,False,EUR,1,4.0,logo_surnebb_pos.png,True,,,,,,0.5,0.4,Surne Bilbao,0.6000000000000001,0.1,0.4255574831883409,0.2,6.036363636363636,6.550127579703743,5.275063789851871,263753.1894925936,263753.1894925936,-0.13806147224642618,False
22,D. Radoncic,Radoncic,08/01/1999,Dino Radoncic,Leyma Coruña,5,306000.0,360000.0,0,fit,False,True,JFL,1,4.0,logo_surnebb_pos.png,True,,,,,,0.5,0.4,Surne Bilbao,0.6000000000000001,0.1,0.4255574831883409,0.2,6.036363636363636,6.550127579703743,5.275063789851871,263753.1894925936,263753.1894925936,-0.13806147224642618,False
23,J. Diaz,Diaz,23/07/1996,Jacobo Diaz,Leyma Coruña,3,178500.0,210000.0,0,fit,False,True,JFL,1,3.0,logo_surnebb_pos.png,True,,,,,,0.5,0.4,Surne Bilbao,0.6000000000000001,0.1,0.4255574831883409,0.2,3.6545454545454548,3.965589287712206,3.482794643856103,174139.73219280515,174139.73219280515,-0.024427270628542552,False
68,N. Darling,Darling,30/08/1998,Nate Darling,Surne Bilbao,3,357000.0,420000.0,0,fit,True,False,EXT,1,1.0,202627LeymaCorunaLogoPositivoOK.png,False,,,,,,0.5,0.6000000000000001,Leyma Coruña,0.4,-0.1,0.574442516811659,0.2,6.3090909090909095,7.033932921213259,4.016966460606629,200848.32303033146,303450.0,-0.15000000000000002,False
25,T. Dimsa,Dimsa,02/01/1994,Tomas Dimsa,Leyma Coruña,3,410000.0,410000.0,0,fit,False,False,EUR,1,0.0,logo_surnebb_pos.png,True,,,,,,0.5,0.4,Surne Bilbao,0.6000000000000001,0.1,0.4255574831883409,0.2,5.963636363636363,6.471210379948276,3.235605189974138,161780.2594987069,348500.0,-0.15000000000000002,False
72,D. Duscak,Duscak,02/07/2002,Dan Duscak,Surne Bilbao,1,180000.0,180000.0,0,fit,False,True,JFL,1,0.0,202627LeymaCorunaLogoPositivoOK.png,False,,,,,,0.5,0.6000000000000001,Leyma Coruña,0.4,-0.1,0.574442516811659,0.2,2.618181818181818,2.9189808088031963,1.4594904044015982,72974.52022007991,153000.0,-0.15000000000000002,False
75,O. Hustak,Hustak,04/01/2003,Ondrej Hustak,Surne Bilbao,5,170000.0,170000.0,0,injured,False,True,JFL,0,,202627LeymaCorunaLogoPositivoOK.png,False,,,,,,0.5,0.6000000000000001,Leyma Coruña,0.4,-0.1,0.574442516811659,0.0,3.0909090909090904,3.4460190103926616,3.4460190103926616,172300.95051963307,172300.95051963307,0.013535003056665218,True
73,M. Ansorregi,Ansorregi,11/04/2002,Manex Ansorregi,Surne Bilbao,3,102000.0,120000.0,0,fit,False,True,JFL,1,-1.0,202627LeymaCorunaLogoPositivoOK.png,False,,,,,,0.5,0.6000000000000001,Leyma Coruña,0.4,-0.1,0.574442516811659,0.2,1.5454545454545454,1.723009505196331,0.3615047525981655,18075.237629908275,86700.0,-0.15000000000000002,False
20,K. Silins,Silins,22/07/1997,Karlis Silins,Leyma Coruña,5,280500.0,330000.0,0,fit,False,False,EUR,1,-2.0,logo_surnebb_pos.png,True,,,,,,0.5,0.4,Surne Bilbao,0.6000000000000001,0.1,0.4255574831883409,0.2,4.3999999999999995,4.77449058520574,1.38724529260287,69362.2646301435,238425.0,-0.15000000000000002,False
205,J. Batemon,Batemon,08/04/1997,James Batemon,iLERNA Lleida,3,759000.0,660000.0,0,fit,True,False,EXT,1,30.0,2526SanPabloLogo.png,True,183.0,32.0,14.21875,15.625,25.950520833333332,0.5,0.6000000000000001,Recoletas Salud San Pablo Burgos,0.28235294117647064,0.1,0.8545308086110786,0.2,17.375,20.344494559923497,25.17224727996175,1258612.3639980874,872849.9999999999,0.1499999999999999,False
237,D. McGhee,McGhee,02/06/1999,Darius McGhee,iLERNA Lleida,1,437000.0,380000.0,0,fit,False,False,EUR,1,28.000000000000004,2526SanPabloLogo.png,True,,,,,,0.5,0.6000000000000001,Recoletas Salud San Pablo Burgos,0.28235294117647064,0.1,0.8545308086110786,0.2,11.127272727272729,13.0289921995272,20.5144960997636,1025724.80498818,502549.99999999994,0.1499999999999999,False
202,O. Paulí,Paulí,20/05/1994,Oriol Paulí,iLERNA Lleida,3,644000.0,560000.0,0,fit,False,True,JFL,1,18.000000000000004,2526SanPabloLogo.png,True,185.0,34.0,12.852941176470589,13.741176470588234,22.97254901960784,0.5,0.6000000000000001,Recoletas Salud San Pablo Burgos,0.28235294117647064,0.1,0.8545308086110786,0.2,13.882352941176473,16.254932598026056,17.12746629901303,856373.3149506515,740600.0,0.1499999999999999,False
153,Z. Samar,Samar,26/01/2001,Ziga Samar,Recoletas Salud San Pablo Burgos,1,230000.0,200000.0,0,fit,False,True,JFL,1,19.0,202526IlernaLleidaLogoPositivo.png,False,147.0,31.0,3.3870967741935485,3.6129032258064515,11.779032258064515,0.35294117647058826,0.28235294117647064,iLERNA Lleida,0.6000000000000001,-0.1,0.14546919138892145,0.2,6.509677419354839,6.699068921434093,12.849534460717047,642476.7230358523,264500.0,0.1499999999999999,False
197,Z. Perrin,Perrin,30/08/2004,Zacharie Perrin,iLERNA Lleida,5,483000.0,420000.0,0,fit,False,False,EUR,1,15.0,2526SanPabloLogo.png,True,,,,,,0.5,0.6000000000000001,Recoletas Salud San Pablo Burgos,0.28235294117647064,0.1,0.8545308086110786,0.2,9.10909090909091,10.665890673142364,12.832945336571182,641647.2668285591,555450.0,0.1499999999999999,False
143,C. Sengfelder,Sengfelder,28/02/1995,Christian  Sengfelder,Recoletas Salud San Pablo Burgos,5,609500.0,530000.0,0,fit,False,False,EUR,1,16.0,202526IlernaLleidaLogoPositivo.png,False,,,,,,0.35294117647058826,0.28235294117647064,iLERNA Lleida,0.6000000000000001,-0.1,0.14546919138892145,0.2,11.12087912087912,11.444428179528765,13.722214089764382,686110.7044882191,686110.7044882191,0.12569434698641357,False
149,D. Díez,Díez,07/04/1993,Dani Díez,Recoletas Salud San Pablo Burgos,5,368000.0,320000.0,0,fit,False,True,JFL,1,14.0,202526IlernaLleidaLogoPositivo.png,False,11.0,22.0,7.5,7.972727272727273,19.26060606060606,0.35294117647058826,0.28235294117647064,iLERNA Lleida,0.6000000000000001,-0.1,0.14546919138892145,0.2,8.8,9.056025776844503,11.528012888422252,576400.6444211126,423199.99999999994,0.1499999999999999,False
145,B. Koprivica,Koprivica,01/05/2000,Balsa  Koprivica,Recoletas Salud San Pablo Burgos,5,506000.0,440000.0,0,fit,False,False,EUR,1,11.0,202526IlernaLleidaLogoPositivo.png,False,,,,,,0.35294117647058826,0.28235294117647064,iLERNA Lleida,0.6000000000000001,-0.1,0.14546919138892145,0.2,8.775824175824177,9.031146585149875,10.015573292574938,500778.6646287469,500778.6646287469,-0.010318844607219546,False
147,R. Lobaco,Lobaco,29/11/2000,Raúl Lobaco,Recoletas Salud San Pablo Burgos,3,345000.0,300000.0,0,fit,False,True,JFL,1,11.0,202526IlernaLleidaLogoPositivo.png,False,,,,,,0.35294117647058826,0.28235294117647064,iLERNA Lleida,0.6000000000000001,-0.1,0.14546919138892145,0.2,6.683516483516485,6.877965631214819,8.93898281560741,446949.1407803705,396749.99999999994,0.1499999999999999,False
198,K. Kuath,Kuath,12/08/1998,Kur Kuath,iLERNA Lleida,5,540000.0,500000.0,0,fit,True,False,EXT,1,9.000000000000002,2526SanPabloLogo.png,True,139.0,26.0,7.615384615384615,8.238461538461538,13.505128205128205,0.5,0.6000000000000001,Recoletas Salud San Pablo Burgos,0.28235294117647064,0.1,0.8545308086110786,0.2,7.892307692307693,9.241151707130717,9.12057585356536,456028.792678268,459000.0,-0.15000000000000002,False
201,J. Shurna,Shurna,30/04/1990,John Shurna,iLERNA Lleida,5,345000.0,300000.0,0,fit,False,False,EUR,1,9.000000000000002,2526SanPabloLogo.png,True,180.0,29.0,6.689655172413793,7.096551724137932,18.28103448275862,0.5,0.6000000000000001,Recoletas Salud San Pablo Burgos,0.28235294117647064,0.1,0.8545308086110786,0.2,7.151724137931035,8.37399786004095,8.686998930020476,434349.9465010238,396749.99999999994,0.1499999999999999,False
206,D. García,García,30/01/1998,Dani García,iLERNA Lleida,1,322000.0,280000.0,0,fit,False,True,JFL,1,7.000000000000001,2526SanPabloLogo.png,True,110.0,14.0,7.428571428571429,8.0,19.900000000000002,0.5,0.6000000000000001,Recoletas Salud San Pablo Burgos,0.28235294117647064,0.1,0.8545308086110786,0.2,7.342857142857143,8.597796673217413,7.798898336608707,389944.91683043534,370300.0,0.1499999999999999,False
200,M. Ejim,Ejim,04/03/1991,Melvin Ejim,iLERNA Lleida,5,459000.0,540000.0,0,fit,False,False,COT,1,6.0,2526SanPabloLogo.png,True,177.0,33.0,12.636363636363637,13.86060606060606,24.75959595959596,0.5,0.6000000000000001,Recoletas Salud San Pablo Burgos,0.28235294117647064,0.1,0.8545308086110786,0.2,11.309090909090909,13.241884228931237,9.620942114465619,481047.1057232809,481047.1057232809,0.04803291007250743,False
151,C. Audige,Audige,29/06/1999,Chase Audige,Recoletas Salud San Pablo Burgos,3,253000.0,220000.0,0,fit,False,False,COT,1,7.0,202526IlernaLleidaLogoPositivo.png,False,265.0,23.0,3.217391304347826,3.608695652173913,14.470289855072464,0.35294117647058826,0.28235294117647064,iLERNA Lleida,0.6000000000000001,-0.1,0.14546919138892145,0.2,3.9739130434782615,4.089529426895195,5.544764713447598,277238.2356723799,277238.2356723799,0.09580330305288509,False
142,DJ Steward,Steward,02/10/2001,DJ Steward,Recoletas Salud San Pablo Burgos,1,510000.0,600000.0,0,fit,True,False,EXT,1,6.0,202526IlernaLleidaLogoPositivo.png,False,,,,,,0.35294117647058826,0.28235294117647064,iLERNA Lleida,0.6000000000000001,-0.1,0.14546919138892145,0.2,10.16703296703297,10.46283097994073,8.231415489970365,411570.77449851827,433500.0,-0.15000000000000002,False
204,M. Hughes,Hughes,15/02/1997,Mark Hughes,iLERNA Lleida,3,300000.0,350000.0,0,fit,True,False,EXT,1,5.0,2526SanPabloLogo.png,True,28.0,34.0,7.705882352941177,8.58235294117647,19.001470588235293,0.5,0.6000000000000001,Recoletas Salud San Pablo Burgos,0.28235294117647064,0.1,0.8545308086110786,0.2,7.1647058823529415,8.389198264574462,6.694599132287231,334729.95661436155,334729.95661436155,0.11576652204787186,False
148,R. Guerrero,Guerrero,22/10/1995,Rubén Guerrero,Recoletas Salud San Pablo Burgos,5,207000.0,180000.0,0,fit,False,True,JFL,1,5.0,202526IlernaLleidaLogoPositivo.png,False,210.0,32.0,3.03125,3.24375,7.5890625,0.35294117647058826,0.28235294117647064,iLERNA Lleida,0.6000000000000001,-0.1,0.14546919138892145,0.2,3.4250000000000003,3.524646396101412,4.262323198050706,213116.1599025353,213116.1599025353,0.02954666619582258,False
203,M. Sanz,Sanz,01/02/1999,Mikel Sanz,iLERNA Lleida,3,230000.0,200000.0,0,fit,False,True,JFL,1,4.0,2526SanPabloLogo.png,True,187.0,33.0,4.212121212121212,4.472727272727273,14.623232323232322,0.5,0.6000000000000001,Recoletas Salud San Pablo Burgos,0.28235294117647064,0.1,0.8545308086110786,0.2,4.16969696969697,4.8823238743326325,4.441161937166316,222058.0968583158,222058.0968583158,-0.034530013659496483,False
243,S. Doumbouya,Doumbouya,23/12/2000,Sekou Doumbouya,Recoletas Salud San Pablo Burgos,3,425000.0,500000.0,0,fit,False,False,EUR,1,2.0,202526IlernaLleidaLogoPositivo.png,False,,,,,,0.35294117647058826,0.28235294117647064,iLERNA Lleida,0.6000000000000001,-0.1,0.14546919138892145,0.2,7.872527472527474,8.101569513650603,5.050784756825301,252539.23784126507,361250.0,-0.15000000000000002,False
144,D.Radosavljevic,Radosav.,03/11/2001,Dusan  Radosavljevic,Recoletas Salud San Pablo Burgos,3,280500.0,330000.0,0,fit,False,False,EUR,1,0.0,202526IlernaLleidaLogoPositivo.png,False,,,,,,0.35294117647058826,0.28235294117647064,iLERNA Lleida,0.6000000000000001,-0.1,0.14546919138892145,0.2,4.931868131868132,5.075355105704062,2.537677552852031,126883.87764260154,238425.0,-0.15000000000000002,False
146,V. Cancar,Cancar,10/04/1997,Vlatko Cancar,Recoletas Salud San Pablo Burgos,3,480000.0,480000.0,0,injured,False,False,EUR,0,,202526IlernaLleidaLogoPositivo.png,False,,,,,,0.35294117647058826,0.28235294117647064,iLERNA Lleida,0.6000000000000001,-0.1,0.14546919138892145,0.0,8.967032967032967,9.227918374007386,9.227918374007386,461395.9187003693,461395.9187003693,-0.03875850270756398,True
150,P. Almazán,Almazán,15/01/1989,Pablo Almazán,Recoletas Salud San Pablo Burgos,3,127500.0,150000.0,0,fit,False,True,JFL,1,0.0,202526IlernaLleidaLogoPositivo.png,False,8.0,28.0,1.1071428571428572,1.292857142857143,9.89047619047619,0.35294117647058826,0.28235294117647064,iLERNA Lleida,0.6000000000000001,-0.1,0.14546919138892145,0.2,0.8857142857142858,0.9114831139031805,0.45574155695159024,22787.077847579512,108375.0,-0.15000000000000002,False
152,R. Obasohan,Obasohan,06/07/1993,Retin Obasohan,Recoletas Salud San Pablo Burgos,1,430000.0,430000.0,0,injured,False,False,EUR,0,,202526IlernaLleidaLogoPositivo.png,False,64.0,30.0,11.333333333333334,12.546666666666665,21.282777777777778,0.35294117647058826,0.28235294117647064,iLERNA Lleida,0.6000000000000001,-0.1,0.14546919138892145,0.0,11.333333333333334,11.663063500481556,11.663063500481556,583153.1750240778,494499.99999999994,0.1499999999999999,True
199,A. Diagne,Diagne,31/12/1998,Atoumane Diagne,iLERNA Lleida,5,270000.0,270000.0,0,injured,False,True,JFL,0,,2526SanPabloLogo.png,True,186.0,33.0,6.696969696969697,7.090909090909091,12.752525252525253,0.5,0.6000000000000001,Recoletas Salud San Pablo Burgos,0.28235294117647064,0.1,0.8545308086110786,0.0,6.696969696969697,7.841523083048778,7.841523083048778,392076.1541524389,310500.0,0.1499999999999999,True
207,A. Rodriguez,Rodriguez,28/04/2003,Adria Rodriguez,iLERNA Lleida,1,144500.0,170000.0,0,fit,False,True,JFL,1,0.0,2526SanPabloLogo.png,True,320.0,9.0,4.333333333333333,4.733333333333333,12.144444444444444,0.5,0.6000000000000001,Recoletas Salud San Pablo Burgos,0.28235294117647064,0.1,0.8545308086110786,0.2,3.466666666666667,4.059141360637014,2.029570680318507,101478.53401592535,122825.0,-0.15000000000000002,False
65,T. Maledon,Maledon,12/06/2001,Theo Maledon,Real Madrid,1,678500.0,590000.0,0,fit,False,False,EUR,1,23.000000000000004,202627MonbusObradoiroLogoPositivoOK.png,False,166.0,28.0,11.071428571428571,12.914285714285715,19.523809523809522,0.7647058823529411,0.8117647058823529,Monbus Obradoiro,0.6000000000000001,-0.1,0.5859041700528711,0.2,13.457142857142859,15.0340620805423,19.017031040271153,950851.5520135576,780274.9999999999,0.1499999999999999,False
4,B. Childress,Childress,31/08/1997,Brandon Childress,Monbus Obradoiro,1,736000.0,640000.0,0,fit,True,False,EXT,1,20.0,2324RealMadrid_Logoweb.png,True,,,,,,0.5,0.6000000000000001,Real Madrid,0.8117647058823529,0.1,0.4140958299471289,0.2,13.30909090909091,14.411338718259268,17.205669359129633,860283.4679564816,846399.9999999999,0.1499999999999999,False
6,F. Dos Anjos,Dos Anjos,30/04/1998,Felipe Dos Anjos,Monbus Obradoiro,5,517500.0,450000.0,0,fit,False,True,JFL,1,18.000000000000004,2324RealMadrid_Logoweb.png,True,,,,,,0.5,0.6000000000000001,Real Madrid,0.8117647058823529,0.1,0.4140958299471289,0.2,10.145454545454546,10.98569262949272,14.492846314746362,724642.3157373181,595125.0,0.1499999999999999,False
7,J. Soriano,Soriano,30/01/2000,Joel Soriano,Monbus Obradoiro,5,402500.0,350000.0,0,fit,False,False,COT,1,18.000000000000004,2324RealMadrid_Logoweb.png,True,,,,,,0.5,0.6000000000000001,Real Madrid,0.8117647058823529,0.1,0.4140958299471289,0.2,8.690909090909091,9.4106829335081,13.705341466754053,685267.0733377027,462874.99999999994,0.1499999999999999,False
67,F. Campazzo,Campazzo,23/03/1991,Facu Campazzo,Real Madrid,1,529000.0,460000.0,0,fit,False,False,EUR,1,15.0,202627MonbusObradoiroLogoPositivoOK.png,False,164.0,28.0,11.678571428571429,13.442857142857141,21.907738095238095,0.7647058823529411,0.8117647058823529,Monbus Obradoiro,0.6000000000000001,-0.1,0.5859041700528711,0.2,12.342857142857143,13.789203436930517,14.394601718465259,719730.0859232629,608350.0,0.1499999999999999,False
9,Y. Barrueta,Barrueta,15/04/1993,Yunio Barrueta,Monbus Obradoiro,3,379500.0,330000.0,0,fit,False,False,EUR,1,13.0,2324RealMadrid_Logoweb.png,True,,,,,,0.5,0.6000000000000001,Real Madrid,0.8117647058823529,0.1,0.4140958299471289,0.2,7.4,8.012861828321752,10.506430914160877,525321.5457080439,436424.99999999994,0.1499999999999999,False
11,C. Agada,Agada,31/08/1994,Caleb Agada,Monbus Obradoiro,3,276000.0,240000.0,0,fit,False,False,COT,1,12.0,2324RealMadrid_Logoweb.png,True,176.0,34.0,5.0,5.629411764705883,16.445098039215686,0.5,0.6000000000000001,Real Madrid,0.8117647058823529,0.1,0.4140958299471289,0.2,6.4,6.930042662332325,9.465021331166163,473251.06655830814,317400.0,0.1499999999999999,False
61,Luwawu-Cabarrot,Luwawu,09/05/1995,Timothé Luwawu-Cabarrot,Real Madrid,3,720000.0,700000.0,0,fit,False,False,EUR,1,12.0,202627MonbusObradoiroLogoPositivoOK.png,False,40.0,30.0,16.933333333333334,19.69333333333333,23.005555555555553,0.7647058823529411,0.8117647058823529,Monbus Obradoiro,0.6000000000000001,-0.1,0.5859041700528711,0.2,15.946666666666667,17.81531036635529,14.907655183177646,745382.7591588823,745382.7591588823,0.03525383216511435,False
53,D. Jones,Jones,30/06/1995,Damian Jones,Real Madrid,5,391000.0,340000.0,0,fit,True,False,EXT,1,11.0,202627MonbusObradoiroLogoPositivoOK.png,False,,,,,,0.7647058823529411,0.8117647058823529,Monbus Obradoiro,0.6000000000000001,-0.1,0.5859041700528711,0.2,6.918367346938776,7.729067402644586,9.364533701322292,468226.68506611465,449649.99999999994,0.1499999999999999,False
1,A. Barcello,Barcello,31/08/1998,Alex Barcello,Monbus Obradoiro,3,471500.0,410000.0,0,fit,True,False,EXT,1,10.0,2324RealMadrid_Logoweb.png,True,,,,,,0.5,0.6000000000000001,Real Madrid,0.8117647058823529,0.1,0.4140958299471289,0.2,7.963636363636363,8.62317808551579,9.311589042757895,465579.45213789475,465579.45213789475,-0.012556835338505268,False
57,W. Tavares,Tavares,22/03/1992,Edy Tavares,Real Madrid,5,637500.0,750000.0,0,fit,False,True,JFL,1,9.000000000000002,202627MonbusObradoiroLogoPositivoOK.png,False,175.0,21.0,16.428571428571427,19.16190476190476,21.703968253968256,0.7647058823529411,0.8117647058823529,Monbus Obradoiro,0.6000000000000001,-0.1,0.5859041700528711,0.2,14.942857142857143,16.69387360535801,12.846936802679007,642346.8401339503,642346.8401339503,0.007602886484628035,False
63,A. Abalde,Abalde,15/12/1995,Alberto Abalde,Real Madrid,3,299000.0,260000.0,0,fit,False,True,JFL,1,8.0,202627MonbusObradoiroLogoPositivoOK.png,False,173.0,29.0,5.0,5.744827586206896,16.541954022988506,0.7647058823529411,0.8117647058823529,Monbus Obradoiro,0.6000000000000001,-0.1,0.5859041700528711,0.2,5.6,6.256212670459215,7.1281063352296075,356405.31676148035,343850.0,0.1499999999999999,False
2,E. Abogidi,Abogidi,11/10/2001,Efe Abogidi,Monbus Obradoiro,5,420000.0,370000.0,0,fit,False,False,COT,1,7.000000000000001,2324RealMadrid_Logoweb.png,True,,,,,,0.5,0.6000000000000001,Real Madrid,0.8117647058823529,0.1,0.4140958299471289,0.2,6.781818181818182,7.343482707528287,7.171741353764144,358587.0676882072,358587.0676882072,-0.14622126740903052,False
10,L. Meindl,Meindl,20/03/1993,Leo Meindl,Monbus Obradoiro,3,391000.0,460000.0,0,fit,False,False,EUR,1,6.0,2324RealMadrid_Logoweb.png,True,5.0,32.0,10.625,11.73125,23.629166666666666,0.5,0.6000000000000001,Real Madrid,0.8117647058823529,0.1,0.4140958299471289,0.2,9.7,10.503345910097428,8.251672955048715,412583.64775243576,412583.64775243576,0.05520114514689456,False
56,M. Shulga,Shulga,25/06/2002,Max Shulga,Real Madrid,3,240000.0,250000.0,0,fit,False,True,JFL,1,4.0,202627MonbusObradoiroLogoPositivoOK.png,False,,,,,,0.7647058823529411,0.8117647058823529,Monbus Obradoiro,0.6000000000000001,-0.1,0.5859041700528711,0.2,4.269387755102041,4.7696781729594315,4.384839086479715,219241.95432398576,219241.95432398576,-0.08649185698339268,False
58,J. Pradilla,Pradilla,03/01/2001,Jaime Pradilla,Real Madrid,5,518500.0,610000.0,0,fit,False,True,JFL,1,4.0,202627MonbusObradoiroLogoPositivoOK.png,False,61.0,28.0,16.214285714285715,18.842857142857145,20.83095238095238,0.7647058823529411,0.8117647058823529,Monbus Obradoiro,0.6000000000000001,-0.1,0.5859041700528711,0.2,13.771428571428574,15.385176056945625,9.692588028472812,484629.4014236406,484629.4014236406,-0.06532420169018205,False
60,C. Okeke,Okeke,18/08/1998,Chuma Okeke,Real Madrid,5,263500.0,310000.0,0,fit,True,False,EXT,1,4.0,202627MonbusObradoiroLogoPositivoOK.png,False,170.0,25.0,8.0,9.352,19.199333333333335,0.7647058823529411,0.8117647058823529,Monbus Obradoiro,0.6000000000000001,-0.1,0.5859041700528711,0.2,7.2,8.043702004876135,6.021851002438067,301092.55012190336,301092.55012190336,0.14266622437154974,False
3,D. Brito,Brito,24/04/1997,Diogo Brito,Monbus Obradoiro,3,187000.0,220000.0,0,fit,False,False,EUR,1,1.0,2324RealMadrid_Logoweb.png,True,,,,,,0.5,0.6000000000000001,Real Madrid,0.8117647058823529,0.1,0.4140958299471289,0.2,3.4000000000000004,3.681585164364048,2.340792582182024,117039.6291091012,158950.0,-0.15000000000000002,False
5,A. Faure,Faure,20/02/2002,Alonso Faure,Monbus Obradoiro,5,250000.0,250000.0,0,fit,False,True,JFL,1,0.0,2324RealMadrid_Logoweb.png,True,,,,,,0.5,0.6000000000000001,Real Madrid,0.8117647058823529,0.1,0.4140958299471289,0.2,3.6363636363636362,3.937524239961548,1.968762119980774,98438.1059990387,212500.0,-0.15000000000000002,False
13,O. Lundqvist,Lundqvist,21/11/1999,Olle Lundqvist,Monbus Obradoiro,1,200000.0,200000.0,0,injured,False,False,EUR,0,,2324RealMadrid_Logoweb.png,True,,,,,,0.5,0.6000000000000001,Real Madrid,0.8117647058823529,0.1,0.4140958299471289,0.0,3.6363636363636362,3.937524239961548,3.937524239961548,196876.2119980774,196876.2119980774,-0.015618940009612947,True
55,M. Jantunen,Jantunen,20/04/2000,Mika Jantunen,Real Madrid,5,290000.0,290000.0,0,fit,False,False,EUR,0,,202627MonbusObradoiroLogoPositivoOK.png,False,,,,,,0.7647058823529411,0.8117647058823529,Monbus Obradoiro,0.6000000000000001,-0.1,0.5859041700528711,0.0,5.030612244897959,5.620103583338909,5.620103583338909,281005.17916694545,281005.17916694545,-0.031016623562257095,False
62,G. Procida,Procida,01/06/2002,Gabriele Procida,Real Madrid,3,210000.0,210000.0,0,fit,False,False,EUR,0,,202627MonbusObradoiroLogoPositivoOK.png,False,168.0,29.0,5.827586206896552,6.944827586206896,14.147701149425288,0.7647058823529411,0.8117647058823529,Monbus Obradoiro,0.6000000000000001,-0.1,0.5859041700528711,0.0,5.827586206896552,6.5104676188892086,6.5104676188892086,325523.38094446046,241499.99999999997,0.1499999999999999,False
64,S. Llull,Llull,15/11/1987,Sergio Llull,Real Madrid,3,255000.0,300000.0,0,fit,False,True,JFL,1,0.0,202627MonbusObradoiroLogoPositivoOK.png,False,174.0,33.0,6.2727272727272725,7.218181818181818,17.215656565656566,0.7647058823529411,0.8117647058823529,Monbus Obradoiro,0.6000000000000001,-0.1,0.5859041700528711,0.2,5.0181818181818185,5.606216548853063,2.8031082744265317,140155.4137213266,216750.0,-0.15000000000000002,False
66,A. Feliz,Feliz,15/07/1997,Andrés Feliz,Real Madrid,1,370000.0,370000.0,0,fit,False,False,EUR,0,,202627MonbusObradoiroLogoPositivoOK.png,False,165.0,28.0,8.571428571428571,9.985714285714286,16.59107142857143,0.7647058823529411,0.8117647058823529,Monbus Obradoiro,0.6000000000000001,-0.1,0.5859041700528711,0.0,8.571428571428571,9.575835720090636,9.575835720090636,478791.7860045318,425499.99999999994,0.1499999999999999,False
8,A. Galán,Galán,12/09/1999,Álex Galán,Monbus Obradoiro,5,161500.0,190000.0,0,fit,False,True,JFL,1,-2.0,2324RealMadrid_Logoweb.png,True,,,,,,0.5,0.6000000000000001,Real Madrid,0.8117647058823529,0.1,0.4140958299471289,0.2,2.3636363636363638,2.559390755975006,0.2796953779875031,13984.768899375154,137275.0,-0.15000000000000002,False
54,O. Sarr,Sarr,20/02/1999,Olivier Sarr,Real Madrid,5,306000.0,360000.0,0,fit,False,False,EUR,1,-2.0,202627MonbusObradoiroLogoPositivoOK.png,False,,,,,,0.7647058823529411,0.8117647058823529,Monbus Obradoiro,0.6000000000000001,-0.1,0.5859041700528711,0.2,4.595918367346939,5.13447191467717,1.567235957338585,78361.79786692925,260100.0,-0.15000000000000002,False
12,S. Quintela,Quintela,21/04/1996,Sergi Quintela,Monbus Obradoiro,3,195500.0,230000.0,0,fit,False,True,JFL,1,-3.0,2324RealMadrid_Logoweb.png,True,85.0,18.0,2.2777777777777777,2.477777777777778,4.261111111111111,0.5,0.6000000000000001,Real Madrid,0.8117647058823529,0.1,0.4140958299471289,0.2,1.222222222222222,1.323445647320409,-0.8382771763397955,-41913.85881698978,166175.0,-0.15000000000000002,False
81,R. Blumbergs,Blumbergs,29/04/1998,Roberts  Blumbergs,Casademont Zaragoza,5,437000.0,380000.0,0,fit,False,False,EUR,1,21.0,202627ValenciaBasket40Anys.png,True,,,,,,0.29411764705882354,0.43529411764705883,Valencia Basket,0.5176470588235295,0.1,0.5425439385493253,0.2,9.942222222222222,11.021040702697634,16.010520351348816,800526.0175674409,502549.99999999994,0.1499999999999999,False
82,T. Bell-Haynes,Bell-Haynes,05/09/1995,Trae Bell-Haynes,Casademont Zaragoza,1,667000.0,580000.0,0,fit,False,False,COT,1,20.0,202627ValenciaBasket40Anys.png,True,112.0,20.0,14.2,15.49,25.619999999999997,0.29411764705882354,0.43529411764705883,Valencia Basket,0.5176470588235295,0.1,0.5425439385493253,0.2,15.36,17.026694979223524,18.51334748961176,925667.374480588,767049.9999999999,0.1499999999999999,False
111,K. Taylor,Taylor,05/10/1994,Kameron Taylor,Valencia Basket,3,724500.0,630000.0,0,fit,True,False,EXT,1,18.0,2425CasademontZaragoza.png,False,58.0,22.0,12.772727272727273,14.681818181818182,20.725757575757576,0.6470588235294118,0.5176470588235295,Casademont Zaragoza,0.43529411764705883,-0.1,0.45745606145067474,0.2,13.818181818181818,15.082424024372775,16.54121201218639,827060.6006093194,827060.6006093194,0.14156052534067554,False
84,J. Jaworski,Jaworski,21/06/1999,Justin Jaworski,Casademont Zaragoza,3,345000.0,300000.0,0,fit,True,False,EXT,1,12.0,202627ValenciaBasket40Anys.png,True,156.0,32.0,6.4375,7.575,22.7546875,0.29411764705882354,0.43529411764705883,Valencia Basket,0.5176470588235295,0.1,0.5425439385493253,0.2,7.550000000000001,8.369241347209481,10.18462067360474,509231.033680237,396749.99999999994,0.1499999999999999,False
108,N. Sako,Sako,13/08/1998,Neal Sako,Valencia Basket,5,379500.0,330000.0,0,fit,False,False,EUR,1,14.0,2425CasademontZaragoza.png,False,56.0,25.0,7.36,8.472000000000001,14.439333333333334,0.6470588235294118,0.5176470588235295,Casademont Zaragoza,0.43529411764705883,-0.1,0.45745606145067474,0.2,8.688,9.482875652376693,11.741437826188346,587071.8913094173,436424.99999999994,0.1499999999999999,False
242,N. Mirotic,Mirotic,11/02/1991,Nikola Mirotic,Valencia Basket,5,690000.0,600000.0,0,fit,False,True,JFL,1,14.0,2425CasademontZaragoza.png,False,,,,,,0.6470588235294118,0.5176470588235295,Casademont Zaragoza,0.43529411764705883,-0.1,0.45745606145067474,0.2,11.3,12.333850698878527,13.166925349439264,658346.2674719632,658346.2674719632,-0.04587497467831425,False
104,TJ Shorts,Shorts,15/10/1997,TJ Shorts,Valencia Basket,1,629000.0,740000.0,0,fit,False,False,EUR,1,12.0,2425CasademontZaragoza.png,False,,,,,,0.6470588235294118,0.5176470588235295,Casademont Zaragoza,0.43529411764705883,-0.1,0.45745606145067474,0.2,12.883333333333335,14.062045118337908,13.031022559168953,651551.1279584477,651551.1279584477,0.035852349695465247,False
115,G. Corbalán,Corbalán,03/03/2002,Gonzalo Corbalán,Valencia Basket,3,483000.0,420000.0,0,fit,False,False,EUR,1,10.0,2425CasademontZaragoza.png,False,231.0,33.0,16.242424242424242,17.757575757575758,25.802020202020202,0.6470588235294118,0.5176470588235295,Casademont Zaragoza,0.43529411764705883,-0.1,0.45745606145067474,0.2,14.993939393939394,16.365753086095722,13.182876543047861,659143.8271523931,555450.0,0.1499999999999999,False
91,C. Homesley,Homesley,27/11/1996,Caleb Homesley,Casademont Zaragoza,3,425000.0,500000.0,0,fit,True,False,EXT,1,7.000000000000001,202627ValenciaBasket40Anys.png,True,,,,,,0.29411764705882354,0.43529411764705883,Valencia Basket,0.5176470588235295,0.1,0.5425439385493253,0.2,8.955555555555556,9.927312032157236,8.463656016078618,423182.8008039309,423182.8008039309,-0.004275762814280215,False
89,L. Birutis,Birutis,27/08/1997,Laurynas Birutis,Casademont Zaragoza,5,561000.0,660000.0,0,fit,False,False,EUR,1,6.0,202627ValenciaBasket40Anys.png,True,,,,,,0.29411764705882354,0.43529411764705883,Valencia Basket,0.5176470588235295,0.1,0.5425439385493253,0.2,11.173333333333332,12.385738188011556,9.19286909400578,459643.45470028894,476850.0,-0.15000000000000002,False
90,A. Olaseni,Olaseni,29/12/1991,Gabriel Olaseni,Casademont Zaragoza,5,408000.0,480000.0,0,fit,False,False,EUR,1,5.0,202627ValenciaBasket40Anys.png,True,333.0,3.0,7.0,7.466666666666666,20.038888888888888,0.29411764705882354,0.43529411764705883,Valencia Basket,0.5176470588235295,0.1,0.5425439385493253,0.2,6.6000000000000005,7.316157998885109,6.158078999442555,307903.94997212774,346800.0,-0.15000000000000002,False
113,J. Puerto,Puerto,08/03/1999,Josep Puerto,Valencia Basket,3,230000.0,200000.0,0,fit,False,True,JFL,1,6.0,2425CasademontZaragoza.png,False,60.0,24.0,5.541666666666667,6.3999999999999995,17.310416666666665,0.6470588235294118,0.5176470588235295,Casademont Zaragoza,0.43529411764705883,-0.1,0.45745606145067474,0.2,5.633333333333334,6.148733829234428,6.0743669146172135,303718.34573086066,264500.0,0.1499999999999999,False
117,M. Saint-Supery,Saint-Supery,14/04/2006,Mario Saint-Supery,Valencia Basket,1,340000.0,400000.0,0,fit,False,True,JFL,1,5.0,2425CasademontZaragoza.png,False,,,,,,0.6470588235294118,0.5176470588235295,Casademont Zaragoza,0.43529411764705883,-0.1,0.45745606145067474,0.2,6.666666666666667,7.276608081934234,6.1383040409671175,306915.2020483559,306915.2020483559,-0.09730822926954152,False
238,J. Rivero,Rivero,31/10/1993,Jasiel Rivero,Valencia Basket,5,263500.0,310000.0,0,fit,False,False,EUR,1,5.0,2425CasademontZaragoza.png,False,,,,,,0.6470588235294118,0.5176470588235295,Casademont Zaragoza,0.43529411764705883,-0.1,0.45745606145067474,0.2,5.3916666666666675,5.884956786264312,5.442478393132156,272123.9196566078,272123.9196566078,0.032728347842913896,False
85,G. Vives,Vives,16/06/1993,Guillem Vives,Casademont Zaragoza,1,240000.0,220000.0,0,fit,False,True,JFL,1,4.0,202627ValenciaBasket40Anys.png,True,97.0,27.0,3.5185185185185186,3.985185185185185,12.78641975308642,0.29411764705882354,0.43529411764705883,Valencia Basket,0.5176470588235295,0.1,0.5425439385493253,0.2,3.6148148148148147,4.00705398816603,4.003526994083015,200176.34970415075,204000.0,-0.15000000000000002,False
86,M. González,González,20/03/1999,Miguel González,Casademont Zaragoza,3,230000.0,200000.0,0,fit,False,True,JFL,1,4.0,202627ValenciaBasket40Anys.png,True,122.0,30.0,4.433333333333334,4.739999999999999,18.220000000000002,0.29411764705882354,0.43529411764705883,Valencia Basket,0.5176470588235295,0.1,0.5425439385493253,0.2,4.346666666666667,4.818318197245547,4.409159098622773,220457.95493113864,220457.95493113864,-0.04148715247331025,False
116,A. Cárdenas,Cárdenas,29/04/2002,Álvaro Cárdenas,Valencia Basket,1,200000.0,180000.0,0,fit,False,True,JFL,1,4.0,2425CasademontZaragoza.png,False,332.0,2.0,0.0,0.7000000000000002,13.075,0.6470588235294118,0.5176470588235295,Casademont Zaragoza,0.43529411764705883,-0.1,0.45745606145067474,0.2,0.8,0.873192969832108,2.436596484916054,121829.82424580271,170000.0,-0.15000000000000002,False
110,N. Reuvers,Reuvers,30/09/1998,Nate Reuvers,Valencia Basket,5,297500.0,350000.0,0,fit,False,False,EUR,1,3.0,2425CasademontZaragoza.png,False,54.0,30.0,8.733333333333333,10.006666666666666,16.64611111111111,0.6470588235294118,0.5176470588235295,Casademont Zaragoza,0.43529411764705883,-0.1,0.45745606145067474,0.2,7.586666666666666,8.280779997241156,5.640389998620578,282019.4999310289,282019.4999310289,-0.05203529434948262,False
88,J. Fernández,Fernández,15/07/2000,Jaime Fernández,Casademont Zaragoza,5,127500.0,150000.0,0,fit,False,True,JFL,1,2.0,202627ValenciaBasket40Anys.png,True,124.0,25.0,2.56,2.728,9.781333333333333,0.29411764705882354,0.43529411764705883,Valencia Basket,0.5176470588235295,0.1,0.5425439385493253,0.2,2.448,2.7136295123137493,2.356814756156875,117840.73780784375,117840.73780784375,-0.07575891915416666,False
83,N. Brussino,Brussino,02/03/1993,Nico Brussino,Casademont Zaragoza,3,467500.0,550000.0,0,fit,False,False,EUR,1,1.0,202627ValenciaBasket40Anys.png,True,142.0,31.0,12.193548387096774,13.303225806451612,27.788172043010753,0.29411764705882354,0.43529411764705883,Valencia Basket,0.5176470588235295,0.1,0.5425439385493253,0.2,9.95483870967742,11.035026189911752,6.017513094955876,300875.6547477938,397375.0,-0.15000000000000002,False
105,A. Brooks,Brooks,05/06/1998,Armoni Brooks,Valencia Basket,3,501500.0,590000.0,0,fit,True,False,EXT,1,1.0,2425CasademontZaragoza.png,False,270.0,17.0,9.764705882352942,11.08235294117647,20.130392156862747,0.6470588235294118,0.5176470588235295,Casademont Zaragoza,0.43529411764705883,-0.1,0.45745606145067474,0.2,8.011764705882353,8.744770771406847,4.872385385703423,243619.26928517118,426275.0,-0.15000000000000002,False
87,S. García,García,17/02/1997,Sergi García,Casademont Zaragoza,1,153000.0,180000.0,0,fit,False,True,JFL,1,0.0,202627ValenciaBasket40Anys.png,True,110.0,14.0,7.428571428571429,8.0,19.900000000000002,0.29411764705882354,0.43529411764705883,Valencia Basket,0.5176470588235295,0.1,0.5425439385493253,0.2,5.942857142857143,6.587709366961484,3.293854683480742,164692.7341740371,164692.7341740371,0.07642309917671297,False
106,M. Gueye,Gueye,06/07/1998,Mo Gueye,Valencia Basket,5,365500.0,430000.0,0,fit,False,False,COT,1,0.0,2425CasademontZaragoza.png,False,,,,,,0.6470588235294118,0.5176470588235295,Casademont Zaragoza,0.43529411764705883,-0.1,0.45745606145067474,0.2,6.091666666666667,6.649000634867406,3.324500317433703,166225.01587168514,310675.0,-0.15000000000000002,False
107,Y. Sima,Sima,28/07/1996,Yankuba Sima,Valencia Basket,5,190000.0,190000.0,0,fit,False,True,JFL,0,,2425CasademontZaragoza.png,False,59.0,19.0,2.9473684210526314,3.5157894736842104,9.128947368421052,0.6470588235294118,0.5176470588235295,Casademont Zaragoza,0.43529411764705883,-0.1,0.45745606145067474,0.0,2.9473684210526314,3.2170267309603977,3.2170267309603977,160851.3365480199,161500.0,-0.15000000000000002,False
109,D. Osetkowski,Osetkowski,08/08/1996,Dylan Osetkowski,Valencia Basket,5,500000.0,500000.0,0,fit,False,False,EUR,0,,2425CasademontZaragoza.png,False,,,,,,0.6470588235294118,0.5176470588235295,Casademont Zaragoza,0.43529411764705883,-0.1,0.45745606145067474,0.0,8.854166666666666,9.664245108818903,9.664245108818903,483212.25544094515,483212.25544094515,-0.0335754891181097,False
112,L. Marí,Marí,20/10/2005,Lucas Marí,Valencia Basket,3,140000.0,140000.0,0,fit,False,True,JFL,0,,2425CasademontZaragoza.png,False,,,,,,0.6470588235294118,0.5176470588235295,Casademont Zaragoza,0.43529411764705883,-0.1,0.45745606145067474,0.0,2.4791666666666665,2.705988630469293,2.705988630469293,135299.43152346465,135299.43152346465,-0.0335754891181097,False
114,O. Moore,Moore,18/09/2000,Omari Moore,Valencia Basket,3,410000.0,410000.0,0,fit,False,False,EUR,0,,2425CasademontZaragoza.png,False,47.0,28.0,10.0,11.492857142857144,18.756547619047616,0.6470588235294118,0.5176470588235295,Casademont Zaragoza,0.43529411764705883,-0.1,0.45745606145067474,0.0,10.0,10.91491212290135,10.91491212290135,545745.6061450675,471499.99999999994,0.1499999999999999,False
137,J. Pérez,Pérez,12/09/2001,Jassel Perez,FIATC Girona,3,460000.0,400000.0,0,fit,False,False,COT,1,29.0,2526KosnerBaskoniaLogo.png,False,271.0,23.0,11.608695652173912,11.921739130434782,21.63768115942029,0.5,0.6000000000000001,Kosner Baskonia,0.7411764705882353,-0.1,0.256411182016513,0.2,15.08695652173913,15.860649392693304,22.430324696346652,1121516.2348173326,529000.0,0.1499999999999999,False
133,S. Whittaker,Whittaker,21/10/1994,Stanley Whittaker,FIATC Girona,1,552000.0,480000.0,0,fit,True,False,EXT,1,18.000000000000004,2526KosnerBaskoniaLogo.png,False,,,,,,0.5,0.6000000000000001,Kosner Baskonia,0.7411764705882353,-0.1,0.256411182016513,0.2,10.581818181818182,11.124477483394948,14.562238741697476,728111.9370848738,634800.0,0.1499999999999999,False
141,M. Geben,Geben,20/10/1994,Martinas Geben,FIATC Girona,5,713000.0,620000.0,0,fit,False,False,EUR,1,18.000000000000004,2526KosnerBaskoniaLogo.png,False,25.0,34.0,13.705882352941176,14.823529411764707,21.21029411764706,0.5,0.6000000000000001,Kosner Baskonia,0.7411764705882353,-0.1,0.256411182016513,0.2,14.564705882352943,15.311616572556337,16.65580828627817,832790.4143139084,819949.9999999999,0.1499999999999999,False
241,D. Baugh,Baugh,03/12/2000,Damion Baugh,Kosner Baskonia,1,552000.0,480000.0,0,fit,False,False,COT,1,17.0,202627FIATCGironaLogoPositivo.png,True,,,,,,0.6764705882352942,0.7411764705882353,FIATC Girona,0.6000000000000001,0.1,0.743588817983487,0.2,10.164766839378238,11.67644823121244,14.33822411560622,716911.205780311,634800.0,0.1499999999999999,False
225,T. Sedekerskis,Sedekerskis,17/01/1998,Tadas Sedekerskis,Kosner Baskonia,5,368000.0,320000.0,0,fit,False,True,JFL,1,16.0,202627FIATCGironaLogoPositivo.png,True,45.0,12.0,6.166666666666667,6.916666666666667,15.111111111111112,0.6764705882352942,0.7411764705882353,FIATC Girona,0.6000000000000001,0.1,0.743588817983487,0.2,8.133333333333333,9.342904477253139,12.67145223862657,633572.6119313284,423199.99999999994,0.1499999999999999,False
224,C. Frisch,Frisch,07/01/2002,Clement Frisch,Kosner Baskonia,5,230000.0,200000.0,0,fit,False,False,EUR,1,15.0,202627FIATCGironaLogoPositivo.png,True,38.0,31.0,4.096774193548387,4.819354838709677,12.18279569892473,0.6764705882352942,0.7411764705882353,FIATC Girona,0.6000000000000001,0.1,0.743588817983487,0.2,6.27741935483871,7.210983122448946,11.105491561224472,555274.5780612236,264500.0,0.1499999999999999,False
232,K. Faried,Faried,19/11/1989,Kenneth Faried,Kosner Baskonia,5,517500.0,450000.0,0,fit,True,False,EXT,1,15.0,202627FIATCGironaLogoPositivo.png,True,,,,,,0.6764705882352942,0.7411764705882353,FIATC Girona,0.6000000000000001,0.1,0.743588817983487,0.2,9.3419689119171,10.731285636087284,12.865642818043643,643282.1409021821,595125.0,0.1499999999999999,False
222,C. Duarte,Duarte,13/06/1997,Chris Duarte,Kosner Baskonia,3,483000.0,420000.0,0,fit,False,False,COT,1,14.000000000000002,202627FIATCGironaLogoPositivo.png,True,215.0,26.0,11.961538461538462,13.3,18.21794871794872,0.6764705882352942,0.7411764705882353,FIATC Girona,0.6000000000000001,0.1,0.743588817983487,0.2,12.36923076923077,14.208755106642228,14.104377553321115,705218.8776660557,555450.0,0.1499999999999999,False
235,AJ Lawson,Lawson,15/07/2000,AJ Lawson,Kosner Baskonia,3,632500.0,550000.0,0,fit,False,False,COT,1,12.0,202627FIATCGironaLogoPositivo.png,True,,,,,,0.6764705882352942,0.7411764705882353,FIATC Girona,0.6000000000000001,0.1,0.743588817983487,0.2,10.151295336787566,11.660973276884196,11.830486638442098,591524.3319221049,591524.3319221049,-0.06478366494528864,False
131,D. N'Guessan,N'Guessan,12/06/2000,David N'Guessan,FIATC Girona,5,621000.0,540000.0,0,fit,False,False,EUR,1,11.0,2526KosnerBaskoniaLogo.png,False,,,,,,0.5,0.6000000000000001,Kosner Baskonia,0.7411764705882353,-0.1,0.256411182016513,0.2,10.054545454545455,10.570165031473206,10.785082515736603,539254.1257868301,539254.1257868301,-0.1316358682981802,False
221,DJ Stewart,Stewart,28/07/1999,DJ Stewart Jr,Kosner Baskonia,3,540000.0,600000.0,0,fit,False,False,EUR,1,9.000000000000002,202627FIATCGironaLogoPositivo.png,True,,,,,,0.6764705882352942,0.7411764705882353,FIATC Girona,0.6000000000000001,0.1,0.743588817983487,0.2,10.255958549222798,11.781201768203642,10.390600884101822,519530.0442050911,519530.0442050911,-0.037907325546127635,False
228,M. Howard,Howard,03/03/1999,Markus Howard,Kosner Baskonia,3,420000.0,490000.0,0,fit,True,False,EXT,1,7.000000000000001,202627FIATCGironaLogoPositivo.png,True,41.0,11.0,10.909090909090908,12.327272727272726,23.522727272727273,0.6764705882352942,0.7411764705882353,FIATC Girona,0.6000000000000001,0.1,0.743588817983487,0.2,10.127272727272727,11.633378078606553,9.316689039303277,465834.45196516387,465834.45196516387,0.10912964753610455,False
229,K. Simmons,Simmons,04/07/1997,Kobi Simmons,Kosner Baskonia,1,527000.0,620000.0,0,fit,False,False,COT,1,7.000000000000001,202627FIATCGironaLogoPositivo.png,True,252.0,25.0,10.84,12.448,22.038666666666668,0.6764705882352942,0.7411764705882353,FIATC Girona,0.6000000000000001,0.1,0.743588817983487,0.2,10.072000000000001,11.569885314945937,9.28494265747297,464247.1328736485,464247.1328736485,-0.11907564919611291,False
138,S. Martínez,Martínez,10/05/1999,Sergi Martínez,FIATC Girona,3,360000.0,340000.0,0,fit,False,True,JFL,1,6.0,2526KosnerBaskoniaLogo.png,False,29.0,31.0,8.483870967741936,9.33548387096774,24.4741935483871,0.5,0.6000000000000001,Kosner Baskonia,0.7411764705882353,-0.1,0.256411182016513,0.2,7.9870967741935495,8.396692959143799,7.198346479571899,359917.32397859497,359917.32397859497,-0.00022965561501397946,False
227,M. Spagnolo,Spagnolo,10/01/2003,Matteo Spagnolo,Kosner Baskonia,3,323000.0,380000.0,0,fit,False,True,JFL,1,2.0,202627FIATCGironaLogoPositivo.png,True,35.0,31.0,8.709677419354838,10.187096774193549,18.745698924731183,0.6764705882352942,0.7411764705882353,FIATC Girona,0.6000000000000001,0.1,0.743588817983487,0.2,7.367741935483871,8.463456038886635,5.231728019443318,261586.40097216587,274550.0,-0.15000000000000002,False
234,A. Pluta,Pluta,03/06/2000,Andrzej Pluta,FIATC Girona,1,272000.0,320000.0,0,fit,False,True,JFL,1,2.0,2526KosnerBaskoniaLogo.png,False,,,,,,0.5,0.6000000000000001,Kosner Baskonia,0.7411764705882353,-0.1,0.256411182016513,0.2,5.054545454545456,5.313753849456694,3.656876924728347,182843.84623641733,231200.0,-0.15000000000000002,False
132,M. McClung,McClung,06/01/1999,Mac McClung,FIATC Girona,1,705500.0,830000.0,0,fit,True,False,EXT,1,1.0,2526KosnerBaskoniaLogo.png,False,,,,,,0.5,0.6000000000000001,Kosner Baskonia,0.7411764705882353,-0.1,0.256411182016513,0.2,12.272727272727273,12.902100174040532,6.951050087020266,347552.5043510133,599675.0,-0.15000000000000002,False
134,A. Kunc,Kunc,30/07/1999,Aljaz Kunc,FIATC Girona,5,450000.0,450000.0,0,injured,False,False,EUR,0,,2526KosnerBaskoniaLogo.png,False,,,,,,0.5,0.6000000000000001,Kosner Baskonia,0.7411764705882353,-0.1,0.256411182016513,0.0,8.181818181818182,8.60140011602702,8.60140011602702,430070.00580135104,430070.00580135104,-0.04428887599699771,True
135,I. Vázquez,Vázquez,10/10/2004,Isaac Vázquez,FIATC Girona,1,200000.0,200000.0,0,injured,False,True,JFL,0,,2526KosnerBaskoniaLogo.png,False,,,,,,0.5,0.6000000000000001,Kosner Baskonia,0.7411764705882353,-0.1,0.256411182016513,0.0,3.6363636363636362,3.822844496012009,3.822844496012009,191142.22480060047,191142.22480060047,-0.04428887599699771,True
139,M. Fjellerup,Fjellerup,25/11/1997,Maxi Fjellerup,FIATC Girona,3,300000.0,300000.0,0,injured,False,False,EUR,0,,2526KosnerBaskoniaLogo.png,False,24.0,3.0,4.0,4.266666666666667,13.077777777777778,0.5,0.6000000000000001,Kosner Baskonia,0.7411764705882353,-0.1,0.256411182016513,0.0,4.0,4.20512894561321,4.20512894561321,210256.4472806605,255000.0,-0.15000000000000002,True
140,P. Busquets,Busquets,02/03/1999,Pep Busquets,FIATC Girona,3,297500.0,350000.0,0,fit,False,True,JFL,1,0.0,2526KosnerBaskoniaLogo.png,False,32.0,34.0,8.764705882352942,9.535294117647059,23.356862745098038,0.5,0.6000000000000001,Kosner Baskonia,0.7411764705882353,-0.1,0.256411182016513,0.2,7.011764705882354,7.371343681133745,3.6856718405668727,184283.59202834364,252875.0,-0.15000000000000002,False
136,N. Maric,Maric,19/12/1998,Nikola Maric,FIATC Girona,5,204000.0,240000.0,0,fit,False,True,JFL,1,-1.0,2526KosnerBaskoniaLogo.png,False,30.0,30.0,6.333333333333333,6.986666666666666,12.05722222222222,0.5,0.6000000000000001,Kosner Baskonia,0.7411764705882353,-0.1,0.256411182016513,0.2,4.866666666666666,5.116240217162739,2.0581201085813694,102906.00542906846,173400.0,-0.15000000000000002,False
226,R. Kurucs,Kurucs,05/02/1998,Rodions Kurucs,Kosner Baskonia,5,340000.0,400000.0,0,fit,False,True,JFL,1,-1.0,202627FIATCGironaLogoPositivo.png,True,43.0,24.0,7.916666666666667,9.016666666666667,20.17152777777778,0.6764705882352942,0.7411764705882353,FIATC Girona,0.6000000000000001,0.1,0.743588817983487,0.2,6.133333333333334,7.045468950059744,3.022734475029872,151136.7237514936,289000.0,-0.15000000000000002,False
223,S. Joksimovic,Joksimovic,16/11/2008,Stefan Joksimovic,Kosner Baskonia,3,144500.0,170000.0,0,fit,False,True,JFL,1,-2.0,202627FIATCGironaLogoPositivo.png,True,237.0,10.0,1.9,2.42,8.258333333333333,0.6764705882352942,0.7411764705882353,FIATC Girona,0.6000000000000001,0.1,0.743588817983487,0.2,1.12,1.2865638952283012,-0.3567180523858494,-17835.902619292472,122825.0,-0.15000000000000002,False
233,D. Stenionis,Stenionis,03/07/2002,Dominykas Stenionis,FIATC Girona,1,170000.0,200000.0,0,fit,False,False,EUR,1,-3.0,2526KosnerBaskoniaLogo.png,False,,,,,,0.5,0.6000000000000001,Kosner Baskonia,0.7411764705882353,-0.1,0.256411182016513,0.2,2.309090909090909,2.427506254967626,-0.2862468725161871,-14312.343625809353,144500.0,-0.15000000000000002,False
170,O. Balcerowski,Balcerowski,19/11/2000,Olek Balcerowski,Barça,5,402500.0,350000.0,0,fit,False,True,JFL,1,30.0,202627ucamcblogoverticalcolor.png,False,224.0,32.0,11.625,12.98125,19.629166666666666,0.7058823529411765,0.7647058823529413,UCAM Murcia,0.5882352941176471,-0.1,0.5512895462735655,0.2,15.3,16.986946011597112,23.493473005798556,1174673.6502899278,462874.99999999994,0.1499999999999999,False
169,J. Parra,Parra,04/04/2000,Joel Parra,Barça,3,552000.0,480000.0,0,fit,False,True,JFL,1,18.000000000000004,202627ucamcblogoverticalcolor.png,False,197.0,32.0,11.75,13.5875,22.0875,0.7058823529411765,0.7647058823529413,UCAM Murcia,0.5882352941176471,-0.1,0.5512895462735655,0.2,13.000000000000002,14.433352820311272,16.21667641015564,810833.8205077819,634800.0,0.1499999999999999,False
176,T. Martin,Martin,07/03/1999,Tyrese Martin,Barça,3,828000.0,720000.0,0,fit,True,False,EXT,1,17.0,202627ucamcblogoverticalcolor.png,False,279.0,19.0,7.2631578947368425,8.557894736842105,17.092105263157894,0.7058823529411765,0.7647058823529413,UCAM Murcia,0.5882352941176471,-0.1,0.5512895462735655,0.2,9.210526315789474,10.226059690503938,13.613029845251969,680651.4922625985,703800.0,-0.15000000000000002,False
180,D. Brizuela,Brizuela,08/11/1994,Darío Brizuela,Barça,3,368000.0,320000.0,0,fit,False,True,JFL,1,15.0,202627ucamcblogoverticalcolor.png,False,198.0,31.0,6.612903225806452,7.541935483870968,15.40537634408602,0.7058823529411765,0.7647058823529413,UCAM Murcia,0.5882352941176471,-0.1,0.5512895462735655,0.2,8.290322580645162,9.204396215434235,12.102198107717118,605109.9053858559,423199.99999999994,0.1499999999999999,False
157,T. Nakic,Nakic,01/06/1999,Toni Nakic,UCAM Murcia,3,253000.0,220000.0,0,fit,False,False,EUR,1,16.0,2324BarcaLogoweb.png,True,105.0,33.0,6.393939393939394,7.49090909090909,19.353535353535353,0.7352941176470589,0.5882352941176471,Barça,0.7647058823529413,0.1,0.44871045372643453,0.2,8.315151515151516,9.061370596985054,12.530685298492527,626534.2649246263,290950.0,0.1499999999999999,False
159,E. Cate,Cate,30/07/1997,Emanuel Cate,UCAM Murcia,5,506000.0,440000.0,0,fit,False,True,JFL,1,16.0,2324BarcaLogoweb.png,True,111.0,34.0,10.117647058823529,11.41764705882353,19.205392156862747,0.7352941176470589,0.5882352941176471,Barça,0.7647058823529413,0.1,0.44871045372643453,0.2,11.294117647058822,12.30767537782912,14.15383768891456,707691.884445728,581900.0,0.1499999999999999,False
182,J. Núñez,Núñez,04/06/2004,Juan Núñez,Barça,1,230000.0,200000.0,0,fit,False,True,JFL,1,13.0,202627ucamcblogoverticalcolor.png,False,199.0,8.0,6.5,7.875,14.0875,0.7058823529411765,0.7647058823529413,UCAM Murcia,0.5882352941176471,-0.1,0.5512895462735655,0.2,7.800000000000001,8.660011692186764,10.830005846093382,541500.292304669,264500.0,0.1499999999999999,False
181,K. Punter,Punter,25/06/1993,Kevin Punter,Barça,3,621000.0,540000.0,0,fit,False,False,EUR,1,11.0,202627ucamcblogoverticalcolor.png,False,189.0,31.0,12.161290322580646,14.103225806451613,23.581182795698926,0.7058823529411765,0.7647058823529413,UCAM Murcia,0.5882352941176471,-0.1,0.5512895462735655,0.2,11.929032258064517,13.24430241427074,12.12215120713537,606107.5603567685,606107.5603567685,-0.023981384288617513,False
154,S. Boum,Boum,26/01/1999,Souley Boum,UCAM Murcia,1,552000.0,480000.0,0,fit,False,False,COT,1,12.0,2324BarcaLogoweb.png,True,,,,,,0.7352941176470589,0.5882352941176471,Barça,0.7647058823529413,0.1,0.44871045372643453,0.2,9.095384615384617,9.91162344690175,10.955811723450875,547790.5861725437,547790.5861725437,-0.007625749687420802,False
174,O. Nkamhoua,Nkamhoua,02/05/2000,Olivier Nkamhoua,Barça,5,391000.0,340000.0,0,fit,False,False,EUR,1,10.0,202627ucamcblogoverticalcolor.png,False,,,,,,0.7058823529411765,0.7647058823529413,UCAM Murcia,0.5882352941176471,-0.1,0.5512895462735655,0.2,6.7670103092783505,7.513126717884471,8.756563358942236,437828.16794711177,437828.16794711177,0.11976513541460809,False
155,J. Pansa,Pansa,20/08/1997,Jean-Marc Pansa,UCAM Murcia,5,494500.0,430000.0,0,fit,False,False,EUR,1,10.0,2324BarcaLogoweb.png,True,,,,,,0.7352941176470589,0.5882352941176471,Barça,0.7647058823529413,0.1,0.44871045372643453,0.2,7.997948717948718,8.715701357571023,9.35785067878551,467892.53393927554,467892.53393927554,-0.053806806998431655,False
173,S. Umude,Umude,12/04/1999,Stanley Umude,Barça,3,356500.0,310000.0,0,fit,False,False,COT,1,8.0,202627ucamcblogoverticalcolor.png,False,,,,,,0.7058823529411765,0.7647058823529413,UCAM Murcia,0.5882352941176471,-0.1,0.5512895462735655,0.2,5.94639175257732,6.602028474825964,7.301014237412982,365050.71187064913,365050.71187064913,0.0239851665375852,False
179,J. Robinson,Robinson,12/10/1997,Justin Robinson,Barça,1,544000.0,640000.0,0,fit,True,False,EXT,1,6.0,202627ucamcblogoverticalcolor.png,False,120.0,30.0,15.833333333333334,17.2,26.238333333333333,0.7058823529411765,0.7647058823529413,UCAM Murcia,0.5882352941176471,-0.1,0.5512895462735655,0.2,13.866666666666667,15.395576341665356,10.697788170832677,534889.4085416339,534889.4085416339,-0.016747410769055393,False
166,M. Forrest,Forrest,02/12/1999,Michael Forrest,UCAM Murcia,1,300000.0,270000.0,0,fit,False,False,COT,1,6.0,2324BarcaLogoweb.png,True,102.0,34.0,7.5588235294117645,8.805882352941175,16.602450980392156,0.7352941176470589,0.5882352941176471,Barça,0.7647058823529413,0.1,0.44871045372643453,0.2,7.247058823529412,7.89742503410702,6.94871251705351,347435.62585267547,345000.0,0.1499999999999999,False
167,J. Marcos,Marcos,06/07/2000,Juani Marcos,UCAM Murcia,1,272000.0,320000.0,0,fit,False,False,EUR,1,5.0,2324BarcaLogoweb.png,True,193.0,30.0,4.666666666666667,5.733333333333333,14.825555555555555,0.7352941176470589,0.5882352941176471,Barça,0.7647058823529413,0.1,0.44871045372643453,0.2,4.733333333333334,5.158112562861025,5.079056281430512,253952.81407152562,253952.81407152562,-0.06634994826644991,False
168,J. Radebaugh,Radebaugh,17/06/1997,Jonah Radebaugh,UCAM Murcia,1,323000.0,380000.0,0,fit,False,False,EUR,1,5.0,2324BarcaLogoweb.png,True,103.0,31.0,8.806451612903226,10.33548387096774,20.473655913978497,0.7352941176470589,0.5882352941176471,Barça,0.7647058823529413,0.1,0.44871045372643453,0.2,8.045161290322582,8.76715088489918,6.88357544244959,344178.7721224795,344178.7721224795,0.06556895393956497,False
171,A. Ubal,Ubal,19/07/2003,Agustín Ubal,Barça,3,240000.0,250000.0,0,fit,False,True,JFL,1,4.0,202627ucamcblogoverticalcolor.png,False,74.0,31.0,10.580645161290322,11.819354838709677,19.106989247311827,0.7058823529411765,0.7647058823529413,UCAM Murcia,0.5882352941176471,-0.1,0.5512895462735655,0.2,9.264516129032259,10.286002307675924,7.143001153837962,357150.0576918981,276000.0,0.1499999999999999,False
240,U. Gibson,Gibson,04/07/1998,Umoja Gibson,Barça,1,255000.0,300000.0,0,fit,False,False,EUR,1,4.0,202627ucamcblogoverticalcolor.png,False,,,,,,0.7058823529411765,0.7647058823529413,UCAM Murcia,0.5882352941176471,-0.1,0.5512895462735655,0.2,5.006185567010309,5.5581571209699865,4.779078560484994,238953.92802424968,238953.92802424968,-0.06292577245392283,False
165,D. Ennis,Ennis,26/12/1991,Dylan Ennis,UCAM Murcia,3,467500.0,550000.0,0,fit,False,False,EUR,1,4.0,2324BarcaLogoweb.png,True,104.0,25.0,10.28,11.912,24.436,0.7352941176470589,0.5882352941176471,Barça,0.7647058823529413,0.1,0.44871045372643453,0.2,9.024000000000001,9.833832626885469,6.9169163134427345,345845.8156721367,397375.0,-0.15000000000000002,False
172,J. Minaya,Minaya,26/03/1999,Justin Minaya,Barça,3,229500.0,270000.0,0,fit,False,False,COT,1,3.0,202627ucamcblogoverticalcolor.png,False,,,,,,0.7058823529411765,0.7647058823529413,UCAM Murcia,0.5882352941176471,-0.1,0.5512895462735655,0.2,4.385567010309279,4.869110459762423,3.9345552298812114,196727.76149406057,196727.76149406057,-0.14279842486248118,False
162,M. Steinbergs,Steinbergs,28/08/2001,Marcis Steinbergs,UCAM Murcia,5,170000.0,200000.0,0,fit,False,False,EUR,1,1.0,2324BarcaLogoweb.png,True,65.0,34.0,4.117647058823529,4.629411764705883,20.113725490196078,0.7352941176470589,0.5882352941176471,Barça,0.7647058823529413,0.1,0.44871045372643453,0.2,3.4941176470588236,3.8076870700158847,2.403843535007942,120192.1767503971,144500.0,-0.15000000000000002,False
156,H. Sant-Roos,Sant-Roos,13/02/1991,Howard Sant-Roos,UCAM Murcia,3,450000.0,450000.0,0,injured,False,False,EUR,0,,2324BarcaLogoweb.png,True,106.0,34.0,11.029411764705882,12.782352941176471,20.45637254901961,0.7352941176470589,0.5882352941176471,Barça,0.7647058823529413,0.1,0.44871045372643453,0.0,11.029411764705882,12.019214236161252,12.019214236161252,600960.7118080626,517499.99999999994,0.1499999999999999,True
160,M. Diagné,Diagné,06/03/1994,Moussa Diagne,UCAM Murcia,5,180000.0,180000.0,0,fit,False,True,JFL,1,0.0,2324BarcaLogoweb.png,True,109.0,19.0,2.6315789473684212,3.1473684210526316,7.136842105263158,0.7352941176470589,0.5882352941176471,Barça,0.7647058823529413,0.1,0.44871045372643453,0.2,2.105263157894737,2.2941938752532356,1.1470969376266178,57354.84688133089,153000.0,-0.15000000000000002,False
161,R. López,López,13/03/2002,Rubén López De La Torre,UCAM Murcia,5,120000.0,120000.0,0,fit,False,True,JFL,0,,2324BarcaLogoweb.png,True,107.0,6.0,1.0,1.3,6.008333333333333,0.7352941176470589,0.5882352941176471,Barça,0.7647058823529413,0.1,0.44871045372643453,0.0,1.0,1.0897420907452868,1.0897420907452868,54487.10453726434,102000.0,-0.15000000000000002,False
163,K. Gates,Gates,08/11/1996,Kaiser Gates,UCAM Murcia,5,400000.0,400000.0,0,fit,True,False,EXT,0,,2324BarcaLogoweb.png,True,,,,,,0.7352941176470589,0.5882352941176471,Barça,0.7647058823529413,0.1,0.44871045372643453,0.0,6.9743589743589745,7.600252530326103,7.600252530326103,380012.62651630514,380012.62651630514,-0.04996843370923709,False
164,W. Falk,Falk,25/06/2003,Wilhelm Falk,UCAM Murcia,3,119000.0,140000.0,0,fit,False,True,JFL,1,0.0,2324BarcaLogoweb.png,True,99.0,30.0,3.2,3.933333333333333,11.297222222222222,0.7352941176470589,0.5882352941176471,Barça,0.7647058823529413,0.1,0.44871045372643453,0.2,2.5600000000000005,2.789739752307935,1.3948698761539675,69743.49380769838,101150.0,-0.15000000000000002,False
175,J. Nebo,Nebo,17/07/1997,Josh Nebo,Barça,5,380000.0,380000.0,0,injured,False,False,EUR,0,,202627ucamcblogoverticalcolor.png,False,,,,,,0.7058823529411765,0.7647058823529413,UCAM Murcia,0.5882352941176471,-0.1,0.5512895462735655,0.0,6.65979381443299,7.394088756479842,7.394088756479842,369704.4378239921,369704.4378239921,-0.02709358467370493,True
177,Y. Makoundou,Makoundou,09/08/2000,Yoan Makoundou,Barça,5,360000.0,360000.0,0,injured,False,False,EUR,0,,202627ucamcblogoverticalcolor.png,False,,,,,,0.7058823529411765,0.7647058823529413,UCAM Murcia,0.5882352941176471,-0.1,0.5512895462735655,0.0,6.309278350515465,7.004926190349325,7.004926190349325,350246.30951746623,350246.30951746623,-0.02709358467370493,True
178,T. Evbuomwan,Evbuomwan,16/02/2001,Tosan Evbuomwan,Barça,5,330000.0,330000.0,0,injured,False,False,EUR,0,,202627ucamcblogoverticalcolor.png,False,,,,,,0.7058823529411765,0.7647058823529413,UCAM Murcia,0.5882352941176471,-0.1,0.5512895462735655,0.0,5.783505154639175,6.421182341153547,6.421182341153547,321059.11705767736,321059.11705767736,-0.02709358467370493,True
158,S. Raieste,Raieste,31/03/1999,Sander Raieste,UCAM Murcia,3,204000.0,240000.0,0,fit,False,True,JFL,1,-1.0,2324BarcaLogoweb.png,True,108.0,28.0,6.571428571428571,7.714285714285714,19.582142857142856,0.7352941176470589,0.5882352941176471,Barça,0.7647058823529413,0.1,0.44871045372643453,0.2,5.057142857142857,5.5109814303404505,2.2554907151702253,112774.53575851127,173400.0,-0.15000000000000002,False
