idPlayer,acbIdPlayer,fullName,shortName,nick,birthdate,age,height,nationality,birthplace,idTeam,nameTeam,imageTeam,position,license,isExtraCommunity,isNational,isActive,isExitLeague,injuredDays,fisicStatus,price,initialPrice,competitionAverage,numberJourney,pointsJourney,photo,number
18,30003935,Alonzo Verge Jr.,A. Verge,Verge,17/10/1998,27,191,EE.UU.,Illinois,2,Leyma Coruña,202627LeymaCorunaLogoPositivoOK.png,1,EXT,True,False,True,False,0,fit,767050.0,580000.0,18.6,1.0,18.0,0000925785_5-6_03.jpg,1
81,30005373,Roberts Blumbergs,R. Blumbergs,Blumbergs,29/04/1998,28,202,Letonia,Ventspils,7,Casademont Zaragoza,2425CasademontZaragoza.png,5,EUR,False,False,True,False,0,fit,502550.0,380000.0,16.6,1.0,25.2,0000929098_5-6_03.jpg,3
15,30000967,Caio Pacheco,C. Pacheco,Pacheco,22/02/1999,27,190,Portugal,Rio Claro,2,Leyma Coruña,202627LeymaCorunaLogoPositivoOK.png,1,EUR,False,False,True,False,0,fit,462875.0,350000.0,16.3,1.0,17.0,0000925808_5-6_03.jpg,9
14,30005393,Dmytro Skapintsev,D. Skapintsev,Skapintsev,12/05/1998,28,216,Ucrania,Cherkassy,2,Leyma Coruña,202627LeymaCorunaLogoPositivoOK.png,5,EUR,False,False,True,False,0,fit,515775.0,390000.0,15.6,1.0,12.0,0000925869_5-6_03.jpg,44
90,20212451,Gabriel Olaseni,A. Olaseni,Olaseni,29/12/1991,34,208,Reino Unido,Plaistow,7,Casademont Zaragoza,2425CasademontZaragoza.png,5,EUR,False,False,True,False,0,fit,469200.0,480000.0,14.5,1.0,6.0,0000928852_5-6_03.jpg,0
84,30003944,Justin Jaworski,J. Jaworski,Jaworski,21/06/1999,27,190,EE.UU.,Schwenksville (Pennsylvania),7,Casademont Zaragoza,2425CasademontZaragoza.png,3,EXT,True,False,True,False,0,fit,396750.0,300000.0,13.7,1.0,14.4,0000928954_5-6_03.jpg,11
82,30001171,Trae Bell-Haynes,T. Bell-Haynes,Bell-Haynes,05/09/1995,31,188,Jamaica,Toronto,7,Casademont Zaragoza,2425CasademontZaragoza.png,1,COT,False,False,True,False,0,fit,650000.0,580000.0,13.0,1.0,24.0,0000929161_5-6_03.jpg,2
21,30003388,George Conditt,G. Conditt,Conditt,22/08/2000,26,211,EE.UU.,Chicago,2,Leyma Coruña,202627LeymaCorunaLogoPositivoOK.png,5,EXT,True,False,True,False,0,fit,590000.0,540000.0,11.8,1.0,20.0,0000925902_5-6_03.jpg,24
19,20212266,Dídac Cuevas,D. Cuevas,Cuevas,20/06/2000,26,178,España,Barcelona,2,Leyma Coruña,202627LeymaCorunaLogoPositivoOK.png,1,JFL,False,True,True,False,0,fit,264500.0,200000.0,11.2,1.0,14.0,0000925837_5-6_03.jpg,0
17,30005395,Lukas Uleckas,L. Uleckas,Uleckas,06/08/1999,27,199,Lituania,Kaunas,2,Leyma Coruña,202627LeymaCorunaLogoPositivoOK.png,3,EUR,False,False,True,False,0,fit,351900.0,360000.0,11.0,1.0,4.0,0000925968_5-6_03.jpg,10
85,20204158,Guillem Vives,G. Vives,Vives,16/06/1993,33,192,España,Barcelona,7,Casademont Zaragoza,2425CasademontZaragoza.png,1,JFL,False,True,True,False,0,fit,276000.0,220000.0,8.9,1.0,4.8,0000928884_5-6_03.jpg,16
91,30003377,Caleb Homesley,C. Homesley,Homesley,27/11/1996,29,198,EE.UU.,Carolina del Norte,7,Casademont Zaragoza,2425CasademontZaragoza.png,3,EXT,True,False,True,False,0,fit,385000.0,500000.0,7.7,1.0,8.4,0000928809_5-6_03.jpg,5
23,20210493,Jacobo Diaz,J. Diaz,Diaz,23/07/1996,30,206,España,Madrid,2,Leyma Coruña,202627LeymaCorunaLogoPositivoOK.png,3,JFL,False,True,True,False,0,fit,205275.0,210000.0,7.5,1.0,3.0,0000925939_5-6_03.jpg,50
89,30000289,Laurynas Birutis,L. Birutis,Birutis,27/08/1997,29,213,Lituania,Siauliai,7,Casademont Zaragoza,2425CasademontZaragoza.png,5,EUR,False,False,True,False,0,fit,476850.0,660000.0,7.1,1.0,7.2,0000928987_5-6_03.jpg,15
16,30005396,Paul Jorgensen,P. Jorgensen,Jorgensen,21/07/1996,30,188,Italia,Nueva York,2,Leyma Coruña,202627LeymaCorunaLogoPositivoOK.png,3,EUR,False,False,True,False,0,fit,320000.0,320000.0,6.4,1.0,8.0,0000925999_5-6_03.jpg,4
24,20210815,Guillem Jou,G. Jou,Jou,15/07/1997,29,195,España,Llagostera,2,Leyma Coruña,202627LeymaCorunaLogoPositivoOK.png,3,JFL,False,True,True,False,0,fit,251275.0,190000.0,6.3,1.0,9.0,0000925920_5-6_03.jpg,5
86,20212476,Miguel González,M. González,González,20/03/1999,27,203,España,Valladolid,7,Casademont Zaragoza,2425CasademontZaragoza.png,3,JFL,False,True,True,False,0,fit,264500.0,200000.0,5.4,1.0,4.8,0000929031_5-6_03.jpg,7
22,20211609,Dino Radoncic,D. Radoncic,Radoncic,08/01/1999,27,202,Serbia,Giessen,2,Leyma Coruña,202627LeymaCorunaLogoPositivoOK.png,5,JFL,False,True,True,False,0,fit,260100.0,360000.0,4.4,1.0,4.0,0000925851_5-6_03.jpg,8
83,20212648,Nico Brussino,N. Brussino,Brussino,02/03/1993,33,205,Italia,Las Parejas,7,Casademont Zaragoza,2425CasademontZaragoza.png,3,EUR,False,False,True,False,0,fit,397375.0,550000.0,3.6,1.0,1.2,0000929065_5-6_03.jpg,9
20,30003918,Karlis Silins,K. Silins,Silins,22/07/1997,29,211,Letonia,Riga,2,Leyma Coruña,202627LeymaCorunaLogoPositivoOK.png,5,EUR,False,False,True,False,0,fit,238425.0,330000.0,2.6,1.0,-2.0,0000925954_5-6_03.jpg,25
88,20212348,Jaime Fernández,J. Fernández,Fernández,15/07/2000,26,206,España,Zaragoza,7,Casademont Zaragoza,2425CasademontZaragoza.png,5,JFL,False,True,True,False,0,fit,110000.0,150000.0,2.2,1.0,2.4,0000928919_5-6_03.jpg,10
25,30000748,Tomas Dimsa,T. Dimsa,Dimsa,02/01/1994,32,196,Lituania,Kaunas,2,Leyma Coruña,202627LeymaCorunaLogoPositivoOK.png,3,EUR,False,False,True,False,0,fit,410000.0,410000.0,0.0,1.0,0.0,0000926021_5-6_03.jpg,33
87,20210685,Sergi García,S. García,García,17/02/1997,29,193,España,Palma de Mallorca,7,Casademont Zaragoza,2425CasademontZaragoza.png,1,JFL,False,True,True,False,0,fit,130050.0,180000.0,0.0,1.0,0.0,0000929129_5-6_03.jpg,17
247,30004678,Matija Lukic,M. Lukic,,19/10/2009,16,202,Países Bajos,Capelle aan den Ijssel,7,Casademont Zaragoza,2425CasademontZaragoza.png,3,EUR,False,False,True,False,0,fit,130000.0,130000.0,0.0,2.0,0.0,0000940799_5-6_03.jpg,8
45,30001137,Amine Noua,A. Noua,Noua,07/02/1997,29,202,Francia,Lyon,4,Unicaja,2324UnicajaLogo.png,5,EUR,False,False,True,False,0,fit,555450.0,420000.0,19.5,1.0,23.0,0000933298_5-6_03.jpg,17
188,30005367,Leon Radosevic,L. Radosevic,Radosevic,26/02/1990,36,208,Croacia,Sisak,15,MoraBanc Andorra,20252026MorabancAndorraLogoPositivoOK.png,5,EUR,False,False,True,False,0,fit,379500.0,330000.0,17.0,1.0,17.0,0000928299_5-6_03.jpg,43
42,20209187,Willy Hernangómez,W. Hernangómez,Hernangómez,27/05/1994,32,210,España,Madrid,4,Unicaja,2324UnicajaLogo.png,5,JFL,False,True,True,False,0,fit,780275.0,590000.0,16.0,1.0,23.0,0000933708_5-6_03.jpg,41
183,30005359,James Akinjo,J. Akinjo,Akinjo,27/11/2000,25,185,EE.UU.,California,15,MoraBanc Andorra,20252026MorabancAndorraLogoPositivoOK.png,1,EXT,True,False,True,False,0,fit,540500.0,470000.0,16.0,1.0,16.0,0000928184_5-6_03.jpg,11
190,20211643,Artem Pustovyi,A. Pustovyi,Pustovyi,25/06/1992,34,219,Ucrania,Sofiyivka,15,MoraBanc Andorra,20252026MorabancAndorraLogoPositivoOK.png,5,EUR,False,False,True,False,0,fit,632500.0,550000.0,16.0,1.0,16.0,0000928077_5-6_03.jpg,13
51,30001977,Kendrick Perry,K. Perry,Perry,23/12/1992,33,183,Montenegro,Atlanta,4,Unicaja,2324UnicajaLogo.png,1,EUR,False,False,True,False,0,fit,596275.0,610000.0,15.0,1.0,7.0,0000933486_5-6_03.jpg,55
185,30005358,Wes Iwundu,W. Iwundu,Iwundu,20/12/1994,31,198,Nigeria,Texas,15,MoraBanc Andorra,20252026MorabancAndorraLogoPositivoOK.png,3,COT,False,False,True,False,0,fit,650000.0,570000.0,13.0,1.0,13.0,0000928421_5-6_03.jpg,25
192,30000287,Kassius Robertson,K. Robertson,Robertson,20/04/1994,32,190,Jamaica,Toronto,15,MoraBanc Andorra,20252026MorabancAndorraLogoPositivoOK.png,3,COT,False,False,True,False,0,fit,460000.0,400000.0,12.0,1.0,12.0,0000928211_5-6_03.jpg,30
40,30005397,Ignas Brazdeikis,I. Brazdeikis,Brazdeikis,08/01/1999,27,201,Lituania,Kaunas,4,Unicaja,2324UnicajaLogo.png,3,EUR,False,False,True,False,0,fit,425000.0,400000.0,8.5,1.0,9.0,0000933417_5-6_03.jpg,8
49,30003415,Cameron Hunt,C. Hunt,Hunt,25/08/1997,29,191,EE.UU.,Nebraska,4,Unicaja,2324UnicajaLogo.png,3,EXT,True,False,True,False,0,fit,425000.0,500000.0,8.5,1.0,3.0,0000933341_5-6_03.jpg,24
50,20212357,Melwin Pantzar,M. Pantzar,Pantzar,10/04/2000,26,190,Suecia,Valsta,4,Unicaja,2324UnicajaLogo.png,1,JFL,False,True,True,False,0,fit,459425.0,470000.0,8.0,1.0,11.0,0000933528_5-6_03.jpg,19
194,30003968,Aaron Best,A. Best,Best,01/09/1992,34,193,Barbados,Toronto,15,MoraBanc Andorra,20252026MorabancAndorraLogoPositivoOK.png,3,COT,False,False,True,False,0,fit,322000.0,280000.0,8.0,1.0,8.0,0000928051_5-6_03.jpg,3
43,30000023,David Kravish,D. Kravish,Kravish,12/09/1992,34,208,Bulgaria,Jolliet (Illinois),4,Unicaja,2324UnicajaLogo.png,5,EUR,False,False,True,False,0,fit,224825.0,230000.0,5.0,1.0,1.0,0000933374_5-6_03.jpg,45
193,20210959,Chumi Ortega,C. Ortega,Ortega,13/08/1997,29,190,España,Yecla,15,MoraBanc Andorra,20252026MorabancAndorraLogoPositivoOK.png,3,JFL,False,True,True,False,0,fit,172500.0,150000.0,5.0,1.0,5.0,0000928136_5-6_03.jpg,7
46,20200191,Jonathan Barreiro,J. Barreiro,Barreiro,16/01/1997,29,203,España,Cerceda (A Coruña),4,Unicaja,2324UnicajaLogo.png,3,JFL,False,True,True,False,0,fit,166175.0,170000.0,4.5,1.0,1.0,0000933456_5-6_03.jpg,7
191,20210232,Kyle Kuric,K. Kuric,Kuric,25/08/1989,37,193,Eslovaquia,Evansville (Indiana),15,MoraBanc Andorra,20252026MorabancAndorraLogoPositivoOK.png,3,EUR,False,False,True,False,0,fit,365500.0,430000.0,4.0,1.0,4.0,0000928238_5-6_03.jpg,24
39,30005432,Simonas Lukosius,S. Lukosius,Lukosius,13/08/2002,24,200,Lituania,Vilnus,4,Unicaja,2324UnicajaLogo.png,3,EUR,False,False,True,False,0,fit,312800.0,320000.0,3.5,1.0,10.0,0000933600_5-6_03.jpg,13
189,20212454,Lazar Mutic,L. Mutic,Mutic,06/01/1999,27,201,Bosnia y Herzegovina,Banja Luka,15,MoraBanc Andorra,20252026MorabancAndorraLogoPositivoOK.png,3,JFL,False,True,True,False,0,fit,263500.0,310000.0,2.0,1.0,2.0,0000928275_5-6_03.jpg,1
52,20209226,Alberto Díaz,A. Díaz,Díaz,23/04/1994,32,190,España,Málaga,4,Unicaja,2324UnicajaLogo.png,1,JFL,False,True,True,False,0,injured,297500.0,350000.0,1.0,1.0,1.0,0000933267_5-6_03.jpg,9
186,30005350,Owen Aquino,O. Aquino,Aquino,08/01/2003,23,203,España,Madrid,15,MoraBanc Andorra,20252026MorabancAndorraLogoPositivoOK.png,5,JFL,False,True,True,False,0,fit,170000.0,200000.0,1.0,1.0,1.0,0000928357_5-6_03.jpg,8
41,30000479,Yannick Nzosa,Y. Nzosa,Nzosa,15/11/2003,22,208,Rep. Democrática del Congo,Kinshasa,4,Unicaja,2324UnicajaLogo.png,5,JFL,False,True,True,False,0,injured,150000.0,150000.0,0.0,,,0000933745_5-6_03.jpg,3
44,30000053,Tyson Pérez,T. Pérez,Tyson,29/01/1996,30,202,España,Santo Domingo,4,Unicaja,2324UnicajaLogo.png,5,JFL,False,True,True,False,0,injured,450000.0,450000.0,0.0,,,0000933674_5-6_03.jpg,0
47,30001169,Tyler Kalinoski,T. Kalinoski,Kalinoski,19/12/1992,33,193,EE.UU.,Cincinatti (Ohio),4,Unicaja,2324UnicajaLogo.png,3,EUR,False,False,True,False,0,fit,200000.0,200000.0,0.0,2.0,0.0,0000933640_5-6_03.jpg,4
184,30005363,Cameron McGriff,C. McGriff,McGriff,30/09/1997,29,201,EE.UU.,Texas,15,MoraBanc Andorra,20252026MorabancAndorraLogoPositivoOK.png,5,EXT,True,False,True,False,0,doubtful,380000.0,380000.0,0.0,,,0000928109_5-6_03.jpg,0
187,30001559,Luka Bottiroli,L. Bottiroli,Bottiroli,10/01/2009,17,185,España,La Seu D'Urgell,15,MoraBanc Andorra,20252026MorabancAndorraLogoPositivoOK.png,1,JFL,False,True,True,False,0,fit,120000.0,120000.0,0.0,1.0,0.0,0000928327_5-6_03.jpg,40
195,20200274,Rafa Luz,R. Luz,Luz,11/02/1992,34,188,España,Araçatuba,15,MoraBanc Andorra,20252026MorabancAndorraLogoPositivoOK.png,1,JFL,False,True,True,False,0,fit,297500.0,350000.0,0.0,1.0,0.0,0000928393_5-6_03.jpg,5
256,30002409,Rati Andronikashvili,Andronikashvili,Andronikash.,19/03/2001,25,194,Georgia,Tbilisi,15,MoraBanc Andorra,20252026MorabancAndorraLogoPositivoOK.png,1,JFL,False,True,True,False,0,fit,210000.0,210000.0,0.0,,,defaultFace.jpg,88
48,20202039,Nihad Djedovic,N. Djedovic,Djedovic,12/01/1990,36,197,Alemania,Visegrad,4,Unicaja,2324UnicajaLogo.png,3,JFL,False,True,True,False,0,fit,173400.0,240000.0,-1.0,1.0,0.0,0000933565_5-6_03.jpg,14
254,20212430,Matt Thomas,M. Thomas,Thomas,04/08/1994,32,191,EE.UU.,Decatur (Illinois),4,Unicaja,2324UnicajaLogo.png,3,EXT,True,False,True,False,0,fit,340000.0,400000.0,-3.0,2.0,-3.0,0000940576_5-6_03.jpg,21
220,20212431,Dominik Mavra,D. Mavra,Mavra,15/06/1994,32,195,Croacia,Zadar,17,Río Breogán,breogan_00.png,1,EUR,False,False,True,False,0,fit,608350.0,460000.0,28.8,1.0,15.6,0000934159_5-6_03.jpg,19
213,30004004,Danko Brankovic,D. Brankovic,Brankovic,05/11/2000,25,217,Croacia,Zagreb,17,Río Breogán,breogan_00.png,5,EUR,False,False,True,False,0,fit,767050.0,580000.0,24.6,1.0,34.8,0000934138_5-6_03.jpg,22
137,30005191,Jassel Perez,J. Pérez,Pérez,12/09/2001,25,190,República Dominicana,San Cristobal,11,FIATC Girona,202627FIATCGironaLogoPositivo.png,3,COT,False,False,True,False,0,fit,529000.0,400000.0,23.9,1.0,34.8,0000930405_5-6_03.jpg,24
209,30005411,Tevin Brown,T. Brown,Brown,23/09/1998,28,195,EE.UU.,Alabama,17,Río Breogán,breogan_00.png,3,EXT,True,False,True,False,0,fit,687700.0,520000.0,20.4,1.0,15.6,0000934369_5-6_03.jpg,5
218,20210585,Francis Alonso,F. Alonso,Alonso,25/05/1996,30,191,España,Málaga,17,Río Breogán,breogan_00.png,3,JFL,False,True,True,False,0,fit,806725.0,610000.0,19.8,1.0,25.2,0000934239_5-6_03.jpg,10
210,30005412,Rasir Bolton,R. Bolton,Bolton,27/09/1999,27,190,EE.UU.,Virginia,17,Río Breogán,breogan_00.png,1,EXT,True,False,True,False,0,fit,502550.0,380000.0,17.4,1.0,25.2,0000934339_5-6_03.jpg,45
141,30002443,Martinas Geben,M. Geben,Geben,20/10/1994,31,208,Lituania,Vilnus,11,FIATC Girona,202627FIATCGironaLogoPositivo.png,5,EUR,False,False,True,False,0,fit,815000.0,620000.0,16.3,1.0,21.6,0000930465_5-6_03.jpg,12
208,30005394,Andersson García,A. García,García,23/08/2000,26,201,República Dominicana,Moca,17,Río Breogán,breogan_00.png,5,COT,False,False,True,False,0,fit,489325.0,370000.0,13.8,1.0,15.6,0000939150_5-6_03.jpg,11
131,30005388,David N'Guessan,D. N'Guessan,N'Guessan,12/06/2000,26,206,Países Bajos,Lier,11,FIATC Girona,202627FIATCGironaLogoPositivo.png,5,EUR,False,False,True,False,0,fit,655000.0,540000.0,13.1,1.0,13.2,0000930337_5-6_03.jpg,1
133,30005392,Stanley Whittaker,S. Whittaker,Whittaker,21/10/1994,31,183,EE.UU.,Pennsylvania,11,FIATC Girona,202627FIATCGironaLogoPositivo.png,1,EXT,True,False,True,False,0,fit,634800.0,480000.0,12.8,1.0,21.6,0000930582_5-6_03.jpg,11
211,20210571,Jonathan Kasibabu,J. Kasibabu,Kasibabu,24/04/1996,30,204,España,Kasangani,17,Río Breogán,breogan_00.png,5,JFL,False,True,True,False,0,fit,287500.0,250000.0,9.6,1.0,0.0,0000934262_5-6_03.jpg,88
212,30005410,Aleksa Ilić,A. Ilić,Ilić,17/09/1996,30,204,Montenegro,Niksic,17,Río Breogán,breogan_00.png,5,EUR,False,False,True,False,0,fit,391000.0,400000.0,6.1,1.0,13.2,0000934101_5-6_03.jpg,2
132,30005405,Mac McClung,M. McClung,McClung,06/01/1999,27,189,EE.UU.,Tennessee,11,FIATC Girona,202627FIATCGironaLogoPositivo.png,1,EXT,True,False,True,False,0,fit,599675.0,830000.0,5.6,1.0,1.2,0000930443_5-6_03.jpg,0
140,20211754,Pep Busquets,P. Busquets,Busquets,02/03/1999,27,201,España,Granollers,11,FIATC Girona,202627FIATCGironaLogoPositivo.png,3,JFL,False,True,True,False,0,fit,252875.0,350000.0,4.5,1.0,0.0,0000930534_5-6_03.jpg,4
216,30003394,Aleksandar Aranitovic,A. Aranitovic,Aranitovic,24/01/1998,28,195,Croacia,Belgrado,17,Río Breogán,breogan_00.png,3,EUR,False,False,True,False,0,fit,255000.0,300000.0,4.2,1.0,6.0,0000934120_5-6_03.jpg,17
136,20211466,Nikola Maric,N. Maric,Maric,19/12/1998,27,206,Bosnia y Herzegovina,Trebinje,11,FIATC Girona,202627FIATCGironaLogoPositivo.png,5,JFL,False,True,True,False,0,fit,200000.0,240000.0,4.0,1.0,-1.0,0000930510_5-6_03.jpg,25
214,30002695,Mihajlo Andric,M. Andric,Andric,04/01/1994,32,201,Serbia,Kragujevac,17,Río Breogán,breogan_00.png,5,EUR,False,False,True,False,0,fit,255000.0,330000.0,3.0,1.0,6.0,0000934318_5-6_03.jpg,37
138,20210335,Sergi Martínez,S. Martínez,Martínez,10/05/1999,27,202,España,Rubí,11,FIATC Girona,202627FIATCGironaLogoPositivo.png,3,JFL,False,True,True,False,0,fit,306000.0,340000.0,2.1,1.0,7.2,0000930558_5-6_03.jpg,23
250,30004854,Khory Brunot,K. Brunot,Brunot,20/08/2006,20,198,Francia,Marseille,11,FIATC Girona,202627FIATCGironaLogoPositivo.png,3,EUR,False,False,True,False,0,fit,110500.0,130000.0,2.0,2.0,2.0,0000930422_5-6_03.jpg,20
234,20212279,Andrzej Pluta,A. Pluta,Pluta,03/06/2000,26,184,Polonia,Ruda Slaska,11,FIATC Girona,202627FIATCGironaLogoPositivo.png,1,JFL,False,True,True,False,0,fit,231200.0,320000.0,1.7,1.0,2.4,0000930315_5-6_03.jpg,21
219,30001182,Erik Quintela,E. Quintela,Quintela,17/08/1991,35,186,España,Lugo,17,Río Breogán,breogan_00.png,1,JFL,False,True,True,False,0,fit,110500.0,130000.0,1.2,1.0,1.2,0000934220_5-6_03.jpg,23
135,30005391,Isaac Vazquez,I. Vázquez,Vázquez,10/10/2004,21,193,España,Ourense,11,FIATC Girona,202627FIATCGironaLogoPositivo.png,1,JFL,False,True,True,False,0,injured,200000.0,200000.0,0.0,,,0000930404_5-6_03.jpg,10
139,30001997,Maxi Fjellerup,M. Fjellerup,Fjellerup,25/11/1997,28,198,Argentina,Tres Arroyos,11,FIATC Girona,202627FIATCGironaLogoPositivo.png,3,EUR,False,False,True,False,0,injured,300000.0,300000.0,0.0,,,0000930487_5-6_03.jpg,2
215,20209139,Edgar Vicedo,E. Vicedo,Vicedo,24/08/1994,32,204,España,Madrid,17,Río Breogán,breogan_00.png,5,JFL,False,True,True,False,0,injured,190000.0,190000.0,0.0,,,0000934183_5-6_03.jpg,0
251,20213506,Enric Sanmartín,E. Sanmartín,Sanmartín,11/01/2007,19,199,España,Barcelona,11,FIATC Girona,202627FIATCGironaLogoPositivo.png,3,JFL,False,True,True,False,0,fit,120000.0,120000.0,0.0,,,0000930379_5-6_03.jpg,17
134,30005389,Aljaz Kunc,A. Kunc,Kunc,30/07/1999,27,207,Eslovenia,Ljubljana,11,FIATC Girona,202627FIATCGironaLogoPositivo.png,5,EUR,False,False,True,False,0,fit,382500.0,450000.0,-1.0,2.0,-1.0,0000930293_5-6_03.jpg,5
217,20212312,Josep Peris,J. Peris,Peris,08/08/2000,26,192,España,La pobla de Vallbona,17,Río Breogán,breogan_00.png,3,JFL,False,True,True,False,0,fit,187850.0,260000.0,-1.5,1.0,-3.0,0000934282_5-6_03.jpg,9
233,30005481,Dominykas Stenionis,D. Stenionis,Stenionis,03/07/2002,24,179,Lituania,Kaunas,11,FIATC Girona,202627FIATCGironaLogoPositivo.png,1,EUR,False,False,True,False,0,fit,144500.0,200000.0,-3.0,1.0,-3.0,0000930358_5-6_03.jpg,9
65,30003979,Theo Maledon,T. Maledon,Maledon,12/06/2001,25,195,Francia,Rouen,5,Real Madrid,2324RealMadrid_Logoweb.png,1,EUR,False,False,True,False,0,fit,780275.0,590000.0,36.6,1.0,27.6,0000935632_5-6_03.jpg,12
119,30005387,Timmy Allen,T. Allen,Allen,09/01/2000,26,198,EE.UU.,Arizona,10,Kids&Us Manresa,202526KidsUsManresa.png,5,EXT,True,False,True,False,0,fit,356500.0,310000.0,35.0,2.0,35.0,0000926394_5-6_03.jpg,0
61,30003351,Timothé Luwawu-Cabarrot,Luwawu-Cabarrot,Luwawu,09/05/1995,31,198,Francia,Cannes,5,Real Madrid,2324RealMadrid_Logoweb.png,3,EUR,False,False,True,False,0,fit,828000.0,700000.0,19.2,1.0,14.4,0000935666_5-6_03.jpg,3
55,30005365,Mika Jantunen,M. Jantunen,Jantunen,20/04/2000,26,204,Finlandia,Helsinki,5,Real Madrid,2324RealMadrid_Logoweb.png,5,EUR,False,False,True,False,0,fit,333500.0,290000.0,18.0,2.0,18.0,0000935535_5-6_03.jpg,20
67,20211331,Facu Campazzo,F. Campazzo,Campazzo,23/03/1991,35,181,España,Córdoba,5,Real Madrid,2324RealMadrid_Logoweb.png,1,EUR,False,False,True,False,0,injured,529000.0,460000.0,18.0,1.0,18.0,0000935384_5-6_03.jpg,7
66,30001114,Andrés Feliz,A. Feliz,Feliz,15/07/1997,29,188,España,Santo Domingo,5,Real Madrid,2324RealMadrid_Logoweb.png,1,EUR,False,False,True,False,0,fit,425500.0,370000.0,16.8,2.0,16.8,0000935301_5-6_03.jpg,24
53,30005475,Damian Jones,D. Jones,Jones,30/06/1995,31,208,EE.UU.,Louisiana,5,Real Madrid,2324RealMadrid_Logoweb.png,5,EXT,True,False,True,False,0,injured,391000.0,340000.0,13.2,1.0,13.2,0000935338_5-6_03.jpg,30
58,20211129,Jaime Pradilla,J. Pradilla,Pradilla,03/01/2001,25,202,España,Zaragoza,5,Real Madrid,2324RealMadrid_Logoweb.png,5,JFL,False,True,True,False,0,fit,596275.0,610000.0,13.2,1.0,4.8,0000935470_5-6_03.jpg,4
121,30005343,Nick Ongenda,N. Ongenda,Ongenda,29/09/2000,26,211,Sudáfrica,Ciudad del Cabo,10,Kids&Us Manresa,202526KidsUsManresa.png,5,COT,False,False,True,False,0,fit,621575.0,470000.0,12.5,1.0,17.0,0000926273_5-6_03.jpg,14
124,30005342,Lukasz Kolenda,L. Kolenda,Kolenda,28/07/1999,27,195,Polonia,Polski,10,Kids&Us Manresa,202526KidsUsManresa.png,3,EUR,False,False,True,False,0,fit,423200.0,320000.0,12.5,1.0,15.0,0000926241_5-6_03.jpg,1
57,20209407,Edy Tavares,W. Tavares,Tavares,22/03/1992,34,220,Cabo Verde,Maio,5,Real Madrid,2324RealMadrid_Logoweb.png,5,JFL,False,True,True,False,0,fit,600000.0,750000.0,12.0,1.0,10.8,0000935730_5-6_03.jpg,22
118,30005444,JD Notae,JD Notae,Notae,27/10/1998,27,188,EE.UU.,Georgia,10,Kids&Us Manresa,202526KidsUsManresa.png,1,EXT,True,False,True,False,0,fit,550000.0,580000.0,11.0,1.0,8.0,0000926191_5-6_03.jpg,13
60,30003981,Chuma Okeke,C. Okeke,Okeke,18/08/1998,28,201,EE.UU.,Atlanta (Georgia),5,Real Madrid,2324RealMadrid_Logoweb.png,5,EXT,True,False,True,False,0,fit,303025.0,310000.0,10.2,1.0,4.8,0000935315_5-6_03.jpg,8
63,20210088,Alberto Abalde,A. Abalde,Abalde,15/12/1995,30,202,España,Ferrol,5,Real Madrid,2324RealMadrid_Logoweb.png,3,JFL,False,True,True,False,0,injured,299000.0,260000.0,9.6,1.0,9.6,0000935266_5-6_03.jpg,6
120,30005344,Chibuzo Agbo,C. Agbo,Agbo,28/11/2001,24,200,Nigeria,California,10,Kids&Us Manresa,202526KidsUsManresa.png,3,COT,False,False,True,False,0,fit,263925.0,270000.0,8.0,1.0,1.0,0000926084_5-6_03.jpg,11
125,30001001,Pablo Tamba,P. Tamba,Tamba,04/09/2003,23,198,España,Puente-Genil,10,Kids&Us Manresa,202526KidsUsManresa.png,3,JFL,False,True,True,False,0,fit,264500.0,200000.0,8.0,1.0,8.0,0000926315_5-6_03.jpg,8
123,30005354,Yordan Minchev,Y. Minchev,Minchev,17/10/1998,27,205,Bulgaria,Silven,10,Kids&Us Manresa,202526KidsUsManresa.png,5,EUR,False,False,True,False,0,fit,425000.0,450000.0,7.0,1.0,10.0,0000926419_5-6_03.jpg,91
127,30001243,Rafael Villar,R. Villar,Villar,09/08/2004,22,191,España,Barcelona,10,Kids&Us Manresa,202526KidsUsManresa.png,1,JFL,False,True,True,False,0,fit,350000.0,280000.0,7.0,1.0,13.0,0000926366_5-6_03.jpg,44
62,30003980,Gabriele Procida,G. Procida,Procida,01/06/2002,24,201,Italia,Lipomo,5,Real Madrid,2324RealMadrid_Logoweb.png,3,EUR,False,False,True,False,0,fit,241500.0,210000.0,6.0,2.0,6.0,0000935439_5-6_03.jpg,9
130,20200243,Ferran Bassas,F. Bassas,Bassas,29/04/1992,34,181,España,Barcelona,10,Kids&Us Manresa,202526KidsUsManresa.png,1,JFL,False,True,True,False,0,fit,371450.0,380000.0,4.5,1.0,10.0,0000926143_5-6_03.jpg,6
56,30005439,Max Shulga,M. Shulga,Shulga,25/06/2002,24,196,Ucrania,Kiev,5,Real Madrid,2324RealMadrid_Logoweb.png,3,JFL,False,True,True,False,0,fit,204000.0,250000.0,3.0,1.0,4.8,0000935506_5-6_03.jpg,2
64,20201774,Sergio Llull,S. Llull,Llull,15/11/1987,38,190,España,Mahón,5,Real Madrid,2324RealMadrid_Logoweb.png,3,JFL,False,True,True,False,0,fit,216750.0,300000.0,2.4,1.0,0.0,0000935610_5-6_03.jpg,23
255,30005547,Nick Smith Jr.,N. Smith,Smith,18/04/2004,22,188,EE.UU.,Arkansas,5,Real Madrid,2324RealMadrid_Logoweb.png,3,EXT,True,False,True,False,0,fit,348500.0,410000.0,2.4,2.0,2.4,0000941257_5-6_03.jpg,1
122,30005341,Lucas Beaufort,L. Beaufort,Beaufort,24/05/2002,24,194,Francia,Strasbourg,10,Kids&Us Manresa,202526KidsUsManresa.png,1,EUR,False,False,True,False,0,fit,158950.0,220000.0,2.0,1.0,1.0,0000926222_5-6_03.jpg,5
126,20211456,Eric Vila,E. Vila,Vila,15/05/1998,28,209,España,Girona,10,Kids&Us Manresa,202526KidsUsManresa.png,5,JFL,False,True,True,False,0,fit,130050.0,180000.0,1.0,1.0,3.0,0000926120_5-6_03.jpg,4
129,20202164,Pierre Oriola,P. Oriola,Oriola,25/09/1992,34,208,España,Tárrega,10,Kids&Us Manresa,202526KidsUsManresa.png,5,JFL,False,True,True,False,0,injured,530000.0,530000.0,0.0,,,defaultFace.jpg,29
246,20212952,Gabriel Deck,G. Deck,Deck,08/02/1995,31,198,España,Colonia Dora,5,Real Madrid,2324RealMadrid_Logoweb.png,3,EUR,False,False,True,False,0,injured,330000.0,330000.0,0.0,,,0000935409_5-6_03.jpg,14
249,30005441,Michael Enabulele,M. Enabulele,Enabulele,09/03/2006,20,203,España,Palma (Illes Balears),10,Kids&Us Manresa,202526KidsUsManresa.png,5,JFL,False,True,True,False,0,fit,110500.0,130000.0,0.0,2.0,0.0,0000926473_5-6_03.jpg,20
128,30003943,Hugo Benitez,H. Benitez,Benitez,20/01/2001,25,192,Francia,Perpignan,10,Kids&Us Manresa,202526KidsUsManresa.png,1,EUR,False,False,True,False,0,injured,340000.0,400000.0,-1.0,1.0,-1.0,0000926169_5-6_03.jpg,2
54,30005438,Olivier Sarr,O. Sarr,Sarr,20/02/1999,27,208,Francia,Niort,5,Real Madrid,2324RealMadrid_Logoweb.png,5,EUR,False,False,True,False,0,fit,260100.0,360000.0,-2.5,1.0,-2.0,0000935575_5-6_03.jpg,33
205,30003914,James Batemon,J. Batemon,Batemon,08/04/1997,29,185,EE.UU.,Wisconsin,16,iLERNA Lleida,202526IlernaLleidaLogoPositivo.png,3,EXT,True,False,True,False,0,fit,872850.0,660000.0,27.5,1.0,36.0,0000928621_5-6_03.jpg,1
7,30003936,Joel Soriano,J. Soriano,Soriano,30/01/2000,26,208,República Dominicana,Nueva York,1,Monbus Obradoiro,202627MonbusObradoiroLogoPositivoOK.png,5,COT,False,False,True,False,0,fit,462875.0,350000.0,20.3,1.0,21.6,0000929391_5-6_03.jpg,12
197,30005418,Zach Perrin,Z. Perrin,Perrin,30/08/2004,22,208,Francia,Besançon,16,iLERNA Lleida,202526IlernaLleidaLogoPositivo.png,5,EUR,False,False,True,False,0,fit,555450.0,420000.0,20.0,1.0,18.0,0000928792_5-6_03.jpg,25
237,30005415,Darius McGhee,D. McGhee,McGhee,02/06/1999,27,174,Armenia,North Carolina,16,iLERNA Lleida,202526IlernaLleidaLogoPositivo.png,1,EUR,False,False,True,False,0,fit,502550.0,380000.0,18.8,1.0,33.6,0000928573_5-6_03.jpg,0
4,30005407,Brandon Childress,B. Childress,Childress,31/08/1997,29,183,EE.UU.,Michigan,1,Monbus Obradoiro,202627MonbusObradoiroLogoPositivoOK.png,1,EXT,True,False,True,False,0,fit,846400.0,640000.0,18.5,1.0,24.0,0000929280_5-6_03.jpg,0
202,20209098,Oriol Paulí,O. Paulí,Paulí,20/05/1994,32,201,España,Girona,16,iLERNA Lleida,202526IlernaLleidaLogoPositivo.png,3,JFL,False,True,True,False,0,fit,740600.0,560000.0,17.3,1.0,21.6,0000928746_5-6_03.jpg,5
6,20210122,Felipe Dos Anjos,F. Dos Anjos,Dos Anjos,30/04/1998,28,218,España,Osasco (Sao Paulo),1,Monbus Obradoiro,202627MonbusObradoiroLogoPositivoOK.png,5,JFL,False,True,True,False,0,fit,595125.0,450000.0,15.8,1.0,21.6,0000929365_5-6_03.jpg,7
11,30003988,Caleb Agada,C. Agada,Agada,31/08/1994,32,193,Nigeria,Lafia,1,Monbus Obradoiro,202627MonbusObradoiroLogoPositivoOK.png,3,COT,False,False,True,False,0,fit,317400.0,240000.0,15.2,1.0,14.4,0000929300_5-6_03.jpg,3
9,30003435,Yunio Barrueta,Y. Barrueta,Barrueta,15/04/1993,33,196,EE.UU.,Miami,1,Monbus Obradoiro,202627MonbusObradoiroLogoPositivoOK.png,3,EUR,False,False,True,False,0,fit,436425.0,330000.0,13.3,1.0,15.6,0000929576_5-6_03.jpg,23
200,30000049,Melvin Ejim,M. Ejim,Ejim,04/03/1991,35,201,Nigeria,Toronto,16,iLERNA Lleida,202526IlernaLleidaLogoPositivo.png,5,COT,False,False,True,False,0,fit,527850.0,540000.0,11.1,1.0,7.2,0000928712_5-6_03.jpg,3
198,30003949,Kur Kuath,K. Kuath,Kuath,12/08/1998,28,208,EE.UU.,Jartum,16,iLERNA Lleida,202526IlernaLleidaLogoPositivo.png,5,EXT,True,False,True,False,0,fit,545000.0,500000.0,10.9,1.0,10.8,0000928671_5-6_03.jpg,23
10,30000294,Leo Meindl,L. Meindl,Meindl,20/03/1993,33,201,Italia,Franca,1,Monbus Obradoiro,202627MonbusObradoiroLogoPositivoOK.png,3,EUR,False,False,True,False,0,fit,405000.0,460000.0,8.1,1.0,7.2,0000929420_5-6_03.jpg,8
1,30005425,Alex Barcello,A. Barcello,Barcello,31/08/1998,28,188,EE.UU.,Arizona,1,Monbus Obradoiro,202627MonbusObradoiroLogoPositivoOK.png,3,EXT,True,False,True,False,0,fit,400775.0,410000.0,8.0,1.0,12.0,0000929213_5-6_03.jpg,28
203,20212478,Mikel Sanz,M. Sanz,Sanz,01/02/1999,27,199,España,San Sebastián,16,iLERNA Lleida,202526IlernaLleidaLogoPositivo.png,3,JFL,False,True,True,False,0,fit,264500.0,200000.0,5.9,1.0,4.8,0000928730_5-6_03.jpg,14
2,30005429,Efe Abogidi,E. Abogidi,Abogidi,11/10/2001,24,208,Nigeria,Ughelli,1,Monbus Obradoiro,202627MonbusObradoiroLogoPositivoOK.png,5,COT,False,False,True,False,0,fit,357000.0,370000.0,5.7,1.0,8.4,0000938320_5-6_03.jpg,1
201,20210670,John Shurna,J. Shurna,Shurna,30/04/1990,36,204,Lituania,Glen Ellyn (Illinois),16,iLERNA Lleida,202526IlernaLleidaLogoPositivo.png,5,EUR,False,False,True,False,0,fit,293250.0,300000.0,5.4,1.0,10.8,0000928640_5-6_03.jpg,22
206,30000015,Dani García,D. García,García,30/01/1998,28,185,España,Mataró,16,iLERNA Lleida,202526IlernaLleidaLogoPositivo.png,1,JFL,False,True,True,False,0,fit,273700.0,280000.0,4.7,1.0,8.4,0000928556_5-6_03.jpg,6
3,30005426,Diogo Brito,D. Brito,Brito,24/04/1997,29,198,Portugal,Povoa de Varzim (Oporto),1,Monbus Obradoiro,202627MonbusObradoiroLogoPositivoOK.png,3,EUR,False,False,True,False,0,fit,158950.0,220000.0,1.6,1.0,1.2,0000940441_5-6_03.jpg,24
204,30004008,Mark Hughes,M. Hughes,Hughes,15/02/1997,29,199,EE.UU.,Youngstown (Ohio),16,iLERNA Lleida,202526IlernaLleidaLogoPositivo.png,3,EUR,True,False,True,False,0,fit,255000.0,350000.0,1.5,1.0,6.0,0000928691_5-6_03.jpg,8
12,30000013,Sergi Quintela,S. Quintela,Quintela,21/04/1996,30,185,España,Lugo,1,Monbus Obradoiro,202627MonbusObradoiroLogoPositivoOK.png,3,JFL,False,True,True,False,0,fit,166175.0,230000.0,0.5,1.0,-3.0,0000929553_5-6_03.jpg,25
5,30000170,Alonso Faure,A. Faure,Faure,20/02/2002,24,208,España,Busot (Alicante),1,Monbus Obradoiro,202627MonbusObradoiroLogoPositivoOK.png,5,JFL,False,True,True,False,0,fit,250000.0,250000.0,0.0,1.0,0.0,0000929242_5-6_03.jpg,44
8,20211756,Álex Galán,A. Galán,Galán,12/09/1999,27,207,España,Calamonte (Badajoz),1,Monbus Obradoiro,202627MonbusObradoiroLogoPositivoOK.png,5,JFL,False,True,True,False,0,fit,137275.0,190000.0,0.0,1.0,-2.0,0000929197_5-6_03.jpg,57
13,30003449,Olle Lundqvist,O. Lundqvist,Lundqvist,21/11/1999,26,201,Suecia,Brunflo,1,Monbus Obradoiro,202627MonbusObradoiroLogoPositivoOK.png,1,EUR,False,False,True,False,0,injured,200000.0,200000.0,0.0,,,0000929498_5-6_03.jpg,9
199,20211460,Atoumane Diagne,A. Diagne,Diagne,31/12/1998,27,215,Senegal,Dakar,16,iLERNA Lleida,202526IlernaLleidaLogoPositivo.png,5,JFL,False,True,True,False,0,injured,270000.0,270000.0,0.0,,,0000928514_5-6_03.jpg,12
207,30005324,Adria Rodriguez,A. Rodriguez,Rodriguez,28/04/2003,23,194,España,Sant Just Desvern,16,iLERNA Lleida,202526IlernaLleidaLogoPositivo.png,1,JFL,False,True,True,False,0,fit,122825.0,170000.0,0.0,1.0,0.0,0000928465_5-6_03.jpg,13
244,30000925,Michael Caicedo,M. Caicedo,Caicedo,21/06/2003,23,199,España,Inca,1,Monbus Obradoiro,202627MonbusObradoiroLogoPositivoOK.png,3,JFL,False,True,True,False,0,fit,180000.0,180000.0,0.0,,,0000929469_5-6_03.jpg,42
37,20201760,Marcelinho Huertas,M. Huertas,Huertas,25/05/1983,43,191,Italia,Sao Paulo,3,La Laguna Tenerife,2425LaLagunaTenerifeLogo.png,1,EUR,False,False,True,False,0,fit,690000.0,680000.0,18.6,1.0,12.0,0000931673_5-6_03.jpg,9
159,20210914,Emanuel Cate,E. Cate,Cate,30/07/1997,29,207,Rumanía,Bucarest,13,UCAM Murcia,202627ucamcblogoverticalcolor.png,5,JFL,False,True,True,False,0,fit,581900.0,440000.0,15.8,1.0,16.0,0000926694_5-6_03.jpg,15
154,30005349,Souley Boum,S. Boum,Boum,26/01/1999,27,190,Guinea,Los Angeles,13,UCAM Murcia,202627ucamcblogoverticalcolor.png,1,COT,False,False,True,False,0,fit,634800.0,480000.0,15.0,1.0,12.0,0000926965_5-6_03.jpg,0
28,30002027,Kyle Guy,K. Guy,Guy,11/08/1997,29,188,EE.UU.,Indiana,3,La Laguna Tenerife,2425LaLagunaTenerifeLogo.png,3,EXT,True,False,True,False,0,fit,727375.0,550000.0,14.9,1.0,13.0,0000931639_5-6_03.jpg,2
157,30001899,Toni Nakic,T. Nakic,Nakic,01/06/1999,27,201,Croacia,Sibenik,13,UCAM Murcia,202627ucamcblogoverticalcolor.png,3,EUR,False,False,True,False,0,fit,290950.0,220000.0,14.6,1.0,16.0,0000926988_5-6_03.jpg,99
155,30005345,Jean-Marc Pansa,J. Pansa,Pansa,20/08/1997,29,208,Francia,Kourou,13,UCAM Murcia,202627ucamcblogoverticalcolor.png,5,EUR,False,False,True,False,0,fit,568675.0,430000.0,14.0,1.0,10.0,0000926745_5-6_03.jpg,20
168,30001917,Jonah Radebaugh,J. Radebaugh,Radebaugh,17/06/1997,29,191,Montenegro,Denver ,13,UCAM Murcia,202627ucamcblogoverticalcolor.png,1,EUR,False,False,True,False,0,fit,371450.0,380000.0,12.1,1.0,5.0,0000926765_5-6_03.jpg,12
36,20204124,Jaime Fernández,J. Fernández,Fernández,04/06/1993,33,186,España,Madrid,3,La Laguna Tenerife,2425LaLagunaTenerifeLogo.png,3,JFL,False,True,True,False,0,fit,402500.0,380000.0,11.9,1.0,7.0,0000931599_5-6_03.jpg,3
29,20211660,Xabi López-Arostegui,López-Arostegui,López-A.,19/05/1997,29,200,España,Getxo,3,La Laguna Tenerife,2425LaLagunaTenerifeLogo.png,3,JFL,False,True,True,False,0,fit,489325.0,370000.0,11.6,1.0,16.0,0000931886_5-6_03.jpg,7
33,20211625,Tim Abromaitis,T. Abromaitis,Abromaitis,17/09/1989,37,203,EE.UU.,Waterbury (Connecticut),3,La Laguna Tenerife,2425LaLagunaTenerifeLogo.png,5,EUR,False,False,True,False,0,fit,396750.0,300000.0,11.3,1.0,13.0,0000931763_5-6_03.jpg,21
167,30000108,Juani Marcos,J. Marcos,Marcos,06/07/2000,26,190,Italia,Rosario,13,UCAM Murcia,202627ucamcblogoverticalcolor.png,1,EUR,False,False,True,False,0,fit,312800.0,320000.0,10.9,1.0,5.0,0000926792_5-6_03.jpg,6
27,30005445,Vince Hunter,V. Hunter,Hunter,05/08/1994,32,203,EE.UU.,Michigan,3,La Laguna Tenerife,2425LaLagunaTenerifeLogo.png,5,EXT,True,False,True,False,0,fit,414000.0,360000.0,10.8,2.0,10.8,0000931829_5-6_03.jpg,32
166,30003919,Michael Forrest,M. Forrest,Forrest,02/12/1999,26,183,Jamaica,Pompano Beach (Florida),13,UCAM Murcia,202627ucamcblogoverticalcolor.png,1,COT,False,False,True,False,0,fit,345000.0,270000.0,9.6,1.0,6.0,0000926865_5-6_03.jpg,1
30,30001954,Ethan Happ,E. Happ,Happ,07/05/1996,30,208,Macedonia del Norte,Milan (Illinois),3,La Laguna Tenerife,2425LaLagunaTenerifeLogo.png,5,EUR,False,False,True,False,0,fit,552500.0,580000.0,9.5,1.0,13.0,0000931515_5-6_03.jpg,22
165,20212941,Dylan Ennis,D. Ennis,Ennis,26/12/1991,34,188,Serbia,Toronto,13,UCAM Murcia,202627ucamcblogoverticalcolor.png,3,EUR,False,False,True,False,0,fit,397375.0,550000.0,6.2,1.0,4.0,0000926655_5-6_03.jpg,31
162,30000133,Marcis Steinbergs,M. Steinbergs,Steinbergs,28/08/2001,25,208,Letonia,Riga,13,UCAM Murcia,202627ucamcblogoverticalcolor.png,5,EUR,False,False,True,False,0,fit,175000.0,200000.0,3.5,1.0,1.0,0000926844_5-6_03.jpg,28
158,20212239,Sander Raieste,S. Raieste,Raieste,31/03/1999,27,201,Estonia,Tallín,13,UCAM Murcia,202627ucamcblogoverticalcolor.png,3,JFL,False,True,True,False,0,fit,173400.0,240000.0,3.1,1.0,-1.0,0000926937_5-6_03.jpg,2
38,20212972,Bruno Fitipaldo,B. Fitipaldo,Fitipaldo,02/08/1991,35,183,Italia,Montevideo,3,La Laguna Tenerife,2425LaLagunaTenerifeLogo.png,1,EUR,False,False,True,False,0,fit,283475.0,290000.0,3.0,1.0,7.0,0000931480_5-6_03.jpg,6
32,20210659,Giorgi Shermadini,G. Shermadini,Shermadini,02/04/1989,37,217,Georgia,Mtskheta,3,La Laguna Tenerife,2425LaLagunaTenerifeLogo.png,5,EUR,False,False,True,False,0,fit,592450.0,820000.0,2.6,1.0,4.0,0000931541_5-6_03.jpg,19
34,20212189,Aaron Doornekamp,A. Doornekamp,Doornekamp,05/12/1985,40,201,Países Bajos,Napanee,3,La Laguna Tenerife,2425LaLagunaTenerifeLogo.png,5,EUR,False,False,True,False,0,fit,187850.0,260000.0,1.6,1.0,2.0,0000931422_5-6_03.jpg,42
26,30005408,TJ Bamba,TJ Bamba,Bamba,06/01/2001,25,201,Senegal,Massachusetts,3,La Laguna Tenerife,2425LaLagunaTenerifeLogo.png,3,COT,False,False,True,False,0,injured,280500.0,330000.0,1.0,1.0,1.0,defaultFace.jpg,1
156,30002036,Howard Sant-Roos,H. Sant-Roos,Sant-Roos,13/02/1991,35,201,Cuba,La Habana,13,UCAM Murcia,202627ucamcblogoverticalcolor.png,3,EUR,False,False,True,False,0,injured,450000.0,450000.0,0.0,,,0000926722_5-6_03.jpg,8
160,20210278,Moussa Diagne,M. Diagné,Diagné,06/03/1994,32,211,España,Guediawaye,13,UCAM Murcia,202627ucamcblogoverticalcolor.png,5,JFL,False,True,True,False,0,fit,180000.0,180000.0,0.0,1.0,0.0,0000926887_5-6_03.jpg,21
161,30000132,Rubén López De La Torre,R. López,López,13/03/2002,24,201,España,Madrid,13,UCAM Murcia,202627ucamcblogoverticalcolor.png,5,JFL,False,True,True,False,0,injured,120000.0,120000.0,0.0,,,0000926913_5-6_03.jpg,16
163,30003422,Kaiser Gates,K. Gates,Gates,08/11/1996,29,201,EE.UU.,Georgia,13,UCAM Murcia,202627ucamcblogoverticalcolor.png,5,EXT,True,False,True,False,0,injured,400000.0,400000.0,0.0,,,0000926816_5-6_03.jpg,4
245,30003999,Wesley Van Beck,W. Van Beck,Van Beck,22/01/1996,30,192,Azerbaiyán,Houston (Texas),3,La Laguna Tenerife,2425LaLagunaTenerifeLogo.png,3,EUR,False,False,True,False,0,injured,250000.0,250000.0,0.0,,,0000931856_5-6_03.jpg,4
31,20211887,Arturs Kurucs,A. Kurucs,Kurucs,19/01/2000,26,193,Letonia,Cesis,3,La Laguna Tenerife,2425LaLagunaTenerifeLogo.png,1,JFL,False,True,True,False,0,fit,130050.0,180000.0,-0.5,1.0,0.0,0000931453_5-6_03.jpg,47
35,20212488,Héctor Alderete,H. Alderete,Alderete,06/03/2002,24,203,España,Madrid,3,La Laguna Tenerife,2425LaLagunaTenerifeLogo.png,3,JFL,False,True,True,False,0,fit,102000.0,120000.0,-1.0,1.0,0.0,0000931573_5-6_03.jpg,33
164,30000649,Wilhelm Falk,W. Falk,Falk,25/06/2003,23,203,Suecia,Sunnersberg,13,UCAM Murcia,202627ucamcblogoverticalcolor.png,3,JFL,False,True,True,False,0,fit,101150.0,140000.0,-1.5,1.0,0.0,0000927010_5-6_03.jpg,13
96,20201871,Ricky Rubio,R. Rubio,Rubio,21/10/1990,35,189,España,El Masnou (Barcelona),8,Asisa Joventut,202526AsisaJoventutLogoPosisitvo.png,1,JFL,False,True,True,False,0,fit,977500.0,850000.0,26.0,1.0,26.0,0000927555_5-6_03.jpg,9
222,30003966,Chris Duarte,C. Duarte,Duarte,13/06/1997,29,196,República Dominicana,Puerto Plata,18,Kosner Baskonia,2526KosnerBaskoniaLogo.png,3,COT,False,False,True,False,0,fit,555450.0,420000.0,22.2,1.0,16.8,0000927727_5-6_03.jpg,5
225,20210830,Tadas Sedekerskis,T. Sedekerskis,Sedekerskis,17/01/1998,28,206,Lituania,Nida,18,Kosner Baskonia,2526KosnerBaskoniaLogo.png,5,JFL,False,True,True,False,0,fit,423200.0,320000.0,22.2,1.0,19.2,0000927996_5-6_03.jpg,8
93,20211947,Nico Laprovittola,N. Laprovittola,Laprovittola,31/01/1990,36,190,Italia,Castelar,8,Asisa Joventut,202526AsisaJoventutLogoPosisitvo.png,1,EUR,False,False,True,False,0,fit,598000.0,520000.0,22.0,1.0,22.0,0000927490_5-6_03.jpg,10
232,30005464,Kenneth Faried,K. Faried,Faried,19/11/1989,36,203,EE.UU.,New Jersey,18,Kosner Baskonia,2526KosnerBaskoniaLogo.png,5,EXT,True,False,True,False,0,fit,595125.0,450000.0,21.6,1.0,18.0,0000927834_5-6_03.jpg,35
257,30005607,Marcio Santos,M. Santos,Santos,02/11/2002,23,204,Brasil,Tres Coraçoes,18,Kosner Baskonia,2526KosnerBaskoniaLogo.png,5,EXT,True,False,True,False,0,fit,437000.0,380000.0,15.6,2.0,15.6,0000940632_5-6_03.jpg,21
241,30005384,Damion Baugh,D. Baugh,Baugh,03/12/2000,25,191,Rep. Democrática del Congo,Tennessee,18,Kosner Baskonia,2526KosnerBaskoniaLogo.png,1,COT,False,False,True,False,0,fit,634800.0,480000.0,13.8,1.0,20.4,0000927773_5-6_03.jpg,12
224,30003941,Clement Frisch,C. Frisch,Frisch,07/01/2002,24,201,Francia,Decize,18,Kosner Baskonia,2526KosnerBaskoniaLogo.png,5,EUR,False,False,True,False,0,fit,264500.0,200000.0,13.2,1.0,18.0,0000927755_5-6_03.jpg,25
235,30005375,AJ Lawson,AJ Lawson,Lawson,15/07/2000,26,200,Jamaica,Toronto (Canada),18,Kosner Baskonia,2526KosnerBaskoniaLogo.png,3,COT,False,False,True,False,0,fit,660000.0,550000.0,13.2,1.0,14.4,0000927702_5-6_03.jpg,1
59,30001229,Eli Ndiaye,E. Ndiaye,Ndiaye,26/06/2004,22,204,España,Guediawaye,8,Asisa Joventut,202526AsisaJoventutLogoPosisitvo.png,5,JFL,False,True,True,False,0,fit,368000.0,320000.0,12.0,1.0,12.0,0000929910_5-6_03.jpg,4
229,30004878,Kobi Simmons,K. Simmons,Simmons,04/07/1997,29,196,Costa de Marfil,Georgia,18,Kosner Baskonia,2526KosnerBaskoniaLogo.png,1,COT,False,False,True,False,0,fit,570000.0,620000.0,11.4,1.0,8.4,0000927864_5-6_03.jpg,2
94,30000927,Kwan Cheatham,K. Cheatham,Cheatham,21/08/1995,31,206,EE.UU.,Vallejo (California),8,Asisa Joventut,202526AsisaJoventutLogoPosisitvo.png,5,EUR,False,False,True,False,0,fit,402500.0,350000.0,11.0,1.0,11.0,0000927423_5-6_03.jpg,55
100,20210498,Ludde Hakanson,L. Hakanson,Hakanson,22/03/1996,30,189,Suecia,Matteus (Estocolmo),8,Asisa Joventut,202526AsisaJoventutLogoPosisitvo.png,1,JFL,False,True,True,False,0,fit,322000.0,280000.0,9.0,1.0,9.0,0000927452_5-6_03.jpg,12
221,30005346,DJ Stewart Jr,DJ Stewart,Stewart,28/07/1999,27,197,Macedonia del Norte,Grace (Mississipi),18,Kosner Baskonia,2526KosnerBaskoniaLogo.png,3,EUR,False,False,True,False,0,fit,459000.0,600000.0,8.4,1.0,10.8,0000927795_5-6_03.jpg,3
228,30001957,Markus Howard,M. Howard,Howard,03/03/1999,27,179,EE.UU.,New Jersey,18,Kosner Baskonia,2526KosnerBaskoniaLogo.png,3,EXT,True,False,True,False,0,injured,420000.0,490000.0,8.4,1.0,8.4,0000927893_5-6_03.jpg,0
97,20204133,Álex Reyes,A. Reyes,Reyes,17/12/1993,32,202,España,Cáceres,8,Asisa Joventut,202526AsisaJoventutLogoPosisitvo.png,3,JFL,False,True,True,False,0,fit,400000.0,460000.0,8.0,1.0,8.0,0000927119_5-6_03.jpg,18
226,20211797,Rodions Kurucs,R. Kurucs,Kurucs,05/02/1998,28,203,Letonia,Cesis,18,Kosner Baskonia,2526KosnerBaskoniaLogo.png,5,JFL,False,True,True,False,0,fit,391000.0,400000.0,7.9,1.0,-1.0,0000927949_5-6_03.jpg,7
227,30000202,Matteo Spagnolo,M. Spagnolo,Spagnolo,10/01/2003,23,192,Italia,Brindisi,18,Kosner Baskonia,2526KosnerBaskoniaLogo.png,3,JFL,False,True,True,False,0,fit,330000.0,380000.0,6.6,1.0,2.4,0000927919_5-6_03.jpg,10
92,30005413,Boogie Ellis,B. Ellis,Ellis,12/12/2000,25,188,EE.UU.,California,8,Asisa Joventut,202526AsisaJoventutLogoPosisitvo.png,3,EXT,True,False,True,False,0,fit,408000.0,480000.0,6.0,1.0,6.0,0000927194_5-6_03.jpg,3
95,20212423,Simon Birgander,S. Birgander,Birgander,23/10/1997,28,209,Suecia,Kvistofta,8,Asisa Joventut,202526AsisaJoventutLogoPosisitvo.png,5,EUR,False,False,True,False,0,fit,365500.0,430000.0,6.0,1.0,6.0,0000927607_5-6_03.jpg,35
98,30004053,Isaac Nogués,I. Nogués,Nogués,10/02/2004,22,196,España,Barcelona,8,Asisa Joventut,202526AsisaJoventutLogoPosisitvo.png,3,JFL,False,True,True,False,0,fit,250000.0,220000.0,5.0,1.0,5.0,0000927386_5-6_03.jpg,32
223,30004071,Stefan Joksimovic,S. Joksimovic,Joksimovic,16/11/2008,17,201,Eslovenia,Belgrado,18,Kosner Baskonia,2526KosnerBaskoniaLogo.png,3,JFL,False,True,True,False,0,fit,166175.0,170000.0,4.4,1.0,-2.0,0000927971_5-6_03.jpg,6
239,30003447,Adrián Torres,A. Torres,Torres,12/09/2006,20,203,España,Bunyola,8,Asisa Joventut,202526AsisaJoventutLogoPosisitvo.png,3,JFL,False,True,True,False,0,fit,138000.0,120000.0,3.0,1.0,3.0,0000927088_5-6_03.jpg,20
99,30000095,Yannick Kraag,Y. Kraag,Kraag,16/10/2002,23,202,Países Bajos,Amsterdam,8,Asisa Joventut,202526AsisaJoventutLogoPosisitvo.png,3,JFL,False,True,True,False,0,injured,250000.0,250000.0,0.0,,,0000927645_5-6_03.jpg,1
101,20202172,Ante Tomic,A. Tomic,Tomic,17/02/1987,39,217,Croacia,Dubrovnik,8,Asisa Joventut,202526AsisaJoventutLogoPosisitvo.png,5,EUR,False,False,True,False,0,injured,780000.0,780000.0,0.0,,,0000927154_5-6_03.jpg,44
102,20210828,Emir Sulejmanovic,E. Sulejmanovic,Sulejmanovic,13/07/1995,31,205,Finlandia,Luka Zepa,8,Asisa Joventut,202526AsisaJoventutLogoPosisitvo.png,5,EUR,False,False,True,False,0,fit,420000.0,420000.0,0.0,,,0000927290_5-6_03.jpg,19
76,20212461,Tryggvi Hlinason,T. Hlinason,Hlinason,28/10/1997,28,215,Islandia,Akureyri,6,Surne Bilbao,logo_surnebb_pos.png,5,EUR,False,False,True,False,0,fit,859625.0,650000.0,25.9,1.0,28.8,0000932250_5-6_03.jpg,32
70,20212984,Darrun Hilliard,D. Hilliard,Hilliard,13/04/1993,33,198,EE.UU.,Bethlehem (Pennsylvania),6,Surne Bilbao,logo_surnebb_pos.png,3,EXT,True,False,True,False,0,fit,595125.0,450000.0,22.5,1.0,30.0,0000932024_5-6_03.jpg,11
153,30000291,Ziga Samar,Z. Samar,Samar,26/01/2001,25,197,Eslovenia,Jesenice,12,Recoletas Salud San Pablo Burgos,2526SanPabloLogo.png,1,JFL,False,True,True,False,0,fit,264500.0,200000.0,21.5,1.0,19.0,0000939087_5-6_03.jpg,5
74,30003398,Harald Frey,H. Frey,Frey,27/05/1997,29,188,Noruega,Oslo,6,Surne Bilbao,logo_surnebb_pos.png,1,EUR,False,False,True,False,0,fit,529000.0,400000.0,19.4,1.0,22.8,0000932052_5-6_03.jpg,3
80,30004013,Margiris Normantas,M. Normantas,Normantas,27/10/1996,29,194,Lituania,Vilna,6,Surne Bilbao,logo_surnebb_pos.png,3,EUR,False,False,True,False,0,fit,383525.0,290000.0,16.5,1.0,18.0,0000932148_5-6_03.jpg,2
142,30005424,DJ Steward,DJ Steward,Steward,02/10/2001,25,188,EE.UU.,Illinois,12,Recoletas Salud San Pablo Burgos,2526SanPabloLogo.png,1,EXT,True,False,True,False,0,fit,586500.0,600000.0,16.2,1.0,6.0,0000938842_5-6_03.jpg,4
143,30005370,Christian Sengfelder,C. Sengfelder,Sengfelder,28/02/1995,31,203,Alemania,Leverkusen,12,Recoletas Salud San Pablo Burgos,2526SanPabloLogo.png,5,EUR,False,False,True,False,0,fit,700925.0,530000.0,15.8,1.0,16.0,0000938790_5-6_03.jpg,43
151,30005183,Chase Audige,C. Audige,Audige,29/06/1999,27,193,Jamaica,Pensilvania,12,Recoletas Salud San Pablo Burgos,2526SanPabloLogo.png,3,COT,False,False,True,False,0,fit,290950.0,220000.0,15.5,1.0,7.0,0000938764_5-6_03.jpg,1
145,30005369,Balsa Koprivica,B. Koprivica,Koprivica,01/05/2000,26,216,Serbia,Belgrado,12,Recoletas Salud San Pablo Burgos,2526SanPabloLogo.png,5,EUR,False,False,True,False,0,fit,581900.0,440000.0,12.7,1.0,11.0,0000938742_5-6_03.jpg,7
77,30000192,Martin Krampelj,M. Krampelj,Krampelj,10/03/1995,31,206,Eslovenia,Ljubljana,6,Surne Bilbao,logo_surnebb_pos.png,5,EUR,False,False,True,False,0,fit,449650.0,340000.0,10.6,1.0,13.2,0000932172_5-6_03.jpg,10
78,30003947,Luke Petrasek,L. Petrasek,Petrasek,17/08/1995,31,208,Polonia,Northport (Nueva York),6,Surne Bilbao,logo_surnebb_pos.png,5,EUR,False,False,True,False,0,fit,330625.0,250000.0,10.1,1.0,7.2,0000932105_5-6_03.jpg,18
149,20204156,Dani Díez,D. Díez,Díez,07/04/1993,33,201,España,Madrid,12,Recoletas Salud San Pablo Burgos,2526SanPabloLogo.png,5,JFL,False,True,True,False,0,fit,410000.0,320000.0,8.2,1.0,14.0,0000938815_5-6_03.jpg,11
69,30005348,Bastien Vautier,B. Vautier,Vautier,15/11/1998,27,210,Francia,Noisy-Le-Sec,6,Surne Bilbao,logo_surnebb_pos.png,5,EUR,False,False,True,False,0,fit,390000.0,350000.0,7.8,1.0,15.6,0000931968_5-6_03.jpg,34
243,30003411,Sekou Doumbouya,S. Doumbouya,Doumbouya,23/12/2000,25,206,Francia,Conakri,12,Recoletas Salud San Pablo Burgos,2526SanPabloLogo.png,3,EUR,False,False,True,False,0,fit,361250.0,500000.0,7.0,1.0,2.0,0000939035_5-6_03.jpg,45
71,30001091,Adam Somogyi,A. Somogyi,Somogyi,30/06/2000,26,193,Hungría,Budapest,6,Surne Bilbao,logo_surnebb_pos.png,1,JFL,False,True,True,False,0,fit,280000.0,280000.0,5.6,1.0,7.2,0000931917_5-6_03.jpg,30
147,20211125,Raúl Lobaco,R. Lobaco,Lobaco,29/11/2000,25,190,España,Zaragoza,12,Recoletas Salud San Pablo Burgos,2526SanPabloLogo.png,3,JFL,False,True,True,False,0,fit,293250.0,300000.0,5.5,1.0,11.0,0000938957_5-6_03.jpg,55
68,30005347,Nate Darling,N. Darling,Darling,30/08/1998,28,198,Canadá,Saint John Can,6,Surne Bilbao,logo_surnebb_pos.png,3,EXT,True,False,True,False,0,fit,303450.0,420000.0,5.1,1.0,1.2,0000932198_5-6_03.jpg,8
148,20210707,Rubén Guerrero,R. Guerrero,Guerrero,22/10/1995,30,213,España,Marbella,12,Recoletas Salud San Pablo Burgos,2526SanPabloLogo.png,5,JFL,False,True,True,False,0,fit,207000.0,180000.0,5.0,1.0,5.0,0000939011_5-6_03.jpg,12
79,20210147,Aleix Font,A. Font,Font,11/03/1998,28,194,España,Barcelona,6,Surne Bilbao,logo_surnebb_pos.png,3,JFL,False,True,True,False,0,fit,195000.0,160000.0,3.9,1.0,4.8,0000931946_5-6_03.jpg,22
144,30005371,Dusan Radosavljevic,D.Radosavljevic,Radosav.,03/11/2001,24,201,Serbia,Belgrado,12,Recoletas Salud San Pablo Burgos,2526SanPabloLogo.png,3,EUR,False,False,True,False,0,fit,238425.0,330000.0,2.4,1.0,0.0,0000938869_5-6_03.jpg,15
72,30000094,Dan Duscak,D. Duscak,Duscak,02/07/2002,24,185,Eslovenia,Menges,6,Surne Bilbao,logo_surnebb_pos.png,1,JFL,False,True,True,False,0,fit,180000.0,180000.0,0.0,1.0,0.0,0000932003_5-6_03.jpg,7
75,30000109,Ondrej Hustak,O. Hustak,Hustak,04/01/2003,23,212,Chequia,Kralove,6,Surne Bilbao,logo_surnebb_pos.png,5,JFL,False,True,True,False,0,injured,170000.0,170000.0,0.0,,,0000932229_5-6_03.jpg,17
146,20212939,Vlatko Cancar,V. Cancar,Cancar,10/04/1997,29,201,Eslovenia,Koper,12,Recoletas Salud San Pablo Burgos,2526SanPabloLogo.png,3,EUR,False,False,True,False,0,injured,480000.0,480000.0,0.0,,,0000939064_5-6_03.jpg,31
152,30003414,Retin Obasohan,R. Obasohan,Obasohan,06/07/1993,33,191,Bélgica,Borgerhout,12,Recoletas Salud San Pablo Burgos,2526SanPabloLogo.png,1,EUR,False,False,True,False,0,injured,430000.0,430000.0,0.0,,,0000938983_5-6_03.jpg,32
150,20204078,Pablo Almazán,P. Almazán,Almazán,15/01/1989,37,200,España,Granada,12,Recoletas Salud San Pablo Burgos,2526SanPabloLogo.png,3,JFL,False,True,True,False,0,fit,108375.0,150000.0,-0.5,1.0,0.0,0000938924_5-6_03.jpg,8
73,20212056,Manex Ansorregi,M. Ansorregi,Ansorregi,11/04/2002,24,200,España,Donostia,6,Surne Bilbao,logo_surnebb_pos.png,3,JFL,False,True,True,False,0,fit,102000.0,120000.0,-1.0,1.0,-1.0,0000932123_5-6_03.jpg,9
252,30004052,Joaquín Taboada,J. Taboada,Taboada,05/06/2007,19,195,Uruguay,Montevideo,12,Recoletas Salud San Pablo Burgos,2526SanPabloLogo.png,3,EXT,True,False,True,False,0,fit,136000.0,160000.0,-12.0,2.0,-12.0,0000938899_5-6_03.jpg,59
170,20212243,Olek Balcerowski,O. Balcerowski,Balcerowski,19/11/2000,25,216,Polonia,Swidnica,14,Barça,2324BarcaLogoweb.png,5,JFL,False,True,True,False,0,fit,462875.0,350000.0,26.0,1.0,36.0,0000930122_5-6_03.jpg,22
104,30005376,TJ Shorts,TJ Shorts,Shorts,15/10/1997,28,175,Macedonia del Norte,Tustin (California),9,Valencia Basket,202627ValenciaBasket40Anys.png,1,EUR,False,False,True,False,0,fit,723350.0,740000.0,21.6,1.0,12.0,0000931341_5-6_03.jpg,0
242,20202101,Nikola Mirotic,N. Mirotic,Mirotic,11/02/1991,35,208,España,Podgorica,9,Valencia Basket,202627ValenciaBasket40Anys.png,5,JFL,False,True,True,False,0,fit,793500.0,600000.0,17.2,1.0,14.0,0000932875_5-6_03.jpg,33
111,30001981,Kameron Taylor,K. Taylor,Taylor,05/10/1994,31,198,EE.UU.,Maryland,9,Valencia Basket,202627ValenciaBasket40Anys.png,3,EXT,True,False,True,False,0,fit,780000.0,630000.0,15.6,1.0,18.0,0000931154_5-6_03.jpg,1
181,30003361,Kevin Punter,K. Punter,Punter,25/06/1993,33,193,Serbia,New York,14,Barça,2324BarcaLogoweb.png,3,EUR,False,False,True,False,0,fit,714150.0,540000.0,15.6,1.0,13.2,0000930093_5-6_03.jpg,0
182,30000093,Juan Núñez,J. Núñez,Núñez,04/06/2004,22,191,España,Madrid,14,Barça,2324BarcaLogoweb.png,1,JFL,False,True,True,False,0,fit,230000.0,200000.0,15.6,1.0,15.6,0000930020_5-6_03.jpg,17
174,30005357,Olivier Nkamhoua,O. Nkamhoua,Nkamhoua,02/05/2000,26,203,Finlandia,Helsinki,14,Barça,2324BarcaLogoweb.png,5,EUR,False,False,True,False,0,fit,449650.0,340000.0,15.5,1.0,12.0,0000930144_5-6_03.jpg,13
113,20210392,Josep Puerto,J. Puerto,Puerto,08/03/1999,27,199,España,Almussafes,9,Valencia Basket,202627ValenciaBasket40Anys.png,3,JFL,False,True,True,False,0,fit,264500.0,200000.0,15.0,1.0,6.0,0000931125_5-6_03.jpg,2
169,20212265,Joel Parra,J. Parra,Parra,04/04/2000,26,202,España,Barcelona,14,Barça,2324BarcaLogoweb.png,3,JFL,False,True,True,False,0,fit,634800.0,480000.0,13.8,1.0,21.6,0000929977_5-6_03.jpg,44
176,30005378,Tyrese Martin,T. Martin,Martin,07/03/1999,27,198,EE.UU.,Pennsylvania,14,Barça,2324BarcaLogoweb.png,3,EXT,True,False,True,False,0,fit,703800.0,720000.0,13.7,1.0,20.4,0000930215_5-6_03.jpg,2
108,30003973,Neal Sako,N. Sako,Sako,13/08/1998,28,210,Francia,Aubergenville,9,Valencia Basket,202627ValenciaBasket40Anys.png,5,EUR,False,False,True,False,0,fit,436425.0,330000.0,11.8,1.0,14.0,0000931277_5-6_03.jpg,13
180,20209919,Darío Brizuela,D. Brizuela,Brizuela,08/11/1994,31,188,España,San Sebastián,14,Barça,2324BarcaLogoweb.png,3,JFL,False,True,True,False,0,fit,423200.0,320000.0,11.0,1.0,18.0,defaultFace.jpg,8
179,30003340,Justin Robinson,J. Robinson,Robinson,12/10/1997,28,185,EE.UU.,Manassas (Virginia),14,Barça,2324BarcaLogoweb.png,1,EXT,True,False,True,False,0,fit,530000.0,640000.0,10.6,1.0,7.2,0000930067_5-6_03.jpg,5
116,30005335,Álvaro Cárdenas,A. Cárdenas,Cárdenas,29/04/2002,24,187,España,Granada,9,Valencia Basket,202627ValenciaBasket40Anys.png,1,JFL,False,True,True,False,0,fit,230000.0,180000.0,10.4,1.0,4.0,0000930950_5-6_03.jpg,7
115,30001331,Gonzalo Corbalán,G. Corbalán,Corbalán,03/03/2002,24,193,España,Resistencia (Chaco),9,Valencia Basket,202627ValenciaBasket40Anys.png,3,EUR,False,False,True,False,0,fit,410550.0,420000.0,6.8,1.0,10.0,0000931060_5-6_03.jpg,20
171,30001332,Agustín Ubal,A. Ubal,Ubal,19/07/2003,23,198,Italia,Montevideo,14,Barça,2324BarcaLogoweb.png,3,JFL,False,True,True,False,0,fit,240000.0,250000.0,4.8,1.0,4.8,0000929938_5-6_03.jpg,10
173,30005361,Stanley Umude,S. Umude,Umude,12/04/1999,27,198,Nigeria,Texas,14,Barça,2324BarcaLogoweb.png,3,COT,False,False,True,False,0,fit,303025.0,310000.0,4.8,1.0,9.6,0000930172_5-6_03.jpg,3
117,20213210,Mario Saint-Supery,M. Saint-Supery,Saint-Supery,14/04/2006,20,194,España,Málaga,9,Valencia Basket,202627ValenciaBasket40Anys.png,1,JFL,False,True,True,False,0,fit,289000.0,400000.0,3.1,1.0,5.0,0000931207_5-6_03.jpg,5
238,30000076,Jasiel Rivero,J. Rivero,Rivero,31/10/1993,32,206,España,La Habana,9,Valencia Basket,202627ValenciaBasket40Anys.png,5,EUR,False,False,True,False,0,fit,223975.0,310000.0,3.1,1.0,5.0,0000931101_5-6_03.jpg,41
240,30005355,Umoja Gibson,U. Gibson,Gibson,04/07/1998,28,185,Bulgaria,Texas,14,Barça,2324BarcaLogoweb.png,1,EUR,False,False,True,False,0,fit,216750.0,300000.0,2.4,1.0,4.8,0000930238_5-6_03.jpg,1
105,30005406,Armoni Brooks,A. Brooks,Brooks,05/06/1998,28,194,EE.UU.,Texas,9,Valencia Basket,202627ValenciaBasket40Anys.png,3,EXT,True,False,True,False,0,fit,426275.0,590000.0,2.3,1.0,1.0,0000930979_5-6_03.jpg,12
172,30005476,Justin Minaya,J. Minaya,Minaya,26/03/1999,27,196,República Dominicana,New Jersey,14,Barça,2324BarcaLogoweb.png,3,COT,False,False,True,False,0,fit,195075.0,270000.0,2.3,1.0,3.6,0000930046_5-6_03.jpg,24
110,30002724,Nate Reuvers,N. Reuvers,Reuvers,30/09/1998,28,211,Hungría,Minnesota,9,Valencia Basket,202627ValenciaBasket40Anys.png,5,EUR,False,False,True,False,0,fit,252875.0,350000.0,2.1,1.0,3.0,0000931258_5-6_03.jpg,3
107,20213230,Yankuba Sima,Y. Sima,Sima,28/07/1996,30,211,España,Girona,9,Valencia Basket,202627ValenciaBasket40Anys.png,5,JFL,False,True,True,False,0,injured,190000.0,190000.0,0.0,,,0000931383_5-6_03.jpg,77
109,30001979,Dylan Osetkowski,D. Osetkowski,Osetkowski,08/08/1996,30,206,Alemania,La Jolla (California),9,Valencia Basket,202627ValenciaBasket40Anys.png,5,EUR,False,False,True,False,0,injured,500000.0,500000.0,0.0,,,0000931008_5-6_03.jpg,8
112,20213202,Lucas Marí,L. Marí,Marí,20/10/2005,20,197,España,Valencia,9,Valencia Basket,202627ValenciaBasket40Anys.png,3,JFL,False,True,True,False,0,injured,140000.0,140000.0,0.0,,,0000931183_5-6_03.jpg,23
114,30003991,Omari Moore,O. Moore,Moore,18/09/2000,26,198,Macedonia del Norte,Pasadena (California),9,Valencia Basket,202627ValenciaBasket40Anys.png,3,EUR,False,False,True,False,0,injured,410000.0,410000.0,0.0,,,0000931310_5-6_03.jpg,10
175,30005356,Josh Nebo,J. Nebo,Nebo,17/07/1997,29,206,Eslovenia,Houston (Texas),14,Barça,2324BarcaLogoweb.png,5,EUR,False,False,True,False,0,injured,380000.0,380000.0,0.0,,,0000929999_5-6_03.jpg,32
177,30005447,Yoan Makoundou,Y. Makoundou,Makoundou,09/08/2000,26,207,Francia,Melun,14,Barça,2324BarcaLogoweb.png,5,EUR,False,False,True,False,0,injured,360000.0,360000.0,0.0,,,0000930266_5-6_03.jpg,55
178,30005377,Tosan Evbuomwan,T. Evbuomwan,Evbuomwan,16/02/2001,25,203,Reino Unido,Newcastle,14,Barça,2324BarcaLogoweb.png,5,EUR,False,False,True,False,0,injured,330000.0,330000.0,0.0,,,0000930195_5-6_03.jpg,20
106,30005374,Mo Gueye,M. Gueye,Gueye,06/07/1998,28,206,Senegal,New York,9,Valencia Basket,202627ValenciaBasket40Anys.png,5,COT,False,False,True,False,0,fit,310675.0,430000.0,-2.5,1.0,0.0,0000931239_5-6_03.jpg,16
