season,jornada,idPlayer,shortName,nameTeam,position,price_before,pts_esp,p_up15,p_down15,reval_euros,umbral_sube_15,umbral_baja_15,actual_rating,actual_price,actual_up15,actual_down15,predicted_at,actual_filled_at
2026-27,3,18,A. Verge,Leyma Coruña,1,767050.0,14.577610801669517,0.432,0.06175,52946.74084769271,15.726449999999986,1.9195499999999937,,,,,2026-10-05T15:40:20,
2026-27,3,81,R. Blumbergs,Casademont Zaragoza,5,502550.0,10.117553051234164,0.8915,0.0065,69070.91045272967,1.4759499999999974,-7.569950000000002,,,,,2026-10-05T15:40:20,
2026-27,3,15,C. Pacheco,Leyma Coruña,1,462875.0,10.611387337730791,0.938,0.003,66729.81325552135,-0.6616250000000008,-8.993375,,,,,2026-10-05T15:40:20,
2026-27,3,14,D. Skapintsev,Leyma Coruña,5,515775.0,10.78534450720179,0.8135,0.01275,66103.46615308069,4.388474999999996,-4.895475000000001,,,,,2026-10-05T15:40:20,
2026-27,3,90,A. Olaseni,Casademont Zaragoza,5,469200.0,9.81757169391994,0.815,0.01525,59850.8771720638,3.3747999999999934,-5.070799999999998,,,,,2026-10-05T15:40:20,
2026-27,3,84,J. Jaworski,Casademont Zaragoza,3,396750.0,8.897174347614946,0.91175,0.00925,54985.345923752175,-0.0242500000000021,-7.165749999999999,,,,,2026-10-05T15:40:20,
2026-27,3,82,T. Bell-Haynes,Casademont Zaragoza,1,650000.0,13.814725883587348,0.267,0.1965,7126.888489276869,18.849999999999994,7.149999999999999,,,,,2026-10-05T15:40:20,
2026-27,3,21,G. Conditt,Leyma Coruña,5,590000.0,11.916066108763268,0.24325,0.22675,1663.5500407458749,17.11,6.490000000000002,,,,,2026-10-05T15:40:20,
2026-27,3,19,D. Cuevas,Leyma Coruña,1,264500.0,6.801725326315967,0.9635,0.00475,38427.829347504594,-4.1495,-8.910499999999999,,,,,2026-10-05T15:40:20,
2026-27,3,17,L. Uleckas,Leyma Coruña,3,351900.0,8.645671322708532,0.83425,0.02925,44041.41988431668,2.281100000000002,-4.053100000000001,,,,,2026-10-05T15:40:20,
2026-27,3,85,G. Vives,Casademont Zaragoza,1,276000.0,5.44771339365002,0.784,0.04975,31329.43823982397,1.2439999999999962,-3.724000000000004,,,,,2026-10-05T15:40:20,
2026-27,3,91,C. Homesley,Casademont Zaragoza,3,385000.0,9.077357955092646,0.38825,0.234,9254.313558906955,11.164999999999996,4.234999999999998,,,,,2026-10-05T15:40:20,
2026-27,3,23,J. Diaz,Leyma Coruña,3,205275.0,5.410067970547994,0.859,0.0465,25462.175505831896,-0.8360249999999994,-4.530975,,,,,2026-10-05T15:40:20,
2026-27,3,89,L. Birutis,Casademont Zaragoza,5,476850.0,11.021392984960126,0.1435,0.43875,-23857.348029691668,18.702649999999995,10.11935,,,,,2026-10-05T15:40:20,
2026-27,3,16,P. Jorgensen,Leyma Coruña,3,320000.0,6.749538175474668,0.341,0.3095,1668.5372484309482,9.279999999999998,3.52,,,,,2026-10-05T15:40:20,
2026-27,3,24,G. Jou,Leyma Coruña,3,251275.0,4.940383612976303,0.5265,0.19875,12923.180027192866,4.7379750000000005,0.2150250000000007,,,,,2026-10-05T15:40:20,
2026-27,3,86,M. González,Casademont Zaragoza,3,264500.0,4.862035505560353,0.331,0.35525,-1319.535508055007,7.450499999999998,2.689499999999999,,,,,2026-10-05T15:40:20,
2026-27,3,22,D. Radoncic,Leyma Coruña,5,260100.0,6.540789572109473,0.336,0.363,-1148.9369407711492,9.1469,4.465099999999998,,,,,2026-10-05T15:40:20,
2026-27,3,83,N. Brussino,Casademont Zaragoza,3,397375.0,9.77798471128317,0.063,0.67625,-38966.4985615933,20.218875,13.066125,,,,,2026-10-05T15:40:20,
2026-27,3,20,K. Silins,Leyma Coruña,5,238425.0,5.357880819706696,0.14275,0.62425,-17833.994802855013,11.251324999999998,6.959675,,,,,2026-10-05T15:40:20,
2026-27,3,88,J. Fernández,Casademont Zaragoza,5,110000.0,2.496468230739642,0.439,0.406,505.6986058786715,3.1899999999999995,1.21,,,,,2026-10-05T15:40:20,
2026-27,3,25,T. Dimsa,Leyma Coruña,3,410000.0,5.705795158648688,0.0,0.99525,-61408.70451878593,28.289999999999992,20.91,,,,,2026-10-05T15:40:20,
2026-27,3,87,S. García,Casademont Zaragoza,1,130050.0,5.209323755957522,0.2615,0.59325,-6417.0400964808505,8.97345,6.632549999999999,,,,,2026-10-05T15:40:20,
2026-27,3,247,M. Lukic,Casademont Zaragoza,3,130000.0,2.06636508986315,0.22,0.68525,-9155.958634889408,5.98,4.42,,,,,2026-10-05T15:40:20,
2026-27,3,45,A. Noua,Unicaja,5,555450.0,13.23527675944251,0.96225,0.00125,81503.9659665688,-0.6739500000000049,-10.67205,,,,,2026-10-05T15:40:20,
2026-27,3,188,L. Radosevic,MoraBanc Andorra,5,379500.0,8.816224500831508,0.88825,0.02925,49649.85848292161,0.4569999999999972,-4.097000000000001,,,,,2026-10-05T15:40:20,
2026-27,3,42,W. Hernangómez,Unicaja,5,780275.0,15.386369670672169,0.20825,0.18725,4457.71449696424,21.83897499999999,7.794024999999998,,,,,2026-10-05T15:40:20,
2026-27,3,183,J. Akinjo,MoraBanc Andorra,1,540500.0,10.818537688701708,0.6035,0.11375,42013.70529736171,8.863,2.376999999999999,,,,,2026-10-05T15:40:20,
2026-27,3,190,A. Pustovyi,MoraBanc Andorra,5,632500.0,15.51098470450574,0.61825,0.117,50624.968723852886,13.095,5.504999999999999,,,,,2026-10-05T15:40:20,
2026-27,3,51,K. Perry,Unicaja,1,596275.0,15.772038138335658,0.70375,0.03075,65748.09917208622,11.142974999999993,0.4100249999999974,,,,,2026-10-05T15:40:20,
2026-27,3,185,W. Iwundu,MoraBanc Andorra,3,650000.0,11.76504345811306,0.25,0.3435,-10344.332720322418,16.9,9.099999999999998,,,,,2026-10-05T15:40:20,
2026-27,3,192,K. Robertson,MoraBanc Andorra,3,460000.0,6.190077964940191,0.3035,0.34775,-3215.5864346232265,9.159999999999997,3.639999999999999,,,,,2026-10-05T15:40:20,
2026-27,3,40,I. Brazdeikis,Unicaja,3,425000.0,8.77161479351288,0.29425,0.272,1795.6262244643294,12.324999999999996,4.674999999999997,,,,,2026-10-05T15:40:20,
2026-27,3,49,C. Hunt,Unicaja,3,425000.0,13.966384183219434,0.58725,0.12125,31815.400129438374,12.324999999999996,4.674999999999997,,,,,2026-10-05T15:40:20,
2026-27,3,50,M. Pantzar,Unicaja,1,459425.0,16.08436332309227,0.51475,0.15275,26274.27123903163,15.700324999999992,7.430674999999997,,,,,2026-10-05T15:40:20,
2026-27,3,194,A. Best,MoraBanc Andorra,3,322000.0,6.874657941896799,0.49975,0.26475,11651.21811929962,6.811999999999999,2.9480000000000004,,,,,2026-10-05T15:40:20,
2026-27,3,43,D. Kravish,Unicaja,5,224825.0,6.301414265425207,0.54475,0.21225,11531.17280828292,5.512924999999999,1.466075,,,,,2026-10-05T15:40:20,
2026-27,3,193,C. Ortega,MoraBanc Andorra,3,172500.0,3.110269684533533,0.524,0.33125,5015.652155683289,2.935,0.8650000000000002,,,,,2026-10-05T15:40:20,
2026-27,3,46,J. Barreiro,Unicaja,3,166175.0,5.690917862788754,0.70925,0.14325,14321.95076954423,2.466075,-0.5250749999999993,,,,,2026-10-05T15:40:20,
2026-27,3,191,K. Kuric,MoraBanc Andorra,3,365500.0,10.025810037232192,0.32725,0.418,-5063.369702010299,12.813,8.427,,,,,2026-10-05T15:40:20,
2026-27,3,39,S. Lukosius,Unicaja,3,312800.0,5.761238118816152,0.07025,0.70575,-31334.13406314829,14.583199999999998,8.9528,,,,,2026-10-05T15:40:20,
2026-27,3,189,L. Mutic,MoraBanc Andorra,3,263500.0,5.32554843231447,0.209,0.60525,-16034.102090270697,10.121,6.959,,,,,2026-10-05T15:40:20,
2026-27,3,52,A. Díaz,Unicaja,1,297500.0,8.292317009039762,0.2535,0.54375,-13191.089691929694,12.685,9.115,,,,,2026-10-05T15:40:20,
2026-27,3,186,O. Aquino,MoraBanc Andorra,5,170000.0,3.3743977184665046,0.2765,0.5925,-8122.670466247015,6.819999999999999,4.779999999999999,,,,,2026-10-05T15:40:20,
2026-27,3,41,Y. Nzosa,Unicaja,5,150000.0,2.5692007827153107,0.0,0.0,0.0,3.45,2.55,,,,,2026-10-05T15:40:20,
2026-27,3,44,T. Pérez,Unicaja,5,450000.0,12.32014410424886,0.0,0.0,0.0,10.35,7.649999999999999,,,,,2026-10-05T15:40:20,
2026-27,3,47,T. Kalinoski,Unicaja,3,200000.0,4.441468939314744,0.1895,0.6695,-14423.541334856129,9.2,6.8,,,,,2026-10-05T15:40:20,
2026-27,3,184,C. McGriff,MoraBanc Andorra,5,380000.0,7.511581413264513,0.0,0.0,0.0,8.739999999999998,6.46,,,,,2026-10-05T15:40:20,
2026-27,3,187,L. Bottiroli,MoraBanc Andorra,1,120000.0,1.8976626728247192,0.23275,0.66425,-7851.271996673211,5.52,4.08,,,,,2026-10-05T15:40:20,
2026-27,3,195,R. Luz,MoraBanc Andorra,1,297500.0,6.862748219982533,0.13925,0.70625,-25648.35226767976,13.685,10.115,,,,,2026-10-05T15:40:20,
2026-27,3,256,Andronikashvili,MoraBanc Andorra,1,210000.0,4.1511370968040735,0.0,0.0,0.0,4.83,3.57,,,,,2026-10-05T15:40:20,
2026-27,3,48,N. Djedovic,Unicaja,3,173400.0,4.550919260848378,0.05075,0.8645,-21467.09699216837,13.9646,10.8434,,,,,2026-10-05T15:40:20,
2026-27,3,254,M. Thomas,Unicaja,3,340000.0,5.958469694054903,0.01725,0.927,-47033.56367995253,18.64,14.56,,,,,2026-10-05T15:40:20,
2026-27,3,220,D. Mavra,Río Breogán,1,608350.0,17.37880357561557,0.9995,0.0,91225.23350838106,-15.623850000000004,-26.574150000000003,,,,,2026-10-05T15:40:20,
2026-27,3,213,D. Brankovic,Río Breogán,5,767050.0,17.614867531041142,0.94375,0.00075,111622.29655517532,3.7264499999999927,-10.08045,,,,,2026-10-05T15:40:20,
2026-27,3,137,J. Pérez,FIATC Girona,3,529000.0,15.526253725247894,0.99875,0.0,79273.18693053862,-11.299,-20.821,,,,,2026-10-05T15:40:20,
2026-27,3,209,T. Brown,Río Breogán,3,687700.0,13.802540986033286,0.8165,0.00725,89674.94169045659,6.651299999999999,-5.7273,,,,,2026-10-05T15:40:20,
2026-27,3,218,F. Alonso,Río Breogán,3,806725.0,16.82798767962258,0.52525,0.03625,70967.40395751141,16.064024999999987,1.542974999999991,,,,,2026-10-05T15:40:20,
2026-27,3,210,R. Bolton,Río Breogán,1,502550.0,10.880269735510298,0.93125,0.00375,71659.18470096681,-0.1240499999999968,-9.169949999999996,,,,,2026-10-05T15:40:20,
2026-27,3,141,M. Geben,FIATC Girona,5,815000.0,14.716668570912136,0.131,0.24925,-18622.88890062191,23.635,8.964999999999996,,,,,2026-10-05T15:40:20,
2026-27,3,208,A. García,Río Breogán,5,489325.0,10.073667975405332,0.7175,0.03175,54858.63948103308,6.163424999999997,-2.6444250000000054,,,,,2026-10-05T15:40:20,
2026-27,3,131,D. N'Guessan,FIATC Girona,5,655000.0,11.108620257163151,0.1445,0.289,-17897.71661752148,18.994999999999997,7.205000000000002,,,,,2026-10-05T15:40:20,
2026-27,3,133,S. Whittaker,FIATC Girona,1,634800.0,9.991373966931224,0.1195,0.32175,-23180.23455026152,18.201199999999996,6.774799999999992,,,,,2026-10-05T15:40:20,
2026-27,3,211,J. Kasibabu,Río Breogán,5,287500.0,5.040892082909926,0.17825,0.50825,-15320.533293833025,10.2375,5.062500000000002,,,,,2026-10-05T15:40:20,
2026-27,3,212,A. Ilić,Río Breogán,5,391000.0,7.530349033691263,0.132,0.51,-24586.73466399481,14.779,7.741000000000003,,,,,2026-10-05T15:40:20,
2026-27,3,132,M. McClung,FIATC Girona,1,599675.0,12.5291191118866,0.01175,0.8035,-76887.45916114532,30.177574999999997,19.383425,,,,,2026-10-05T15:40:20,
2026-27,3,140,P. Busquets,FIATC Girona,3,252875.0,7.735287550605747,0.445,0.28275,6350.293256935227,8.448374999999999,3.896625,,,,,2026-10-05T15:40:20,
2026-27,3,216,A. Aranitovic,Río Breogán,3,255000.0,7.835075091981925,0.41,0.30625,3976.031105475704,9.195,4.604999999999999,,,,,2026-10-05T15:40:20,
2026-27,3,136,N. Maric,FIATC Girona,5,200000.0,5.852242472643422,0.50325,0.26725,7090.206376922375,5.799999999999999,2.1999999999999997,,,,,2026-10-05T15:40:20,
2026-27,3,214,M. Andric,Río Breogán,5,255000.0,7.529316064002141,0.26825,0.46575,-8028.732420201588,11.595,7.004999999999999,,,,,2026-10-05T15:40:20,
2026-27,3,138,S. Martínez,FIATC Girona,3,306000.0,6.484662223719406,0.0465,0.779,-35128.90779110923,16.913999999999998,11.406,,,,,2026-10-05T15:40:20,
2026-27,3,250,K. Brunot,FIATC Girona,3,110500.0,0.7825284220563203,0.31475,0.579,-4394.240499276013,3.0829999999999997,1.7569999999999997,,,,,2026-10-05T15:40:20,
2026-27,3,234,A. Pluta,FIATC Girona,1,231200.0,4.612631112528952,0.07375,0.7525,-24311.03896148165,12.552799999999996,8.3912,,,,,2026-10-05T15:40:20,
2026-27,3,219,E. Quintela,Río Breogán,1,110500.0,1.9322271907055693,0.183,0.6935,-8478.36608635317,6.424499999999999,4.435499999999999,,,,,2026-10-05T15:40:20,
2026-27,3,135,I. Vázquez,FIATC Girona,1,200000.0,3.830558709366604,0.0,0.0,0.0,4.6,3.4,,,,,2026-10-05T15:40:20,
2026-27,3,139,M. Fjellerup,FIATC Girona,3,300000.0,4.213614580303264,0.0,0.0,0.0,6.9,5.1,,,,,2026-10-05T15:40:20,
2026-27,3,215,E. Vicedo,Río Breogán,5,190000.0,4.003790515032557,0.0,0.0,0.0,4.369999999999999,3.23,,,,,2026-10-05T15:40:20,
2026-27,3,251,E. Sanmartín,FIATC Girona,3,120000.0,1.053403645075816,0.0,0.0,0.0,2.76,2.04,,,,,2026-10-05T15:40:20,
2026-27,3,134,A. Kunc,FIATC Girona,5,382500.0,6.684324947844724,0.026,0.8805,-50004.8878527378,18.595,14.005,,,,,2026-10-05T15:40:20,
2026-27,3,217,J. Peris,Río Breogán,3,187850.0,3.079282643269364,0.0055,0.96875,-27302.11708093615,15.96165,12.58035,,,,,2026-10-05T15:40:20,
2026-27,3,233,D. Stenionis,FIATC Girona,1,144500.0,1.5003021611685865,0.00225,0.99225,-21484.142879767154,15.9705,13.3695,,,,,2026-10-05T15:40:20,
2026-27,3,65,T. Maledon,Real Madrid,1,780275.0,20.800405979246975,1.0,0.0,117041.24999999988,-19.36102500000001,-33.405975000000005,,,,,2026-10-05T15:40:20,
2026-27,3,119,T. Allen,Kids&Us Manresa,5,356500.0,8.146036388173174,1.0,0.0,53474.99999999994,-18.601000000000003,-22.879,,,,,2026-10-05T15:40:20,
2026-27,3,61,Luwawu-Cabarrot,Real Madrid,3,828000.0,19.70346914651057,0.54025,0.042,74134.29036504647,18.731999999999992,3.827999999999996,,,,,2026-10-05T15:40:20,
2026-27,3,55,M. Jantunen,Real Madrid,5,333500.0,8.326613380178499,0.9505,0.012,47416.632938854455,-2.6590000000000007,-6.661,,,,,2026-10-05T15:40:20,
2026-27,3,67,F. Campazzo,Real Madrid,1,529000.0,14.630841871969654,0.84775,0.03925,65542.01348567009,6.334,-0.0139999999999993,,,,,2026-10-05T15:40:20,
2026-27,3,66,A. Feliz,Real Madrid,1,425500.0,11.44727905723552,0.87825,0.029,55575.55320924608,2.772999999999996,-2.333000000000002,,,,,2026-10-05T15:40:20,
2026-27,3,53,D. Jones,Real Madrid,5,391000.0,8.200819104824262,0.7055,0.11275,35853.13375564432,4.786000000000001,0.0940000000000012,,,,,2026-10-05T15:40:20,
2026-27,3,58,J. Pradilla,Real Madrid,5,596275.0,17.159629356013795,0.60775,0.06625,54122.678056534845,14.74297499999999,4.010024999999995,,,,,2026-10-05T15:40:20,
2026-27,3,121,N. Ongenda,Kids&Us Manresa,5,621575.0,10.00794991397206,0.1295,0.3225,-22102.61844263156,17.888674999999992,6.700324999999999,,,,,2026-10-05T15:40:20,
2026-27,3,124,L. Kolenda,Kids&Us Manresa,3,423200.0,8.163166519691496,0.73475,0.03575,47582.61514171027,4.200799999999997,-3.416800000000002,,,,,2026-10-05T15:40:20,
2026-27,3,57,W. Tavares,Real Madrid,5,600000.0,16.933844759224137,0.47475,0.1135,37650.20693164901,17.4,6.599999999999998,,,,,2026-10-05T15:40:20,
2026-27,3,118,JD Notae,Kids&Us Manresa,1,550000.0,10.853475636350652,0.24875,0.24,1028.8135681236165,15.949999999999996,6.049999999999997,,,,,2026-10-05T15:40:20,
2026-27,3,60,C. Okeke,Real Madrid,5,303025.0,9.680514587356464,0.90475,0.016,41380.814475097286,0.5087250000000019,-4.945725,,,,,2026-10-05T15:40:20,
2026-27,3,63,A. Abalde,Real Madrid,3,299000.0,6.638067145615862,0.651,0.16725,22614.512122148823,4.154,0.5660000000000007,,,,,2026-10-05T15:40:20,
2026-27,3,120,C. Agbo,Kids&Us Manresa,3,263925.0,6.026292421316509,0.722,0.07975,26414.083758233814,2.210825,-2.5398250000000004,,,,,2026-10-05T15:40:20,
2026-27,3,125,P. Tamba,Kids&Us Manresa,3,264500.0,5.165393503985579,0.69375,0.087,25116.147997117776,2.250499999999999,-2.5105000000000004,,,,,2026-10-05T15:40:20,
2026-27,3,123,Y. Minchev,Kids&Us Manresa,5,425000.0,7.90182220550175,0.135,0.48975,-25063.61196228029,15.324999999999996,7.674999999999997,,,,,2026-10-05T15:40:20,
2026-27,3,127,R. Villar,Kids&Us Manresa,1,350000.0,4.988601762033691,0.18375,0.40825,-13373.340217139106,10.15,3.8500000000000014,,,,,2026-10-05T15:40:20,
2026-27,3,62,G. Procida,Real Madrid,3,241500.0,6.711641781466285,0.59,0.23525,13098.632421347807,5.109,2.2110000000000003,,,,,2026-10-05T15:40:20,
2026-27,3,130,F. Bassas,Kids&Us Manresa,1,371450.0,6.889670886220397,0.062,0.6885,-37258.07171226957,16.63005,9.94395,,,,,2026-10-05T15:40:20,
2026-27,3,56,M. Shulga,Real Madrid,3,204000.0,4.414895240797723,0.269,0.49475,-7144.968451060879,8.075999999999997,4.404,,,,,2026-10-05T15:40:20,
2026-27,3,64,S. Llull,Real Madrid,3,216750.0,5.747244281918497,0.22375,0.5345,-10652.44906626761,10.155749999999998,6.25425,,,,,2026-10-05T15:40:20,
2026-27,3,255,N. Smith,Real Madrid,3,348500.0,7.218656108789262,0.15375,0.6405,-26365.214315214194,13.630999999999998,9.448999999999998,,,,,2026-10-05T15:40:20,
2026-27,3,122,L. Beaufort,Kids&Us Manresa,1,158950.0,3.382102889514368,0.23775,0.55825,-7738.976197100856,6.967549999999999,4.106449999999999,,,,,2026-10-05T15:40:20,
2026-27,3,126,E. Vila,Kids&Us Manresa,5,130050.0,1.955737757849613,0.158,0.69925,-10766.95533982724,6.97345,4.632549999999999,,,,,2026-10-05T15:40:20,
2026-27,3,129,P. Oriola,Kids&Us Manresa,5,530000.0,13.115043427116824,0.0,0.0,0.0,12.19,9.01,,,,,2026-10-05T15:40:20,
2026-27,3,246,G. Deck,Real Madrid,3,330000.0,8.785677104491583,0.0,0.0,0.0,7.589999999999999,5.609999999999999,,,,,2026-10-05T15:40:20,
2026-27,3,249,M. Enabulele,Kids&Us Manresa,5,110500.0,1.9185747300517864,0.26175,0.64575,-6406.016195577831,5.082999999999999,3.757,,,,,2026-10-05T15:40:20,
2026-27,3,128,H. Benitez,Kids&Us Manresa,1,340000.0,8.850703100098368,0.12275,0.6995,-30262.09703597997,16.64,12.56,,,,,2026-10-05T15:40:20,
2026-27,3,54,O. Sarr,Real Madrid,5,260100.0,3.947198576019152,0.00075,0.99425,-38835.79356406999,22.9469,18.2651,,,,,2026-10-05T15:40:20,
2026-27,3,205,J. Batemon,iLERNA Lleida,3,872850.0,18.978237276966787,0.92825,0.00025,125969.64441023256,5.226649999999999,-10.484650000000002,,,,,2026-10-05T15:40:20,
2026-27,3,7,J. Soriano,Monbus Obradoiro,5,462875.0,11.704938062229315,0.99775,0.0,69348.4954245236,-8.661625,-16.993375,,,,,2026-10-05T15:40:20,
2026-27,3,197,Z. Perrin,iLERNA Lleida,5,555450.0,12.107614293687943,0.96525,0.00125,81714.05379562452,-1.673950000000005,-11.67205,,,,,2026-10-05T15:40:20,
2026-27,3,237,D. McGhee,iLERNA Lleida,1,502550.0,10.689899026459344,0.97575,0.00125,74199.72688313131,-2.924050000000001,-11.96995,,,,,2026-10-05T15:40:20,
2026-27,3,4,B. Childress,Monbus Obradoiro,1,846400.0,14.908036105459464,0.21775,0.138,12755.449856231571,21.401599999999995,6.166399999999996,,,,,2026-10-05T15:40:20,
2026-27,3,202,O. Paulí,iLERNA Lleida,3,740600.0,14.7724205431102,0.40425,0.08375,43845.10089690879,16.501399999999997,3.1706000000000003,,,,,2026-10-05T15:40:20,
2026-27,3,6,F. Dos Anjos,Monbus Obradoiro,5,595125.0,11.381220706796482,0.619,0.041,57809.52733736544,9.463624999999992,-1.248625000000004,,,,,2026-10-05T15:40:20,
2026-27,3,11,C. Agada,Monbus Obradoiro,3,317400.0,8.995934929922967,0.99275,0.0,47393.74579135847,-8.499400000000001,-14.212600000000002,,,,,2026-10-05T15:40:20,
2026-27,3,9,Y. Barrueta,Monbus Obradoiro,3,436425.0,8.995934929922967,0.784,0.02275,52848.05677511112,3.5133249999999983,-4.342325000000002,,,,,2026-10-05T15:40:20,
2026-27,3,200,M. Ejim,iLERNA Lleida,5,527850.0,12.824619716194366,0.42425,0.145,24998.756811479107,14.22165,4.72035,,,,,2026-10-05T15:40:20,
2026-27,3,198,K. Kuath,iLERNA Lleida,5,545000.0,9.04529917623483,0.1485,0.339,-18810.62050634832,15.805000000000003,5.995000000000001,,,,,2026-10-05T15:40:20,
2026-27,3,10,L. Meindl,Monbus Obradoiro,3,405000.0,10.776380384803556,0.4235,0.1965,15423.535738167991,11.745,4.455000000000002,,,,,2026-10-05T15:40:20,
2026-27,3,1,A. Barcello,Monbus Obradoiro,3,400775.0,8.212198174664527,0.29975,0.286,491.1052119883825,11.653474999999991,4.439524999999996,,,,,2026-10-05T15:40:20,
2026-27,3,203,M. Sanz,iLERNA Lleida,3,264500.0,4.991878661237875,0.39475,0.28525,4639.810424657422,6.450499999999998,1.689499999999999,,,,,2026-10-05T15:40:20,
2026-27,3,2,E. Abogidi,Monbus Obradoiro,5,357000.0,6.917328752933192,0.155,0.494,-19905.93345994852,13.232999999999995,6.807,,,,,2026-10-05T15:40:20,
2026-27,3,201,J. Shurna,iLERNA Lleida,5,293250.0,6.40978123395825,0.3155,0.34825,-1531.1273541687406,9.43425,4.155749999999998,,,,,2026-10-05T15:40:20,
2026-27,3,206,D. García,iLERNA Lleida,1,273700.0,6.760336840774812,0.31875,0.36275,-1941.7307804016164,9.4853,4.5587,,,,,2026-10-05T15:40:20,
2026-27,3,3,D. Brito,Monbus Obradoiro,3,158950.0,3.560890909761175,0.2245,0.59025,-8748.640527167387,7.767549999999999,4.906449999999999,,,,,2026-10-05T15:40:20,
2026-27,3,204,M. Hughes,iLERNA Lleida,3,255000.0,5.883662143508559,0.06925,0.76725,-27778.857676849817,14.595,10.005,,,,,2026-10-05T15:40:20,
2026-27,3,12,S. Quintela,Monbus Obradoiro,3,166175.0,1.8949770338495135,0.042,0.86,-20771.063205697952,10.466075,7.474925000000001,,,,,2026-10-05T15:40:20,
2026-27,3,5,A. Faure,Monbus Obradoiro,5,250000.0,3.407551109819306,0.00625,0.955,-36155.30300166237,17.25,12.75,,,,,2026-10-05T15:40:20,
2026-27,3,8,A. Galán,Monbus Obradoiro,5,137275.0,2.5897388434626727,0.0965,0.799,-14812.430070450311,9.471975,7.001025,,,,,2026-10-05T15:40:20,
2026-27,3,13,O. Lundqvist,Monbus Obradoiro,1,200000.0,4.089061331783166,0.0,0.0,0.0,4.6,3.4,,,,,2026-10-05T15:40:20,
2026-27,3,199,A. Diagne,iLERNA Lleida,5,270000.0,7.202645380632668,0.0,0.0,0.0,6.21,4.59,,,,,2026-10-05T15:40:20,
2026-27,3,207,A. Rodriguez,iLERNA Lleida,1,122825.0,3.107023497527817,0.16275,0.7175,-10400.24350722671,8.474924999999999,6.264075,,,,,2026-10-05T15:40:20,
2026-27,3,244,M. Caicedo,Monbus Obradoiro,3,180000.0,3.68015519860485,0.0,0.0,0.0,4.14,3.06,,,,,2026-10-05T15:40:20,
2026-27,3,37,M. Huertas,La Laguna Tenerife,1,690000.0,17.15052395052394,0.764,0.01725,83428.02933809278,10.409999999999997,-2.010000000000005,,,,,2026-10-05T15:40:20,
2026-27,3,159,E. Cate,UCAM Murcia,5,581900.0,13.29339757998657,0.73875,0.02325,67614.38212997245,8.551099999999998,-1.923099999999998,,,,,2026-10-05T15:40:20,
2026-27,3,154,S. Boum,UCAM Murcia,1,634800.0,11.572433792454408,0.38525,0.10875,31281.80251059076,13.801199999999994,2.3747999999999934,,,,,2026-10-05T15:40:20,
2026-27,3,28,K. Guy,La Laguna Tenerife,3,727375.0,11.70872247234601,0.126,0.2775,-20896.21349205065,20.388874999999995,7.296124999999993,,,,,2026-10-05T15:40:20,
2026-27,3,157,T. Nakic,UCAM Murcia,3,290950.0,10.060522967739304,0.99875,0.00025,43597.26155914844,-9.12445,-14.361549999999998,,,,,2026-10-05T15:40:20,
2026-27,3,155,J. Pansa,UCAM Murcia,5,568675.0,10.522446159288444,0.4605,0.0955,35768.02389097423,11.238574999999996,1.0024249999999988,,,,,2026-10-05T15:40:20,
2026-27,3,168,J. Radebaugh,UCAM Murcia,1,371450.0,10.758970355701347,0.89775,0.013,50673.012812055706,1.4300500000000014,-5.256049999999998,,,,,2026-10-05T15:40:20,
2026-27,3,36,J. Fernández,La Laguna Tenerife,3,402500.0,11.440637982027674,0.84025,0.022,51168.52461138641,3.9725,-3.272500000000001,,,,,2026-10-05T15:40:20,
2026-27,3,29,López-Arostegui,La Laguna Tenerife,3,489325.0,9.981197888818606,0.46875,0.123,28064.5922449606,10.563425,1.7555749999999968,,,,,2026-10-05T15:40:20,
2026-27,3,33,T. Abromaitis,La Laguna Tenerife,5,396750.0,8.909127559904622,0.7315,0.04225,43745.25234200677,4.775749999999995,-2.365750000000002,,,,,2026-10-05T15:40:20,
2026-27,3,167,J. Marcos,UCAM Murcia,1,312800.0,7.207625388414959,0.8825,0.0195,41388.59714696871,-0.2168000000000027,-5.847200000000001,,,,,2026-10-05T15:40:20,
2026-27,3,27,V. Hunter,La Laguna Tenerife,5,414000.0,7.372130963473928,0.4495,0.24925,13648.393210080569,8.243999999999996,3.275999999999998,,,,,2026-10-05T15:40:20,
2026-27,3,166,M. Forrest,UCAM Murcia,1,345000.0,9.038609870219489,0.73775,0.05525,36954.29436255596,4.605,-1.6050000000000004,,,,,2026-10-05T15:40:20,
2026-27,3,30,E. Happ,La Laguna Tenerife,5,552500.0,15.301386740095223,0.3305,0.223,10151.859823705512,19.1225,9.177500000000002,,,,,2026-10-05T15:40:20,
2026-27,3,165,D. Ennis,UCAM Murcia,3,397375.0,9.973312440111178,0.242,0.373,-8385.109057003108,15.018874999999996,7.8661249999999985,,,,,2026-10-05T15:40:20,
2026-27,3,162,M. Steinbergs,UCAM Murcia,5,175000.0,4.2998119183360455,0.45125,0.32975,3211.2201871248544,5.074999999999999,1.9250000000000007,,,,,2026-10-05T15:40:20,
2026-27,3,158,S. Raieste,UCAM Murcia,3,173400.0,5.986611732223298,0.5195,0.2835,6218.865842824016,5.764599999999999,2.643399999999999,,,,,2026-10-05T15:40:20,
2026-27,3,38,B. Fitipaldo,La Laguna Tenerife,1,283475.0,5.478555632767826,0.084,0.6865,-27091.09858401821,13.559774999999998,8.457225,,,,,2026-10-05T15:40:20,
2026-27,3,32,G. Shermadini,La Laguna Tenerife,5,592450.0,13.571704712346223,0.0035,0.923,-84328.973466506,35.67904999999999,25.01495,,,,,2026-10-05T15:40:20,
2026-27,3,34,A. Doornekamp,La Laguna Tenerife,5,187850.0,5.796665314670474,0.249,0.542,-8652.929623197997,9.76165,6.380349999999999,,,,,2026-10-05T15:40:20,
2026-27,3,26,TJ Bamba,La Laguna Tenerife,3,280500.0,5.232556828355204,0.12375,0.71475,-25273.692314305958,11.903,8.537,,,,,2026-10-05T15:40:20,
2026-27,3,156,H. Sant-Roos,UCAM Murcia,3,450000.0,12.663058660021075,0.0,0.0,0.0,10.35,7.649999999999999,,,,,2026-10-05T15:40:20,
2026-27,3,160,M. Diagné,UCAM Murcia,5,180000.0,2.014240909664172,0.0165,0.92575,-24845.250904840155,12.419999999999998,9.18,,,,,2026-10-05T15:40:20,
2026-27,3,161,R. López,UCAM Murcia,5,120000.0,1.1481173185085776,0.0,0.0,0.0,2.76,2.04,,,,,2026-10-05T15:40:20,
2026-27,3,163,K. Gates,UCAM Murcia,5,400000.0,8.007382323957259,0.0,0.0,0.0,9.2,6.8,,,,,2026-10-05T15:40:20,
2026-27,3,245,W. Van Beck,La Laguna Tenerife,3,250000.0,7.45464682970008,0.0,0.0,0.0,5.75,4.25,,,,,2026-10-05T15:40:20,
2026-27,3,31,A. Kurucs,La Laguna Tenerife,1,130050.0,2.38220489631881,0.07275,0.83825,-15071.597650271113,9.97345,7.632549999999999,,,,,2026-10-05T15:40:20,
2026-27,3,35,H. Alderete,La Laguna Tenerife,3,102000.0,0.3609401358058803,0.04375,0.90475,-13228.785968656754,8.037999999999998,6.202,,,,,2026-10-05T15:40:20,
2026-27,3,164,W. Falk,UCAM Murcia,3,101150.0,1.875258286897344,0.04825,0.901,-13025.980231252091,9.97935,8.158650000000002,,,,,2026-10-05T15:40:20,
2026-27,3,96,R. Rubio,Asisa Joventut,1,977500.0,18.939759084973435,0.49,0.10175,64438.76262695051,18.965,7.234999999999999,,,,,2026-10-05T15:40:20,
2026-27,3,222,C. Duarte,Kosner Baskonia,3,555450.0,16.651952339503854,0.99625,0.0,83177.24848482467,-6.073950000000011,-16.072050000000004,,,,,2026-10-05T15:40:20,
2026-27,3,225,T. Sedekerskis,Kosner Baskonia,5,423200.0,12.102733567998415,0.99975,0.0,63478.82087651943,-15.1992,-22.8168,,,,,2026-10-05T15:40:20,
2026-27,3,93,N. Laprovittola,Asisa Joventut,1,598000.0,13.320890019130344,0.8335,0.026,74964.39740414568,5.507999999999999,-1.6679999999999993,,,,,2026-10-05T15:40:20,
2026-27,3,232,K. Faried,Kosner Baskonia,5,595125.0,13.2887709508419,0.978,0.0,88144.02859185846,-2.136375000000008,-12.848625000000006,,,,,2026-10-05T15:40:20,
2026-27,3,257,M. Santos,Kosner Baskonia,5,437000.0,9.368034397576974,0.754,0.0725,46215.7471374984,4.502000000000001,-0.7419999999999991,,,,,2026-10-05T15:40:20,
2026-27,3,241,D. Baugh,Kosner Baskonia,1,634800.0,11.152276631304186,0.24275,0.193,5507.546117004124,16.201199999999996,4.774799999999996,,,,,2026-10-05T15:40:20,
2026-27,3,224,C. Frisch,Kosner Baskonia,5,264500.0,7.533872508762746,0.99375,0.0005,39497.56782051042,-8.1495,-12.9105,,,,,2026-10-05T15:40:20,
2026-27,3,235,AJ Lawson,Kosner Baskonia,3,660000.0,11.924099186529851,0.174,0.281,-13412.053844130482,19.139999999999997,7.259999999999998,,,,,2026-10-05T15:40:20,
2026-27,3,59,E. Ndiaye,Asisa Joventut,5,368000.0,7.137684651986463,0.647,0.144,28630.15020957566,4.928000000000001,0.5120000000000005,,,,,2026-10-05T15:40:20,
2026-27,3,229,K. Simmons,Kosner Baskonia,1,570000.0,12.238807545411593,0.2975,0.20375,8391.206717884983,16.529999999999998,6.27,,,,,2026-10-05T15:40:20,
2026-27,3,94,K. Cheatham,Asisa Joventut,5,402500.0,7.37230697619229,0.4965,0.235,17075.598723703122,7.515000000000001,2.6850000000000005,,,,,2026-10-05T15:40:20,
2026-27,3,100,L. Hakanson,Asisa Joventut,1,322000.0,7.80350100795263,0.63325,0.1765,22573.267257450207,5.811999999999999,1.9480000000000004,,,,,2026-10-05T15:40:20,
2026-27,3,221,DJ Stewart,Kosner Baskonia,3,459000.0,11.045502760027908,0.302,0.273,2285.993772575923,14.870999999999997,6.608999999999998,,,,,2026-10-05T15:40:20,
2026-27,3,228,M. Howard,Kosner Baskonia,3,420000.0,11.925504349164829,0.54575,0.218,21066.47874481784,10.92,5.879999999999999,,,,,2026-10-05T15:40:20,
2026-27,3,97,A. Reyes,Asisa Joventut,3,400000.0,12.566676947871768,0.61575,0.17875,27266.54945069918,10.4,5.6,,,,,2026-10-05T15:40:20,
2026-27,3,226,R. Kurucs,Kosner Baskonia,5,391000.0,8.766304314117773,0.37175,0.237,9036.85308369808,11.178999999999998,4.141000000000002,,,,,2026-10-05T15:40:20,
2026-27,3,227,M. Spagnolo,Kosner Baskonia,3,330000.0,8.996330113404927,0.4575,0.21125,13379.073354797438,9.569999999999997,3.629999999999997,,,,,2026-10-05T15:40:20,
2026-27,3,92,B. Ellis,Asisa Joventut,3,408000.0,8.252678816560948,0.2415,0.4745,-15227.32012657472,12.767999999999995,7.872,,,,,2026-10-05T15:40:20,
2026-27,3,95,S. Birgander,Asisa Joventut,5,365500.0,9.4064179521052,0.42,0.33,4997.7606590332,10.813,6.427,,,,,2026-10-05T15:40:20,
2026-27,3,98,I. Nogués,Asisa Joventut,3,250000.0,2.098685927529192,0.19875,0.5885,-14928.400334501552,6.5,3.5,,,,,2026-10-05T15:40:20,
2026-27,3,223,S. Joksimovic,Kosner Baskonia,3,166175.0,2.8654039474504365,0.51975,0.26925,6273.814063636761,2.6660749999999998,-0.325075,,,,,2026-10-05T15:40:20,
2026-27,3,239,A. Torres,Asisa Joventut,3,138000.0,2.249360814633852,0.416,0.461,-1027.7014119629166,3.347999999999999,1.6919999999999993,,,,,2026-10-05T15:40:20,
2026-27,3,99,Y. Kraag,Asisa Joventut,3,250000.0,7.796080096174146,0.0,0.0,0.0,5.75,4.25,,,,,2026-10-05T15:40:20,
2026-27,3,101,A. Tomic,Asisa Joventut,5,780000.0,17.336970705675935,0.0,0.0,0.0,17.939999999999998,13.26,,,,,2026-10-05T15:40:20,
2026-27,3,102,E. Sulejmanovic,Asisa Joventut,5,420000.0,7.194925164653736,0.0,0.0,0.0,9.66,7.14,,,,,2026-10-05T15:40:20,
2026-27,3,76,T. Hlinason,Surne Bilbao,5,859625.0,20.91043970376628,0.9125,0.00125,122873.93124160076,7.514125,-7.959125,,,,,2026-10-05T15:40:20,
2026-27,3,70,D. Hilliard,Surne Bilbao,3,595125.0,15.02189494683915,0.98975,0.0,88830.3772184978,-3.936375000000005,-14.648625000000004,,,,,2026-10-05T15:40:20,
2026-27,3,153,Z. Samar,Recoletas Salud San Pablo Burgos,1,264500.0,9.26719695330169,1.0,0.0,39675.0,-24.7495,-29.5105,,,,,2026-10-05T15:40:20,
2026-27,3,74,H. Frey,Surne Bilbao,1,529000.0,12.424600610591504,0.9725,0.00025,77993.37110891368,-2.2989999999999995,-11.820999999999998,,,,,2026-10-05T15:40:20,
2026-27,3,80,M. Normantas,Surne Bilbao,3,383525.0,11.08562559949384,0.99025,0.00125,57160.442870606494,-6.536775000000006,-13.440225000000002,,,,,2026-10-05T15:40:20,
2026-27,3,142,DJ Steward,Recoletas Salud San Pablo Burgos,1,586500.0,12.844881735582351,0.7375,0.0245,68440.29531349288,8.0685,-2.488500000000002,,,,,2026-10-05T15:40:20,
2026-27,3,143,C. Sengfelder,Recoletas Salud San Pablo Burgos,5,700925.0,12.09876232275809,0.27675,0.13875,17670.229918811005,16.76382499999999,4.147174999999997,,,,,2026-10-05T15:40:20,
2026-27,3,151,C. Audige,Recoletas Salud San Pablo Burgos,3,290950.0,7.031217012077486,0.99825,0.0,43587.39900931291,-10.92445,-16.16155,,,,,2026-10-05T15:40:20,
2026-27,3,145,B. Koprivica,Recoletas Salud San Pablo Burgos,5,581900.0,9.85459016678278,0.242,0.207,3885.175594317843,14.7511,4.276900000000005,,,,,2026-10-05T15:40:20,
2026-27,3,77,M. Krampelj,Surne Bilbao,5,449650.0,10.300592026997496,0.533,0.112,30959.842133652302,9.82585,1.7321500000000007,,,,,2026-10-05T15:40:20,
2026-27,3,78,L. Petrasek,Surne Bilbao,5,330625.0,8.635369297459794,0.81775,0.041,39908.01009774493,2.613125,-3.3381250000000016,,,,,2026-10-05T15:40:20,
2026-27,3,149,D. Díez,Recoletas Salud San Pablo Burgos,5,410000.0,8.112352888525608,0.28825,0.2805,296.04771166673163,11.889999999999992,4.509999999999998,,,,,2026-10-05T15:40:20,
2026-27,3,69,B. Vautier,Surne Bilbao,5,390000.0,7.318329502279978,0.25475,0.3075,-3339.3915233630105,11.309999999999995,4.290000000000001,,,,,2026-10-05T15:40:20,
2026-27,3,243,S. Doumbouya,Recoletas Salud San Pablo Burgos,3,361250.0,8.705372473783333,0.373,0.27025,6227.221649678831,10.926249999999996,4.423749999999998,,,,,2026-10-05T15:40:20,
2026-27,3,71,A. Somogyi,Surne Bilbao,1,280000.0,5.778539134187972,0.32725,0.333,-36.9080473355134,8.120000000000001,3.08,,,,,2026-10-05T15:40:20,
2026-27,3,147,R. Lobaco,Recoletas Salud San Pablo Burgos,3,293250.0,5.893374375061246,0.2805,0.38025,-4757.117390957603,9.23425,3.9557499999999983,,,,,2026-10-05T15:40:20,
2026-27,3,68,N. Darling,Surne Bilbao,3,303450.0,7.716252855831843,0.3225,0.3495,-879.4977350475965,10.738049999999998,5.27595,,,,,2026-10-05T15:40:20,
2026-27,3,148,R. Guerrero,Recoletas Salud San Pablo Burgos,5,207000.0,3.020087896000022,0.11925,0.691,-18409.204719005706,9.282999999999998,5.556999999999999,,,,,2026-10-05T15:40:20,
2026-27,3,79,A. Font,Surne Bilbao,3,195000.0,2.555607127780309,0.25225,0.48625,-7027.001052091713,5.654999999999999,2.1450000000000005,,,,,2026-10-05T15:40:20,
2026-27,3,144,D.Radosavljevic,Recoletas Salud San Pablo Burgos,3,238425.0,5.054232282196557,0.11975,0.665,-20247.79582479241,11.651324999999996,7.359675,,,,,2026-10-05T15:40:20,
2026-27,3,72,D. Duscak,Surne Bilbao,1,180000.0,2.49134621354212,0.02825,0.9035,-24005.253389408725,12.419999999999998,9.18,,,,,2026-10-05T15:40:20,
2026-27,3,75,O. Hustak,Surne Bilbao,5,170000.0,3.5294071358513355,0.0,0.0,0.0,3.91,2.89,,,,,2026-10-05T15:40:20,
2026-27,3,146,V. Cancar,Recoletas Salud San Pablo Burgos,3,480000.0,9.488313364123597,0.0,0.0,0.0,11.04,8.16,,,,,2026-10-05T15:40:20,
2026-27,3,152,R. Obasohan,Recoletas Salud San Pablo Burgos,1,430000.0,11.992173835211767,0.0,0.0,0.0,9.89,7.31,,,,,2026-10-05T15:40:20,
2026-27,3,150,P. Almazán,Recoletas Salud San Pablo Burgos,3,108375.0,0.6046474202627784,0.0465,0.90175,-14010.772982393974,8.477875,6.527125,,,,,2026-10-05T15:40:20,
2026-27,3,73,M. Ansorregi,Surne Bilbao,3,102000.0,1.4705863066047231,0.0935,0.83275,-11359.843261024973,8.037999999999998,6.202,,,,,2026-10-05T15:40:20,
2026-27,3,252,J. Taboada,Recoletas Salud San Pablo Burgos,3,136000.0,-2.75114576219564,0.0,1.0,-20400.0,18.256,16.624000000000002,,,,,2026-10-05T15:40:20,
2026-27,3,170,O. Balcerowski,Barça,5,462875.0,17.44721216248519,1.0,0.0,69431.25,-20.061625,-28.393375,,,,,2026-10-05T15:40:20,
2026-27,3,104,TJ Shorts,Valencia Basket,1,723350.0,16.09852084417739,0.852,0.00575,97814.85305586936,6.711149999999989,-6.3091500000000025,,,,,2026-10-05T15:40:20,
2026-27,3,242,N. Mirotic,Valencia Basket,5,793500.0,13.086539524944198,0.168,0.193,-3855.0529669382377,20.351499999999994,6.0685,,,,,2026-10-05T15:40:20,
2026-27,3,111,K. Taylor,Valencia Basket,3,780000.0,14.260038740229858,0.148,0.239,-14435.189372352092,22.619999999999997,8.580000000000002,,,,,2026-10-05T15:40:20,
2026-27,3,181,K. Punter,Barça,3,714150.0,14.645314620785305,0.34525,0.13125,27969.294983542408,18.076349999999994,5.22165,,,,,2026-10-05T15:40:20,
2026-27,3,182,J. Núñez,Barça,1,230000.0,7.356121884723486,0.868,0.03675,29226.261372462643,0.2699999999999978,-3.870000000000001,,,,,2026-10-05T15:40:20,
2026-27,3,174,O. Nkamhoua,Barça,5,449650.0,9.96566869130528,0.916,0.0055,63394.41702059901,0.0258499999999983,-8.06785,,,,,2026-10-05T15:40:20,
2026-27,3,113,J. Puerto,Valencia Basket,3,264500.0,8.575986219294496,0.999,0.0,39642.08944610739,-11.7495,-16.5105,,,,,2026-10-05T15:40:20,
2026-27,3,169,J. Parra,Barça,3,634800.0,13.39191420039404,0.35925,0.13725,24838.001477003447,16.201199999999993,4.774799999999992,,,,,2026-10-05T15:40:20,
2026-27,3,176,T. Martin,Barça,3,703800.0,10.006708312822232,0.0485,0.4215,-50325.01876555395,21.16220000000001,8.4938,,,,,2026-10-05T15:40:20,
2026-27,3,108,N. Sako,Valencia Basket,5,436425.0,9.15879718589292,0.6485,0.05925,42016.8198282232,6.513324999999998,-1.3423250000000024,,,,,2026-10-05T15:40:20,
2026-27,3,180,D. Brizuela,Barça,3,423200.0,8.57301549675384,0.57475,0.0905,34113.398369991395,7.200799999999997,-0.416800000000002,,,,,2026-10-05T15:40:20,
2026-27,3,179,J. Robinson,Barça,1,530000.0,15.718209155392064,0.508,0.12375,34203.00400519732,15.37,5.830000000000002,,,,,2026-10-05T15:40:20,
2026-27,3,116,A. Cárdenas,Valencia Basket,1,230000.0,3.2048668224353127,0.9345,0.01125,32323.244949314685,-4.930000000000003,-9.070000000000002,,,,,2026-10-05T15:40:20,
2026-27,3,115,G. Corbalán,Valencia Basket,3,410550.0,13.88236083186206,0.45375,0.2115,15735.66602510045,14.727950000000002,7.338050000000001,,,,,2026-10-05T15:40:20,
2026-27,3,171,A. Ubal,Barça,3,240000.0,8.737296134377937,0.33325,0.41275,-2877.5252432134293,11.759999999999998,7.44,,,,,2026-10-05T15:40:20,
2026-27,3,173,S. Umude,Barça,3,303025.0,5.607997757214521,0.1755,0.51025,-16438.072369628935,11.308725,5.854275,,,,,2026-10-05T15:40:20,
2026-27,3,117,M. Saint-Supery,Valencia Basket,1,289000.0,6.112986716867358,0.103,0.6515,-25410.769793608342,13.741,8.539000000000001,,,,,2026-10-05T15:40:20,
2026-27,3,238,J. Rivero,Valencia Basket,5,223975.0,4.977929717254852,0.2205,0.53025,-10805.766227882295,9.254275,5.222725,,,,,2026-10-05T15:40:20,
2026-27,3,240,U. Gibson,Barça,1,216750.0,4.721296308778384,0.17275,0.5995,-14370.001494642083,10.155749999999998,6.25425,,,,,2026-10-05T15:40:20,
2026-27,3,105,A. Brooks,Valencia Basket,3,426275.0,7.666544163472713,0.00575,0.93075,-60631.28156447993,24.812974999999994,17.140024999999994,,,,,2026-10-05T15:40:20,
2026-27,3,172,J. Minaya,Barça,3,195075.0,4.324614081846428,0.20875,0.58,-11190.246723305463,8.860175,5.348825,,,,,2026-10-05T15:40:20,
2026-27,3,110,N. Reuvers,Valencia Basket,5,252875.0,6.932008238156382,0.152,0.62225,-18773.66824721912,13.248375,8.696625000000001,,,,,2026-10-05T15:40:20,
2026-27,3,107,Y. Sima,Valencia Basket,5,190000.0,3.1486410887083784,0.0,0.0,0.0,4.369999999999999,3.23,,,,,2026-10-05T15:40:20,
2026-27,3,109,D. Osetkowski,Valencia Basket,5,500000.0,9.458808330104224,0.0,0.0,0.0,11.5,8.5,,,,,2026-10-05T15:40:20,
2026-27,3,112,L. Marí,Valencia Basket,3,140000.0,2.648466332429183,0.0,0.0,0.0,3.22,2.38,,,,,2026-10-05T15:40:20,
2026-27,3,114,O. Moore,Valencia Basket,3,410000.0,10.682889408117711,0.0,0.0,0.0,9.429999999999998,6.969999999999999,,,,,2026-10-05T15:40:20,
2026-27,3,175,J. Nebo,Barça,5,380000.0,7.536962311707173,0.0,0.0,0.0,8.739999999999998,6.46,,,,,2026-10-05T15:40:20,
2026-27,3,177,Y. Makoundou,Barça,5,360000.0,7.140280084775217,0.0,0.0,0.0,8.28,6.12,,,,,2026-10-05T15:40:20,
2026-27,3,178,T. Evbuomwan,Barça,5,330000.0,6.545256744377281,0.0,0.0,0.0,7.589999999999999,5.609999999999999,,,,,2026-10-05T15:40:20,
2026-27,3,106,M. Gueye,Valencia Basket,5,310675.0,4.532809325249947,0.0,0.9975,-46539.050518348056,26.436575,20.844425,,,,,2026-10-05T15:40:20,
