idPlayer,shortName,nick,license,idTeam,nameTeam,playerPrice,initialPrice,price,idJourney,pointsJourney,numberJourney,bonusVictory,valueTimePlayed,pointsTimePlayed,valuePoints,pointsPoints,valueT2,pointsT2,valueT3,pointsT3,valueTL,pointsTL,valueRebounds,pointsRebounds,valueAssists,pointsAssists,valueSteals,pointsSteals,valueTurnover,pointsTurnover,valueBlocks,pointsBlocks,valueBlocksAgainst,pointsBlocksAgainst,valueFoul,pointsFoul,valueFoulReceived,pointsFoulReceived,photo,number
1,A. Barcello,Barcello,EXT,1,Monbus Obradoiro,471500.0,410000.0,400775.0,1,10.0,1,12.0,1256,0,6,6,2/2,0,0/1,-1,2/2,0,0,0,4,4,0,0,0,0,0,0,0,0,0,0,1,1,0000929213_5-6_03.jpg,28
1,A. Barcello,Barcello,EXT,1,Monbus Obradoiro,400775.0,410000.0,400775.0,2,4.0,2,0.0,961,0,13,13,5/8,-3,1/3,-2,0/0,0,1,1,0,0,0,0,3,-3,0,0,0,0,3,-3,1,1,0000929213_5-6_03.jpg,28
2,E. Abogidi,Abogidi,COT,1,Monbus Obradoiro,420000.0,370000.0,357000.0,1,7.0,1,8.4,1146,0,5,5,1/1,0,1/3,-2,0/0,0,6,6,1,1,0,0,1,-1,0,0,0,0,2,-2,0,0,0000938320_5-6_03.jpg,1
2,E. Abogidi,Abogidi,COT,1,Monbus Obradoiro,357000.0,370000.0,357000.0,2,3.0,2,0.0,602,0,0,0,0/0,0,0/0,0,0/0,0,2,2,0,0,1,1,0,0,0,0,0,0,0,0,0,0,0000938320_5-6_03.jpg,1
3,D. Brito,Brito,EUR,1,Monbus Obradoiro,187000.0,220000.0,158950.0,1,1.0,1,1.2,760,0,0,0,0/1,-1,0/1,-1,0/0,0,1,1,2,2,1,1,0,0,1,1,0,0,2,-2,0,0,0000940441_5-6_03.jpg,24
3,D. Brito,Brito,EUR,1,Monbus Obradoiro,158950.0,220000.0,158950.0,2,2.0,2,0.0,1085,0,4,4,1/6,-5,0/2,-2,2/2,0,4,4,1,1,1,1,1,-1,0,0,0,0,2,-2,2,2,0000940441_5-6_03.jpg,24
4,B. Childress,Childress,EXT,1,Monbus Obradoiro,736000.0,640000.0,846400.0,1,20.0,1,24.0,1340,0,18,18,3/5,-2,2/4,-2,6/7,-1,1,1,4,4,1,1,2,-2,0,0,0,0,2,-2,5,5,0000929280_5-6_03.jpg,0
4,B. Childress,Childress,EXT,1,Monbus Obradoiro,846400.0,640000.0,846400.0,2,13.0,2,0.0,1630,0,23,23,6/9,-3,3/9,-6,2/3,-1,2,2,3,3,2,2,5,-5,0,0,0,0,4,-4,2,2,0000929280_5-6_03.jpg,0
5,A. Faure,Faure,JFL,1,Monbus Obradoiro,0.0,250000.0,250000.0,1,0.0,1,0.0,0,0,0,0,0/0,0,0/0,0,0/0,0,0,0,0,0,0,0,0,0,0,0,0,0,0,0,0,0,0000929242_5-6_03.jpg,44
5,A. Faure,Faure,JFL,1,Monbus Obradoiro,0.0,250000.0,250000.0,2,0.0,2,0.0,0,0,0,0,0/0,0,0/0,0,0/0,0,0,0,0,0,0,0,0,0,0,0,0,0,0,0,0,0,0000929242_5-6_03.jpg,44
6,F. Dos Anjos,Dos Anjos,JFL,1,Monbus Obradoiro,517500.0,450000.0,595125.0,1,18.0,1,21.6,777,0,12,12,6/7,-1,0/0,0,0/2,-2,9,9,0,0,0,0,2,-2,0,0,0,0,1,-1,3,3,0000929365_5-6_03.jpg,7
6,F. Dos Anjos,Dos Anjos,JFL,1,Monbus Obradoiro,595125.0,450000.0,595125.0,2,10.0,2,0.0,1309,0,9,9,4/8,-4,0/0,0,1/4,-3,5,5,2,2,0,0,0,0,2,2,1,-1,2,-2,2,2,0000929365_5-6_03.jpg,7
7,J. Soriano,Soriano,COT,1,Monbus Obradoiro,402500.0,350000.0,462875.0,1,18.0,1,21.6,1623,0,15,15,5/8,-3,0/0,0,5/6,-1,6,6,1,1,1,1,2,-2,0,0,0,0,3,-3,4,4,0000929391_5-6_03.jpg,12
7,J. Soriano,Soriano,COT,1,Monbus Obradoiro,462875.0,350000.0,462875.0,2,19.0,2,0.0,1391,0,13,13,3/5,-2,0/0,0,7/9,-2,6,6,1,1,1,1,2,-2,0,0,0,0,1,-1,5,5,0000929391_5-6_03.jpg,12
8,A. Galán,Galán,JFL,1,Monbus Obradoiro,161500.0,190000.0,137275.0,1,-2.0,1,0.0,728,0,2,2,0/1,-1,0/4,-4,2/2,0,2,2,0,0,1,1,0,0,0,0,1,-1,2,-2,1,1,0000929197_5-6_03.jpg,57
8,A. Galán,Galán,JFL,1,Monbus Obradoiro,137275.0,190000.0,137275.0,2,2.0,2,0.0,1408,0,2,2,1/1,0,0/1,-1,0/0,0,4,4,1,1,1,1,0,0,0,0,0,0,5,-5,0,0,0000929197_5-6_03.jpg,57
9,Y. Barrueta,Barrueta,EUR,1,Monbus Obradoiro,379500.0,330000.0,436425.0,1,13.0,1,15.6,1444,0,11,11,1/1,0,3/6,-3,0/0,0,3,3,3,3,0,0,0,0,0,0,0,0,2,-2,1,1,0000929576_5-6_03.jpg,23
9,Y. Barrueta,Barrueta,EUR,1,Monbus Obradoiro,436425.0,330000.0,436425.0,2,11.0,2,0.0,1412,0,13,13,1/1,0,2/6,-4,5/6,-1,1,1,2,2,2,2,0,0,0,0,0,0,5,-5,3,3,0000929576_5-6_03.jpg,23
10,L. Meindl,Meindl,EUR,1,Monbus Obradoiro,391000.0,460000.0,405000.0,1,6.0,1,7.2,1423,0,12,12,2/6,-4,2/5,-3,2/4,-2,4,4,0,0,0,0,3,-3,0,0,1,-1,3,-3,6,6,0000929420_5-6_03.jpg,8
10,L. Meindl,Meindl,EUR,1,Monbus Obradoiro,405000.0,460000.0,405000.0,2,9.0,2,0.0,1549,0,9,9,1/4,-3,2/3,-1,1/3,-2,7,7,2,2,0,0,0,0,0,0,1,-1,3,-3,1,1,0000929420_5-6_03.jpg,8
11,C. Agada,Agada,COT,1,Monbus Obradoiro,276000.0,240000.0,317400.0,1,12.0,1,14.4,931,0,7,7,2/4,-2,1/3,-2,0/0,0,5,5,7,7,0,0,1,-1,0,0,0,0,3,-3,1,1,0000929300_5-6_03.jpg,3
11,C. Agada,Agada,COT,1,Monbus Obradoiro,317400.0,240000.0,317400.0,2,16.0,2,0.0,1209,0,16,16,4/7,-3,2/5,-3,2/2,0,3,3,5,5,3,3,2,-2,0,0,0,0,5,-5,2,2,0000929300_5-6_03.jpg,3
12,S. Quintela,Quintela,JFL,1,Monbus Obradoiro,195500.0,230000.0,166175.0,1,-3.0,1,0.0,572,0,2,2,1/4,-3,0/0,0,0/0,0,1,1,1,1,1,1,1,-1,0,0,0,0,4,-4,0,0,0000929553_5-6_03.jpg,25
12,S. Quintela,Quintela,JFL,1,Monbus Obradoiro,166175.0,230000.0,166175.0,2,4.0,2,0.0,944,0,5,5,0/0,0,1/2,-1,2/2,0,1,1,1,1,0,0,2,-2,0,0,0,0,2,-2,2,2,0000929553_5-6_03.jpg,25
14,D. Skapintsev,Skapintsev,EUR,2,Leyma Coruña,448500.0,390000.0,515775.0,1,12.0,1,0.0,1050,0,8,8,1/4,-3,0/0,0,6/9,-3,7,7,0,0,1,1,0,0,0,0,0,0,3,-3,5,5,0000925869_5-6_03.jpg,44
14,D. Skapintsev,Skapintsev,EUR,2,Leyma Coruña,515775.0,390000.0,515775.0,2,16.0,2,19.2,1204,0,12,12,2/5,-3,1/1,0,5/5,0,4,4,0,0,2,2,0,0,0,0,0,0,2,-2,3,3,0000925869_5-6_03.jpg,44
15,C. Pacheco,Pacheco,EUR,2,Leyma Coruña,402500.0,350000.0,462875.0,1,17.0,1,0.0,1327,0,11,11,1/1,0,2/3,-1,3/3,0,1,1,5,5,1,1,1,-1,0,0,0,0,2,-2,3,3,0000925808_5-6_03.jpg,9
15,C. Pacheco,Pacheco,EUR,2,Leyma Coruña,462875.0,350000.0,462875.0,2,13.0,2,15.6,1692,0,13,13,2/3,-1,2/6,-4,3/3,0,2,2,1,1,2,2,2,-2,0,0,1,-1,2,-2,5,5,0000925808_5-6_03.jpg,9
16,P. Jorgensen,Jorgensen,EUR,2,Leyma Coruña,368000.0,320000.0,320000.0,1,8.0,1,0.0,1110,0,13,13,2/4,-2,3/5,-2,0/0,0,0,0,0,0,0,0,2,-2,0,0,0,0,0,0,1,1,0000925999_5-6_03.jpg,4
16,P. Jorgensen,Jorgensen,EUR,2,Leyma Coruña,320000.0,320000.0,320000.0,2,4.0,2,4.8,1138,0,9,9,1/5,-4,2/3,-1,1/2,-1,2,2,0,0,0,0,1,-1,1,1,1,-1,1,-1,1,1,0000925999_5-6_03.jpg,4
17,L. Uleckas,Uleckas,EUR,2,Leyma Coruña,306000.0,360000.0,351900.0,1,4.0,1,0.0,1374,0,6,6,0/0,0,2/3,-1,0/0,0,1,1,1,1,1,1,1,-1,0,0,0,0,3,-3,0,0,0000925968_5-6_03.jpg,10
17,L. Uleckas,Uleckas,EUR,2,Leyma Coruña,351900.0,360000.0,351900.0,2,15.0,2,18.0,1754,0,14,14,3/3,0,1/5,-4,5/8,-3,7,7,0,0,0,0,1,-1,0,0,0,0,4,-4,6,6,0000925968_5-6_03.jpg,10
18,A. Verge,Verge,EXT,2,Leyma Coruña,667000.0,580000.0,767050.0,1,18.0,1,0.0,1375,0,16,16,6/10,-4,0/1,-1,4/5,-1,2,2,9,9,0,0,4,-4,0,0,1,-1,4,-4,6,6,0000925785_5-6_03.jpg,1
18,A. Verge,Verge,EXT,2,Leyma Coruña,767050.0,580000.0,767050.0,2,16.0,2,19.2,1819,0,29,29,10/22,-12,2/4,-2,3/4,-1,4,4,6,6,1,1,5,-5,0,0,3,-3,5,-5,4,4,0000925785_5-6_03.jpg,1
19,D. Cuevas,Cuevas,JFL,2,Leyma Coruña,230000.0,200000.0,264500.0,1,14.0,1,0.0,988,0,10,10,3/4,-1,0/4,-4,4/5,-1,3,3,4,4,1,1,1,-1,0,0,0,0,1,-1,4,4,0000925837_5-6_03.jpg,0
19,D. Cuevas,Cuevas,JFL,2,Leyma Coruña,264500.0,200000.0,264500.0,2,7.0,2,8.4,767,0,4,4,0/2,-2,1/2,-1,1/2,-1,2,2,6,6,0,0,2,-2,0,0,0,0,0,0,1,1,0000925837_5-6_03.jpg,0
20,K. Silins,Silins,EUR,2,Leyma Coruña,280500.0,330000.0,238425.0,1,-2.0,1,0.0,1070,0,3,3,1/1,0,0/3,-3,1/1,0,0,0,0,0,0,0,0,0,0,0,0,0,3,-3,1,1,0000925954_5-6_03.jpg,25
20,K. Silins,Silins,EUR,2,Leyma Coruña,238425.0,330000.0,238425.0,2,6.0,2,7.2,1109,0,5,5,2/4,-2,0/2,-2,1/1,0,5,5,2,2,0,0,1,-1,0,0,0,0,3,-3,2,2,0000925954_5-6_03.jpg,25
21,G. Conditt,Conditt,EXT,2,Leyma Coruña,621000.0,540000.0,590000.0,1,20.0,1,0.0,1350,0,17,17,7/9,-2,0/0,0,3/3,0,8,8,0,0,1,1,4,-4,2,2,1,-1,2,-2,1,1,0000925902_5-6_03.jpg,24
21,G. Conditt,Conditt,EXT,2,Leyma Coruña,590000.0,540000.0,590000.0,2,3.0,2,3.6,1171,0,6,6,3/5,-2,0/0,0,0/0,0,2,2,1,1,0,0,1,-1,1,1,0,0,5,-5,1,1,0000925902_5-6_03.jpg,24
22,D. Radoncic,Radoncic,JFL,2,Leyma Coruña,306000.0,360000.0,260100.0,1,4.0,1,0.0,1266,0,4,4,2/4,-2,0/2,-2,0/0,0,2,2,4,4,1,1,1,-1,0,0,0,0,2,-2,0,0,0000925851_5-6_03.jpg,8
22,D. Radoncic,Radoncic,JFL,2,Leyma Coruña,260100.0,360000.0,260100.0,2,4.0,2,4.8,1279,0,6,6,3/5,-2,0/2,-2,0/0,0,3,3,3,3,2,2,2,-2,0,0,1,-1,3,-3,0,0,0000925851_5-6_03.jpg,8
23,J. Diaz,Diaz,JFL,2,Leyma Coruña,178500.0,210000.0,205275.0,1,3.0,1,0.0,241,0,3,3,0/0,0,1/2,-1,0/0,0,1,1,0,0,0,0,0,0,0,0,0,0,0,0,0,0,0000925939_5-6_03.jpg,50
23,J. Diaz,Diaz,JFL,2,Leyma Coruña,205275.0,210000.0,205275.0,2,10.0,2,12.0,977,0,4,4,0/1,-1,1/1,0,1/2,-1,5,5,1,1,2,2,0,0,0,0,0,0,1,-1,1,1,0000925939_5-6_03.jpg,50
24,G. Jou,Jou,JFL,2,Leyma Coruña,218500.0,190000.0,251275.0,1,9.0,1,0.0,849,0,10,10,0/0,0,3/3,0,1/2,-1,1,1,0,0,0,0,1,-1,0,0,0,0,1,-1,1,1,0000925920_5-6_03.jpg,5
24,G. Jou,Jou,JFL,2,Leyma Coruña,251275.0,190000.0,251275.0,2,3.0,2,3.6,590,0,2,2,1/2,-1,0/0,0,0/0,0,2,2,0,0,0,0,0,0,0,0,0,0,0,0,0,0,0000925920_5-6_03.jpg,5
25,T. Dimsa,Dimsa,EUR,2,Leyma Coruña,0.0,410000.0,410000.0,1,0.0,1,0.0,0,0,0,0,0/0,0,0/0,0,0/0,0,0,0,0,0,0,0,0,0,0,0,0,0,0,0,0,0,0000926021_5-6_03.jpg,33
25,T. Dimsa,Dimsa,EUR,2,Leyma Coruña,0.0,410000.0,410000.0,2,0.0,2,0.0,0,0,0,0,0/0,0,0/0,0,0/0,0,0,0,0,0,0,0,0,0,0,0,0,0,0,0,0,0,0000926021_5-6_03.jpg,33
26,TJ Bamba,Bamba,COT,3,La Laguna Tenerife,280500.0,330000.0,280500.0,1,1.0,1,0.0,749,0,4,4,0/0,0,1/3,-2,1/2,-1,1,1,0,0,0,0,1,-1,1,1,0,0,2,-2,1,1,defaultFace.jpg,1
27,V. Hunter,Hunter,EXT,3,La Laguna Tenerife,414000.0,360000.0,414000.0,2,9.0,2,10.8,1145,0,5,5,2/4,-2,0/0,0,1/4,-3,3,3,2,2,2,2,1,-1,2,2,0,0,3,-3,4,4,0000931829_5-6_03.jpg,32
28,K. Guy,Guy,EXT,3,La Laguna Tenerife,632500.0,550000.0,727375.0,1,13.0,1,0.0,1468,0,11,11,1/4,-3,3/6,-3,0/0,0,2,2,3,3,1,1,0,0,0,0,0,0,1,-1,3,3,0000931639_5-6_03.jpg,2
28,K. Guy,Guy,EXT,3,La Laguna Tenerife,727375.0,550000.0,727375.0,2,14.0,2,16.8,1536,0,18,18,6/9,-3,2/5,-3,0/0,0,4,4,1,1,0,0,3,-3,0,0,0,0,1,-1,1,1,0000931639_5-6_03.jpg,2
29,López-Arostegui,López-A.,JFL,3,La Laguna Tenerife,425500.0,370000.0,489325.0,1,16.0,1,0.0,1527,0,10,10,2/5,-3,1/2,-1,3/4,-1,5,5,0,0,2,2,0,0,0,0,0,0,1,-1,5,5,0000931886_5-6_03.jpg,7
29,López-Arostegui,López-A.,JFL,3,La Laguna Tenerife,489325.0,370000.0,489325.0,2,6.0,2,7.2,1172,0,6,6,0/1,-1,2/5,-3,0/0,0,3,3,1,1,1,1,0,0,0,0,0,0,1,-1,0,0,0000931886_5-6_03.jpg,7
30,E. Happ,Happ,EUR,3,La Laguna Tenerife,650000.0,580000.0,552500.0,1,13.0,1,0.0,1273,0,13,13,5/10,-5,0/0,0,3/4,-1,5,5,2,2,2,2,0,0,0,0,3,-3,3,-3,3,3,0000931515_5-6_03.jpg,22
30,E. Happ,Happ,EUR,3,La Laguna Tenerife,552500.0,580000.0,552500.0,2,5.0,2,6.0,901,0,8,8,4/8,-4,0/0,0,0/0,0,1,1,1,1,0,0,0,0,0,0,0,0,1,-1,0,0,0000931515_5-6_03.jpg,22
31,A. Kurucs,Kurucs,JFL,3,La Laguna Tenerife,153000.0,180000.0,130050.0,1,0.0,1,0.0,44,0,0,0,0/0,0,0/0,0,0/0,0,0,0,0,0,0,0,0,0,0,0,0,0,0,0,0,0,0000931453_5-6_03.jpg,47
31,A. Kurucs,Kurucs,JFL,3,La Laguna Tenerife,130050.0,180000.0,130050.0,2,-1.0,2,0.0,673,0,3,3,0/0,0,1/3,-2,0/0,0,0,0,0,0,0,0,0,0,0,0,0,0,2,-2,0,0,0000931453_5-6_03.jpg,47
32,G. Shermadini,Shermadini,EUR,3,La Laguna Tenerife,697000.0,820000.0,592450.0,1,4.0,1,0.0,1114,0,5,5,2/5,-3,0/0,0,1/1,0,4,4,0,0,0,0,1,-1,0,0,0,0,2,-2,1,1,0000931541_5-6_03.jpg,19
32,G. Shermadini,Shermadini,EUR,3,La Laguna Tenerife,592450.0,820000.0,592450.0,2,1.0,2,1.2,351,0,0,0,0/0,0,0/0,0,0/0,0,0,0,1,1,0,0,0,0,0,0,0,0,0,0,0,0,0000931541_5-6_03.jpg,19
33,T. Abromaitis,Abromaitis,EUR,3,La Laguna Tenerife,345000.0,300000.0,396750.0,1,13.0,1,0.0,1266,0,7,7,2/3,-1,1/4,-3,0/0,0,10,10,0,0,1,1,0,0,0,0,0,0,2,-2,1,1,0000931763_5-6_03.jpg,21
33,T. Abromaitis,Abromaitis,EUR,3,La Laguna Tenerife,396750.0,300000.0,396750.0,2,8.0,2,9.6,1139,0,7,7,1/5,-4,1/3,-2,2/2,0,6,6,0,0,2,2,0,0,0,0,1,-1,3,-3,3,3,0000931763_5-6_03.jpg,21
34,A. Doornekamp,Doornekamp,EUR,3,La Laguna Tenerife,221000.0,260000.0,187850.0,1,2.0,1,0.0,1147,0,0,0,0/0,0,0/2,-2,0/0,0,1,1,3,3,2,2,0,0,0,0,0,0,2,-2,0,0,0000931422_5-6_03.jpg,42
34,A. Doornekamp,Doornekamp,EUR,3,La Laguna Tenerife,187850.0,260000.0,187850.0,2,1.0,2,1.2,803,0,3,3,0/1,-1,1/2,-1,0/0,0,3,3,0,0,1,1,0,0,0,0,0,0,4,-4,0,0,0000931422_5-6_03.jpg,42
35,H. Alderete,Alderete,JFL,3,La Laguna Tenerife,0.0,120000.0,102000.0,1,0.0,1,0.0,0,0,0,0,0/0,0,0/0,0,0/0,0,0,0,0,0,0,0,0,0,0,0,0,0,0,0,0,0,0000931573_5-6_03.jpg,33
35,H. Alderete,Alderete,JFL,3,La Laguna Tenerife,102000.0,120000.0,102000.0,2,-1.0,2,0.0,973,0,0,0,0/0,0,0/1,-1,0/0,0,1,1,1,1,0,0,0,0,0,0,0,0,2,-2,0,0,0000931573_5-6_03.jpg,33
36,J. Fernández,Fernández,JFL,3,La Laguna Tenerife,350000.0,380000.0,402500.0,1,7.0,1,0.0,1027,0,10,10,0/3,-3,2/3,-1,4/4,0,2,2,2,2,0,0,2,-2,0,0,1,-1,2,-2,2,2,0000931599_5-6_03.jpg,3
36,J. Fernández,Fernández,JFL,3,La Laguna Tenerife,402500.0,380000.0,402500.0,2,14.0,2,16.8,1058,0,13,13,1/4,-3,3/4,-1,2/2,0,2,2,2,2,1,1,3,-3,0,0,0,0,1,-1,4,4,0000931599_5-6_03.jpg,3
37,M. Huertas,Huertas,EUR,3,La Laguna Tenerife,600000.0,680000.0,690000.0,1,12.0,1,0.0,1101,0,12,12,4/11,-7,0/2,-2,4/4,0,2,2,3,3,1,1,1,-1,0,0,0,0,0,0,4,4,0000931673_5-6_03.jpg,9
37,M. Huertas,Huertas,EUR,3,La Laguna Tenerife,690000.0,680000.0,690000.0,2,21.0,2,25.2,1425,0,17,17,4/6,-2,3/3,0,0/0,0,1,1,7,7,0,0,2,-2,0,0,0,0,2,-2,2,2,0000931673_5-6_03.jpg,9
38,B. Fitipaldo,Fitipaldo,EUR,3,La Laguna Tenerife,333500.0,290000.0,283475.0,1,7.0,1,0.0,1284,0,8,8,0/0,0,2/7,-5,2/2,0,0,0,2,2,1,1,0,0,0,0,0,0,2,-2,3,3,0000931480_5-6_03.jpg,6
38,B. Fitipaldo,Fitipaldo,EUR,3,La Laguna Tenerife,283475.0,290000.0,283475.0,2,-1.0,2,0.0,824,0,0,0,0/1,-1,0/0,0,0/0,0,1,1,1,1,0,0,0,0,0,0,0,0,3,-3,1,1,0000931480_5-6_03.jpg,6
39,S. Lukosius,Lukosius,EUR,4,Unicaja,368000.0,320000.0,312800.0,1,10.0,1,0.0,795,0,9,9,3/4,-1,1/1,0,0/0,0,1,1,0,0,0,0,0,0,0,0,0,0,0,0,1,1,0000933600_5-6_03.jpg,13
39,S. Lukosius,Lukosius,EUR,4,Unicaja,312800.0,320000.0,312800.0,2,-3.0,2,0.0,828,0,0,0,0/1,-1,0/1,-1,0/0,0,0,0,1,1,0,0,0,0,0,0,0,0,2,-2,0,0,0000933600_5-6_03.jpg,13
40,I. Brazdeikis,Brazdeikis,EUR,4,Unicaja,450000.0,400000.0,425000.0,1,9.0,1,0.0,1829,0,14,14,4/9,-5,2/5,-3,0/0,0,4,4,2,2,2,2,0,0,0,0,1,-1,5,-5,1,1,0000933417_5-6_03.jpg,8
40,I. Brazdeikis,Brazdeikis,EUR,4,Unicaja,425000.0,400000.0,425000.0,2,8.0,2,0.0,1122,0,4,4,2/4,-2,0/1,-1,0/0,0,2,2,2,2,1,1,0,0,0,0,0,0,0,0,2,2,0000933417_5-6_03.jpg,8
42,W. Hernangómez,Hernangómez,JFL,4,Unicaja,678500.0,590000.0,780275.0,1,23.0,1,0.0,1361,0,20,20,7/10,-3,0/0,0,6/10,-4,6,6,0,0,1,1,2,-2,4,4,2,-2,3,-3,6,6,0000933708_5-6_03.jpg,41
42,W. Hernangómez,Hernangómez,JFL,4,Unicaja,780275.0,590000.0,780275.0,2,9.0,2,0.0,915,0,6,6,2/5,-3,0/0,0,2/2,0,7,7,0,0,0,0,3,-3,0,0,1,-1,2,-2,5,5,0000933708_5-6_03.jpg,41
43,D. Kravish,Kravish,EUR,4,Unicaja,195500.0,230000.0,224825.0,1,1.0,1,0.0,962,0,3,3,1/2,-1,0/1,-1,1/2,-1,2,2,2,2,0,0,1,-1,0,0,0,0,4,-4,2,2,0000933374_5-6_03.jpg,45
43,D. Kravish,Kravish,EUR,4,Unicaja,224825.0,230000.0,224825.0,2,9.0,2,0.0,1482,0,9,9,3/7,-4,1/1,0,0/0,0,7,7,0,0,0,0,3,-3,0,0,0,0,1,-1,1,1,0000933374_5-6_03.jpg,45
45,A. Noua,Noua,EUR,4,Unicaja,483000.0,420000.0,555450.0,1,23.0,1,0.0,1606,0,18,18,6/6,0,2/5,-3,0/0,0,8,8,1,1,1,1,2,-2,1,1,0,0,2,-2,1,1,0000933298_5-6_03.jpg,17
45,A. Noua,Noua,EUR,4,Unicaja,555450.0,420000.0,555450.0,2,16.0,2,0.0,1346,0,13,13,3/3,0,2/4,-2,1/1,0,6,6,1,1,1,1,3,-3,1,1,0,0,2,-2,1,1,0000933298_5-6_03.jpg,17
46,J. Barreiro,Barreiro,JFL,4,Unicaja,144500.0,170000.0,166175.0,1,1.0,1,0.0,648,0,0,0,0/0,0,0/1,-1,0/0,0,0,0,2,2,0,0,0,0,0,0,0,0,0,0,0,0,0000933456_5-6_03.jpg,7
46,J. Barreiro,Barreiro,JFL,4,Unicaja,166175.0,170000.0,166175.0,2,8.0,2,0.0,820,0,5,5,2/2,0,0/0,0,1/2,-1,4,4,0,0,0,0,0,0,0,0,0,0,2,-2,2,2,0000933456_5-6_03.jpg,7
47,T. Kalinoski,Kalinoski,EUR,4,Unicaja,0.0,200000.0,200000.0,2,0.0,2,0.0,0,0,0,0,0/0,0,0/0,0,0/0,0,0,0,0,0,0,0,0,0,0,0,0,0,0,0,0,0,0000933640_5-6_03.jpg,4
48,N. Djedovic,Djedovic,JFL,4,Unicaja,204000.0,240000.0,173400.0,1,0.0,1,0.0,28,0,0,0,0/0,0,0/0,0,0/0,0,0,0,0,0,0,0,0,0,0,0,0,0,0,0,0,0,0000933565_5-6_03.jpg,14
48,N. Djedovic,Djedovic,JFL,4,Unicaja,173400.0,240000.0,173400.0,2,-2.0,2,0.0,491,0,0,0,0/0,0,0/2,-2,0/0,0,0,0,1,1,0,0,1,-1,0,0,0,0,0,0,0,0,0000933565_5-6_03.jpg,14
49,C. Hunt,Hunt,EXT,4,Unicaja,425000.0,500000.0,425000.0,1,3.0,1,0.0,1154,0,7,7,0/2,-2,1/2,-1,4/4,0,1,1,0,0,0,0,0,0,0,0,0,0,4,-4,2,2,0000933341_5-6_03.jpg,24
49,C. Hunt,Hunt,EXT,4,Unicaja,425000.0,500000.0,425000.0,2,14.0,2,0.0,2038,0,13,13,1/5,-4,2/5,-3,5/6,-1,6,6,3,3,0,0,0,0,0,0,1,-1,3,-3,4,4,0000933341_5-6_03.jpg,24
50,M. Pantzar,Pantzar,JFL,4,Unicaja,540500.0,470000.0,459425.0,1,11.0,1,0.0,1315,0,7,7,2/7,-5,0/3,-3,3/4,-1,6,6,3,3,0,0,0,0,0,0,1,-1,1,-1,6,6,0000933528_5-6_03.jpg,19
50,M. Pantzar,Pantzar,JFL,4,Unicaja,459425.0,470000.0,459425.0,2,5.0,2,0.0,932,0,2,2,0/1,-1,0/2,-2,2/2,0,2,2,1,1,1,1,1,-1,0,0,0,0,1,-1,4,4,0000933528_5-6_03.jpg,19
51,K. Perry,Perry,EUR,4,Unicaja,518500.0,610000.0,596275.0,1,7.0,1,0.0,1559,0,9,9,2/5,-3,0/5,-5,5/6,-1,2,2,5,5,1,1,1,-1,0,0,0,0,4,-4,4,4,0000933486_5-6_03.jpg,55
51,K. Perry,Perry,EUR,4,Unicaja,596275.0,610000.0,596275.0,2,23.0,2,0.0,1618,0,23,23,7/7,0,2/6,-4,3/5,-2,2,2,4,4,0,0,3,-3,0,0,0,0,1,-1,4,4,0000933486_5-6_03.jpg,55
52,A. Díaz,Díaz,JFL,4,Unicaja,297500.0,350000.0,297500.0,1,1.0,1,0.0,743,0,0,0,0/1,-1,0/0,0,0/0,0,0,0,2,2,0,0,0,0,0,0,0,0,1,-1,1,1,0000933267_5-6_03.jpg,9
53,D. Jones,Jones,EXT,5,Real Madrid,391000.0,340000.0,391000.0,1,11.0,1,13.2,948,0,8,8,3/3,0,0/0,0,2/4,-2,2,2,1,1,0,0,1,-1,1,1,0,0,2,-2,4,4,0000935338_5-6_03.jpg,30
54,O. Sarr,Sarr,EUR,5,Real Madrid,306000.0,360000.0,260100.0,1,-2.0,1,0.0,226,0,0,0,0/1,-1,0/0,0,0/0,0,1,1,0,0,0,0,0,0,0,0,0,0,3,-3,1,1,0000935575_5-6_03.jpg,33
54,O. Sarr,Sarr,EUR,5,Real Madrid,260100.0,360000.0,260100.0,2,-3.0,2,0.0,486,0,0,0,0/1,-1,0/0,0,0/0,0,0,0,0,0,0,0,1,-1,1,1,1,-1,1,-1,0,0,0000935575_5-6_03.jpg,33
55,M. Jantunen,Jantunen,EUR,5,Real Madrid,333500.0,290000.0,333500.0,2,15.0,2,18.0,1158,0,13,13,5/6,-1,1/1,0,0/0,0,7,7,0,0,0,0,1,-1,0,0,0,0,3,-3,0,0,0000935535_5-6_03.jpg,20
56,M. Shulga,Shulga,JFL,5,Real Madrid,240000.0,250000.0,204000.0,1,4.0,1,4.8,842,0,4,4,2/2,0,0/2,-2,0/0,0,2,2,3,3,1,1,2,-2,0,0,0,0,2,-2,0,0,0000935506_5-6_03.jpg,2
56,M. Shulga,Shulga,JFL,5,Real Madrid,204000.0,250000.0,204000.0,2,1.0,2,1.2,260,0,3,3,0/1,-1,0/0,0,3/6,-3,1,1,0,0,0,0,2,-2,0,0,0,0,0,0,3,3,0000935506_5-6_03.jpg,2
57,W. Tavares,Tavares,JFL,5,Real Madrid,637500.0,750000.0,600000.0,1,9.0,1,10.8,1192,0,4,4,2/5,-3,0/0,0,0/0,0,11,11,0,0,0,0,1,-1,2,2,1,-1,4,-4,1,1,0000935730_5-6_03.jpg,22
57,W. Tavares,Tavares,JFL,5,Real Madrid,600000.0,750000.0,600000.0,2,11.0,2,13.2,1381,0,8,8,3/5,-2,0/0,0,2/6,-4,8,8,0,0,1,1,1,-1,1,1,0,0,4,-4,4,4,0000935730_5-6_03.jpg,22
58,J. Pradilla,Pradilla,JFL,5,Real Madrid,518500.0,610000.0,596275.0,1,4.0,1,4.8,1222,0,7,7,3/4,-1,0/4,-4,1/2,-1,3,3,1,1,0,0,1,-1,0,0,1,-1,2,-2,3,3,0000935470_5-6_03.jpg,4
58,J. Pradilla,Pradilla,JFL,5,Real Madrid,596275.0,610000.0,596275.0,2,18.0,2,21.6,1213,0,8,8,0/1,-1,1/1,0,5/6,-1,7,7,1,1,1,1,0,0,0,0,0,0,1,-1,4,4,0000935470_5-6_03.jpg,4
59,E. Ndiaye,Ndiaye,JFL,8,Asisa Joventut,368000.0,320000.0,368000.0,1,12.0,1,0.0,1312,0,10,10,4/5,-1,0/2,-2,2/2,0,5,5,1,1,1,1,1,-1,2,2,0,0,4,-4,1,1,0000929910_5-6_03.jpg,4
60,C. Okeke,Okeke,EXT,5,Real Madrid,263500.0,310000.0,303025.0,1,4.0,1,4.8,771,0,2,2,1/2,-1,0/1,-1,0/0,0,1,1,1,1,0,0,0,0,2,2,0,0,0,0,0,0,0000935315_5-6_03.jpg,8
60,C. Okeke,Okeke,EXT,5,Real Madrid,303025.0,310000.0,303025.0,2,13.0,2,15.6,1162,0,8,8,1/2,-1,2/6,-4,0/0,0,5,5,4,4,2,2,1,-1,1,1,0,0,1,-1,0,0,0000935315_5-6_03.jpg,8
61,Luwawu-Cabarrot,Luwawu,EUR,5,Real Madrid,720000.0,700000.0,828000.0,1,12.0,1,14.4,1436,0,14,14,4/7,-3,2/6,-4,0/0,0,5,5,1,1,1,1,2,-2,0,0,1,-1,0,0,1,1,0000935666_5-6_03.jpg,3
61,Luwawu-Cabarrot,Luwawu,EUR,5,Real Madrid,828000.0,700000.0,828000.0,2,20.0,2,24.0,1876,0,25,25,4/7,-3,5/10,-5,2/2,0,4,4,1,1,2,2,3,-3,0,0,0,0,3,-3,2,2,0000935666_5-6_03.jpg,3
62,G. Procida,Procida,EUR,5,Real Madrid,241500.0,210000.0,241500.0,2,5.0,2,6.0,814,0,6,6,2/2,0,0/3,-3,2/4,-2,0,0,1,1,2,2,1,-1,0,0,0,0,1,-1,3,3,0000935439_5-6_03.jpg,9
63,A. Abalde,Abalde,JFL,5,Real Madrid,299000.0,260000.0,299000.0,1,8.0,1,9.6,916,0,9,9,2/2,0,1/3,-2,2/2,0,1,1,0,0,1,1,1,-1,0,0,0,0,1,-1,1,1,0000935266_5-6_03.jpg,6
64,S. Llull,Llull,JFL,5,Real Madrid,255000.0,300000.0,216750.0,1,0.0,1,0.0,324,0,0,0,0/0,0,0/0,0,0/0,0,0,0,1,1,0,0,0,0,0,0,0,0,1,-1,0,0,0000935610_5-6_03.jpg,23
64,S. Llull,Llull,JFL,5,Real Madrid,216750.0,300000.0,216750.0,2,4.0,2,4.8,747,0,2,2,0/0,0,0/2,-2,2/2,0,1,1,4,4,1,1,1,-1,0,0,0,0,2,-2,1,1,0000935610_5-6_03.jpg,23
65,T. Maledon,Maledon,EUR,5,Real Madrid,678500.0,590000.0,780275.0,1,23.0,1,27.6,1440,0,17,17,4/9,-5,1/2,-1,6/6,0,2,2,7,7,0,0,1,-1,0,0,1,-1,3,-3,8,8,0000935632_5-6_03.jpg,12
65,T. Maledon,Maledon,EUR,5,Real Madrid,780275.0,590000.0,780275.0,2,38.0,2,45.6,1675,0,25,25,2/5,-3,2/2,0,15/16,-1,3,3,7,7,1,1,2,-2,0,0,0,0,1,-1,9,9,0000935632_5-6_03.jpg,12
66,A. Feliz,Feliz,EUR,5,Real Madrid,425500.0,370000.0,425500.0,2,14.0,2,16.8,1615,0,6,6,0/1,-1,1/2,-1,3/4,-1,5,5,5,5,0,0,1,-1,0,0,0,0,3,-3,5,5,0000935301_5-6_03.jpg,24
67,F. Campazzo,Campazzo,EUR,5,Real Madrid,529000.0,460000.0,529000.0,1,15.0,1,18.0,1248,0,15,15,2/5,-3,2/5,-3,5/6,-1,2,2,5,5,0,0,1,-1,0,0,0,0,3,-3,4,4,0000935384_5-6_03.jpg,7
68,N. Darling,Darling,EXT,6,Surne Bilbao,357000.0,420000.0,303450.0,1,1.0,1,1.2,1249,0,2,2,0/4,-4,0/4,-4,2/2,0,2,2,3,3,1,1,0,0,0,0,0,0,0,0,1,1,0000932198_5-6_03.jpg,8
68,N. Darling,Darling,EXT,6,Surne Bilbao,303450.0,420000.0,303450.0,2,9.0,2,0.0,1431,0,12,12,2/7,-5,2/4,-2,2/2,0,3,3,2,2,0,0,1,-1,1,1,0,0,2,-2,1,1,0000932198_5-6_03.jpg,8
69,B. Vautier,Vautier,EUR,6,Surne Bilbao,402500.0,350000.0,390000.0,1,13.0,1,15.6,893,0,12,12,5/7,-2,0/0,0,2/2,0,4,4,0,0,2,2,0,0,0,0,0,0,4,-4,1,1,0000931968_5-6_03.jpg,34
69,B. Vautier,Vautier,EUR,6,Surne Bilbao,390000.0,350000.0,390000.0,2,0.0,2,0.0,1242,0,3,3,1/4,-3,0/1,-1,1/2,-1,5,5,1,1,1,1,3,-3,1,1,0,0,4,-4,1,1,0000931968_5-6_03.jpg,34
70,D. Hilliard,Hilliard,EXT,6,Surne Bilbao,517500.0,450000.0,595125.0,1,25.0,1,30.0,1451,0,19,19,1/4,-3,4/8,-4,5/7,-2,5,5,7,7,1,1,1,-1,0,0,0,0,1,-1,4,4,0000932024_5-6_03.jpg,11
70,D. Hilliard,Hilliard,EXT,6,Surne Bilbao,595125.0,450000.0,595125.0,2,15.0,2,0.0,1846,0,17,17,3/5,-2,3/9,-6,2/2,0,3,3,3,3,1,1,2,-2,1,1,1,-1,2,-2,3,3,0000932024_5-6_03.jpg,11
71,A. Somogyi,Somogyi,JFL,6,Surne Bilbao,322000.0,280000.0,280000.0,1,6.0,1,7.2,996,0,7,7,2/6,-4,1/2,-1,0/0,0,1,1,5,5,1,1,1,-1,1,1,0,0,3,-3,0,0,0000931917_5-6_03.jpg,30
71,A. Somogyi,Somogyi,JFL,6,Surne Bilbao,280000.0,280000.0,280000.0,2,4.0,2,0.0,982,0,8,8,3/5,-2,0/1,-1,2/2,0,2,2,0,0,1,1,3,-3,0,0,0,0,2,-2,1,1,0000931917_5-6_03.jpg,30
72,D. Duscak,Duscak,JFL,6,Surne Bilbao,0.0,180000.0,180000.0,1,0.0,1,0.0,0,0,0,0,0/0,0,0/0,0,0/0,0,0,0,0,0,0,0,0,0,0,0,0,0,0,0,0,0,0000932003_5-6_03.jpg,7
72,D. Duscak,Duscak,JFL,6,Surne Bilbao,0.0,180000.0,180000.0,2,0.0,2,0.0,0,0,0,0,0/0,0,0/0,0,0/0,0,0,0,0,0,0,0,0,0,0,0,0,0,0,0,0,0,0000932003_5-6_03.jpg,7
73,M. Ansorregi,Ansorregi,JFL,6,Surne Bilbao,102000.0,120000.0,102000.0,1,-1.0,1,0.0,201,0,0,0,0/0,0,0/0,0,0/0,0,0,0,0,0,0,0,0,0,0,0,0,0,1,-1,0,0,0000932123_5-6_03.jpg,9
73,M. Ansorregi,Ansorregi,JFL,6,Surne Bilbao,0.0,120000.0,102000.0,2,0.0,2,0.0,0,0,0,0,0/0,0,0/0,0,0/0,0,0,0,0,0,0,0,0,0,0,0,0,0,0,0,0,0,0000932123_5-6_03.jpg,9
74,H. Frey,Frey,EUR,6,Surne Bilbao,460000.0,400000.0,529000.0,1,19.0,1,22.8,1404,0,14,14,2/3,-1,3/4,-1,1/2,-1,0,0,6,6,1,1,0,0,0,0,0,0,1,-1,2,2,0000932052_5-6_03.jpg,3
74,H. Frey,Frey,EUR,6,Surne Bilbao,529000.0,400000.0,529000.0,2,16.0,2,0.0,1689,0,13,13,1/2,-1,3/6,-3,2/2,0,1,1,5,5,1,1,3,-3,1,1,0,0,4,-4,6,6,0000932052_5-6_03.jpg,3
76,T. Hlinason,Hlinason,EUR,6,Surne Bilbao,747500.0,650000.0,859625.0,1,24.0,1,28.8,1433,0,12,12,4/5,-1,0/0,0,4/6,-2,8,8,2,2,1,1,1,-1,0,0,0,0,1,-1,6,6,0000932250_5-6_03.jpg,32
76,T. Hlinason,Hlinason,EUR,6,Surne Bilbao,859625.0,650000.0,859625.0,2,23.0,2,0.0,1324,0,10,10,3/5,-2,0/0,0,4/4,0,11,11,0,0,0,0,1,-1,2,2,0,0,1,-1,4,4,0000932250_5-6_03.jpg,32
77,M. Krampelj,Krampelj,EUR,6,Surne Bilbao,391000.0,340000.0,449650.0,1,11.0,1,13.2,1115,0,11,11,2/2,0,1/1,0,4/4,0,2,2,0,0,0,0,5,-5,1,1,0,0,2,-2,4,4,0000932172_5-6_03.jpg,10
77,M. Krampelj,Krampelj,EUR,6,Surne Bilbao,449650.0,340000.0,449650.0,2,8.0,2,0.0,933,0,9,9,2/3,-1,1/1,0,2/2,0,0,0,1,1,2,2,0,0,0,0,0,0,5,-5,2,2,0000932172_5-6_03.jpg,10
78,L. Petrasek,Petrasek,EUR,6,Surne Bilbao,287500.0,250000.0,330625.0,1,6.0,1,7.2,1158,0,8,8,2/2,0,0/3,-3,4/4,0,2,2,0,0,0,0,1,-1,0,0,0,0,2,-2,2,2,0000932105_5-6_03.jpg,18
78,L. Petrasek,Petrasek,EUR,6,Surne Bilbao,330625.0,250000.0,330625.0,2,13.0,2,0.0,1901,0,11,11,3/4,-1,1/8,-7,2/3,-1,8,8,2,2,1,1,1,-1,0,0,0,0,2,-2,3,3,0000932105_5-6_03.jpg,18
79,A. Font,Font,JFL,6,Surne Bilbao,184000.0,160000.0,195000.0,1,4.0,1,4.8,838,0,8,8,0/1,-1,2/2,0,2/2,0,1,1,0,0,0,0,0,0,0,0,0,0,5,-5,1,1,0000931946_5-6_03.jpg,22
79,A. Font,Font,JFL,6,Surne Bilbao,195000.0,160000.0,195000.0,2,3.0,2,0.0,391,0,2,2,1/1,0,0/0,0,0/0,0,2,2,0,0,0,0,1,-1,0,0,0,0,0,0,0,0,0000931946_5-6_03.jpg,22
80,M. Normantas,Normantas,EUR,6,Surne Bilbao,333500.0,290000.0,383525.0,1,15.0,1,18.0,1262,0,14,14,2/6,-4,2/3,-1,4/6,-2,4,4,2,2,0,0,2,-2,0,0,0,0,1,-1,5,5,0000932148_5-6_03.jpg,2
80,M. Normantas,Normantas,EUR,6,Surne Bilbao,383525.0,290000.0,383525.0,2,15.0,2,0.0,1761,0,16,16,3/5,-2,2/5,-3,4/5,-1,3,3,2,2,0,0,1,-1,0,0,1,-1,3,-3,5,5,0000932148_5-6_03.jpg,2
81,R. Blumbergs,Blumbergs,EUR,7,Casademont Zaragoza,437000.0,380000.0,502550.0,1,21.0,1,25.2,1512,0,16,16,3/4,-1,2/6,-4,4/4,0,10,10,1,1,0,0,3,-3,2,2,0,0,2,-2,2,2,0000929098_5-6_03.jpg,3
81,R. Blumbergs,Blumbergs,EUR,7,Casademont Zaragoza,502550.0,380000.0,502550.0,2,8.0,2,0.0,1821,0,4,4,1/1,0,0/4,-4,2/2,0,5,5,0,0,1,1,0,0,0,0,0,0,1,-1,3,3,0000929098_5-6_03.jpg,3
82,T. Bell-Haynes,Bell-Haynes,COT,7,Casademont Zaragoza,667000.0,580000.0,650000.0,1,20.0,1,24.0,1414,0,19,19,1/4,-3,5/8,-3,2/4,-2,6,6,4,4,1,1,3,-3,0,0,0,0,2,-2,3,3,0000929161_5-6_03.jpg,2
82,T. Bell-Haynes,Bell-Haynes,COT,7,Casademont Zaragoza,650000.0,580000.0,650000.0,2,2.0,2,0.0,983,0,5,5,2/5,-3,0/1,-1,1/2,-1,1,1,4,4,0,0,4,-4,0,0,0,0,2,-2,3,3,0000929161_5-6_03.jpg,2
83,N. Brussino,Brussino,EUR,7,Casademont Zaragoza,467500.0,550000.0,397375.0,1,1.0,1,1.2,1137,0,2,2,1/1,0,0/1,-1,0/0,0,2,2,0,0,1,1,1,-1,0,0,0,0,5,-5,3,3,0000929065_5-6_03.jpg,9
83,N. Brussino,Brussino,EUR,7,Casademont Zaragoza,397375.0,550000.0,397375.0,2,6.0,2,0.0,1369,0,9,9,2/4,-2,1/5,-4,2/2,0,6,6,1,1,0,0,3,-3,1,1,0,0,4,-4,2,2,0000929065_5-6_03.jpg,9
84,J. Jaworski,Jaworski,EXT,7,Casademont Zaragoza,345000.0,300000.0,396750.0,1,12.0,1,14.4,1635,0,15,15,3/4,-1,3/5,-2,0/0,0,0,0,1,1,0,0,0,0,0,0,0,0,1,-1,0,0,0000928954_5-6_03.jpg,11
84,J. Jaworski,Jaworski,EXT,7,Casademont Zaragoza,396750.0,300000.0,396750.0,2,13.0,2,0.0,1649,0,22,22,5/10,-5,3/8,-5,3/3,0,3,3,0,0,0,0,0,0,0,0,1,-1,2,-2,1,1,0000928954_5-6_03.jpg,11
85,G. Vives,Vives,JFL,7,Casademont Zaragoza,240000.0,220000.0,276000.0,1,4.0,1,4.8,1027,0,8,8,1/1,0,2/4,-2,0/0,0,2,2,3,3,0,0,3,-3,0,0,0,0,4,-4,0,0,0000928884_5-6_03.jpg,16
85,G. Vives,Vives,JFL,7,Casademont Zaragoza,276000.0,220000.0,276000.0,2,13.0,2,0.0,1163,0,9,9,1/3,-2,2/4,-2,1/2,-1,1,1,6,6,2,2,0,0,1,1,0,0,2,-2,1,1,0000928884_5-6_03.jpg,16
86,M. González,González,JFL,7,Casademont Zaragoza,230000.0,200000.0,264500.0,1,4.0,1,4.8,902,0,0,0,0/0,0,0/2,-2,0/0,0,5,5,3,3,0,0,0,0,0,0,0,0,2,-2,0,0,0000929031_5-6_03.jpg,7
86,M. González,González,JFL,7,Casademont Zaragoza,264500.0,200000.0,264500.0,2,6.0,2,0.0,736,0,6,6,0/0,0,2/3,-1,0/0,0,4,4,0,0,0,0,0,0,0,0,0,0,3,-3,0,0,0000929031_5-6_03.jpg,7
87,S. García,García,JFL,7,Casademont Zaragoza,153000.0,180000.0,130050.0,1,0.0,1,0.0,233,0,0,0,0/0,0,0/0,0,0/0,0,0,0,0,0,0,0,0,0,0,0,0,0,0,0,0,0,0000929129_5-6_03.jpg,17
87,S. García,García,JFL,7,Casademont Zaragoza,130050.0,180000.0,130050.0,2,0.0,2,0.0,254,0,0,0,0/0,0,0/0,0,0/0,0,0,0,0,0,0,0,0,0,0,0,0,0,0,0,0,0,0000929129_5-6_03.jpg,17
88,J. Fernández,Fernández,JFL,7,Casademont Zaragoza,127500.0,150000.0,110000.0,1,2.0,1,2.4,329,0,0,0,0/0,0,0/0,0,0/0,0,1,1,0,0,0,0,0,0,1,1,0,0,0,0,0,0,0000928919_5-6_03.jpg,10
88,J. Fernández,Fernández,JFL,7,Casademont Zaragoza,110000.0,150000.0,110000.0,2,2.0,2,0.0,579,0,1,1,0/1,-1,0/0,0,1/2,-1,1,1,0,0,0,0,0,0,0,0,0,0,0,0,2,2,0000928919_5-6_03.jpg,10
89,L. Birutis,Birutis,EUR,7,Casademont Zaragoza,561000.0,660000.0,476850.0,1,6.0,1,7.2,1485,0,6,6,3/4,-1,0/0,0,0/5,-5,2,2,5,5,0,0,2,-2,0,0,1,-1,3,-3,5,5,0000928987_5-6_03.jpg,15
89,L. Birutis,Birutis,EUR,7,Casademont Zaragoza,476850.0,660000.0,476850.0,2,7.0,2,0.0,1001,0,5,5,1/4,-3,0/0,0,3/3,0,4,4,0,0,0,0,0,0,0,0,1,-1,1,-1,3,3,0000928987_5-6_03.jpg,15
90,A. Olaseni,Olaseni,EUR,7,Casademont Zaragoza,408000.0,480000.0,469200.0,1,5.0,1,6.0,874,0,2,2,1/2,-1,0/0,0,0/0,0,7,7,1,1,0,0,3,-3,1,1,0,0,3,-3,1,1,0000928852_5-6_03.jpg,0
90,A. Olaseni,Olaseni,EUR,7,Casademont Zaragoza,469200.0,480000.0,469200.0,2,23.0,2,0.0,1399,0,12,12,3/4,-1,0/1,-1,6/8,-2,11,11,2,2,0,0,2,-2,0,0,0,0,3,-3,7,7,0000928852_5-6_03.jpg,0
91,C. Homesley,Homesley,EXT,7,Casademont Zaragoza,425000.0,500000.0,385000.0,1,7.0,1,8.4,1452,0,13,13,1/5,-4,3/8,-5,2/2,0,2,2,1,1,1,1,3,-3,0,0,0,0,1,-1,3,3,0000928809_5-6_03.jpg,5
91,C. Homesley,Homesley,EXT,7,Casademont Zaragoza,385000.0,500000.0,385000.0,2,7.0,2,0.0,1046,0,9,9,2/4,-2,0/4,-4,5/6,-1,1,1,1,1,2,2,1,-1,0,0,0,0,2,-2,4,4,0000928809_5-6_03.jpg,5
92,B. Ellis,Ellis,EXT,8,Asisa Joventut,408000.0,480000.0,408000.0,1,6.0,1,0.0,1215,0,11,11,2/4,-2,1/5,-4,4/4,0,3,3,0,0,0,0,1,-1,0,0,0,0,3,-3,2,2,0000927194_5-6_03.jpg,3
93,N. Laprovittola,Laprovittola,EUR,8,Asisa Joventut,598000.0,520000.0,598000.0,1,22.0,1,0.0,1415,0,22,22,7/9,-2,2/9,-7,2/2,0,6,6,4,4,0,0,3,-3,0,0,0,0,2,-2,4,4,0000927490_5-6_03.jpg,10
94,K. Cheatham,Cheatham,EUR,8,Asisa Joventut,402500.0,350000.0,402500.0,1,11.0,1,0.0,1610,0,9,9,1/3,-2,2/4,-2,1/2,-1,7,7,1,1,0,0,1,-1,0,0,0,0,1,-1,1,1,0000927423_5-6_03.jpg,55
95,S. Birgander,Birgander,EUR,8,Asisa Joventut,365500.0,430000.0,365500.0,1,6.0,1,0.0,1271,0,8,8,3/4,-1,0/0,0,2/2,0,3,3,1,1,0,0,1,-1,0,0,1,-1,5,-5,2,2,0000927607_5-6_03.jpg,35
96,R. Rubio,Rubio,JFL,8,Asisa Joventut,977500.0,850000.0,977500.0,1,26.0,1,0.0,1609,0,18,18,6/10,-4,1/3,-2,3/3,0,2,2,10,10,1,1,1,-1,1,1,0,0,3,-3,4,4,0000927555_5-6_03.jpg,9
97,A. Reyes,Reyes,JFL,8,Asisa Joventut,400000.0,460000.0,400000.0,1,8.0,1,0.0,1400,0,13,13,0/1,-1,3/8,-5,4/4,0,2,2,2,2,0,0,0,0,0,0,0,0,4,-4,1,1,0000927119_5-6_03.jpg,18
98,I. Nogués,Nogués,JFL,8,Asisa Joventut,250000.0,220000.0,250000.0,1,5.0,1,0.0,548,0,0,0,0/0,0,0/0,0,0/0,0,2,2,0,0,2,2,0,0,0,0,0,0,1,-1,2,2,0000927386_5-6_03.jpg,32
100,L. Hakanson,Hakanson,JFL,8,Asisa Joventut,322000.0,280000.0,322000.0,1,9.0,1,0.0,891,0,9,9,0/1,-1,3/5,-2,0/0,0,3,3,1,1,0,0,1,-1,0,0,0,0,1,-1,1,1,0000927452_5-6_03.jpg,12
104,TJ Shorts,Shorts,EUR,9,Valencia Basket,629000.0,740000.0,723350.0,1,12.0,1,0.0,1295,0,13,13,5/12,-7,0/1,-1,3/4,-1,4,4,6,6,0,0,0,0,0,0,0,0,4,-4,2,2,0000931341_5-6_03.jpg,0
104,TJ Shorts,Shorts,EUR,9,Valencia Basket,723350.0,740000.0,723350.0,2,26.0,2,31.2,1247,0,21,21,4/7,-3,3/5,-2,4/4,0,2,2,5,5,0,0,0,0,0,0,0,0,1,-1,4,4,0000931341_5-6_03.jpg,0
105,A. Brooks,Brooks,EXT,9,Valencia Basket,501500.0,590000.0,426275.0,1,1.0,1,0.0,1033,0,11,11,1/5,-4,3/9,-6,0/0,0,2,2,0,0,1,1,0,0,0,0,1,-1,2,-2,0,0,0000930979_5-6_03.jpg,12
105,A. Brooks,Brooks,EXT,9,Valencia Basket,426275.0,590000.0,426275.0,2,3.0,2,3.6,1375,0,4,4,2/7,-5,0/3,-3,0/0,0,4,4,4,4,2,2,1,-1,0,0,0,0,3,-3,1,1,0000930979_5-6_03.jpg,12
106,M. Gueye,Gueye,COT,9,Valencia Basket,365500.0,430000.0,310675.0,1,0.0,1,0.0,360,0,0,0,0/0,0,0/0,0,0/0,0,1,1,1,1,0,0,1,-1,0,0,0,0,1,-1,0,0,0000931239_5-6_03.jpg,16
106,M. Gueye,Gueye,COT,9,Valencia Basket,310675.0,430000.0,310675.0,2,-5.0,2,0.0,487,0,0,0,0/0,0,0/1,-1,0/0,0,0,0,0,0,0,0,1,-1,1,1,0,0,4,-4,0,0,0000931239_5-6_03.jpg,16
108,N. Sako,Sako,EUR,9,Valencia Basket,379500.0,330000.0,436425.0,1,14.0,1,0.0,970,0,7,7,3/3,0,0/0,0,1/2,-1,5,5,1,1,1,1,0,0,0,0,0,0,1,-1,2,2,0000931277_5-6_03.jpg,13
108,N. Sako,Sako,EUR,9,Valencia Basket,436425.0,330000.0,436425.0,2,8.0,2,9.6,1099,0,4,4,2/2,0,0/0,0,0/0,0,5,5,0,0,0,0,0,0,1,1,0,0,2,-2,0,0,0000931277_5-6_03.jpg,13
110,N. Reuvers,Reuvers,EUR,9,Valencia Basket,297500.0,350000.0,252875.0,1,3.0,1,0.0,1233,0,8,8,1/1,0,1/5,-4,3/4,-1,3,3,0,0,0,0,2,-2,1,1,0,0,4,-4,2,2,0000931258_5-6_03.jpg,3
110,N. Reuvers,Reuvers,EUR,9,Valencia Basket,252875.0,350000.0,252875.0,2,1.0,2,1.2,990,0,5,5,2/4,-2,0/4,-4,1/2,-1,5,5,0,0,0,0,0,0,0,0,1,-1,2,-2,1,1,0000931258_5-6_03.jpg,3
111,K. Taylor,Taylor,EXT,9,Valencia Basket,724500.0,630000.0,780000.0,1,18.0,1,0.0,1548,0,13,13,3/6,-3,2/4,-2,1/3,-2,5,5,6,6,1,1,1,-1,0,0,0,0,2,-2,3,3,0000931154_5-6_03.jpg,1
111,K. Taylor,Taylor,EXT,9,Valencia Basket,780000.0,630000.0,780000.0,2,11.0,2,13.2,1191,0,9,9,0/3,-3,2/2,0,3/4,-1,3,3,2,2,2,2,1,-1,0,0,0,0,4,-4,4,4,0000931154_5-6_03.jpg,1
113,J. Puerto,Puerto,JFL,9,Valencia Basket,230000.0,200000.0,264500.0,1,6.0,1,0.0,716,0,9,9,1/1,0,2/4,-2,1/3,-2,1,1,0,0,1,1,0,0,0,0,0,0,3,-3,2,2,0000931125_5-6_03.jpg,2
113,J. Puerto,Puerto,JFL,9,Valencia Basket,264500.0,200000.0,264500.0,2,20.0,2,24.0,791,0,16,16,1/2,-1,4/4,0,2/2,0,2,2,0,0,1,1,0,0,0,0,0,0,0,0,2,2,0000931125_5-6_03.jpg,2
115,G. Corbalán,Corbalán,EUR,9,Valencia Basket,483000.0,420000.0,410550.0,1,10.0,1,0.0,930,0,7,7,2/2,0,1/1,0,0/0,0,4,4,0,0,1,1,0,0,0,0,0,0,3,-3,1,1,0000931060_5-6_03.jpg,20
115,G. Corbalán,Corbalán,EUR,9,Valencia Basket,410550.0,420000.0,410550.0,2,3.0,2,3.6,847,0,5,5,1/2,-1,1/2,-1,0/0,0,1,1,0,0,0,0,2,-2,0,0,0,0,0,0,1,1,0000931060_5-6_03.jpg,20
116,A. Cárdenas,Cárdenas,JFL,9,Valencia Basket,200000.0,180000.0,230000.0,1,4.0,1,0.0,946,0,7,7,3/4,-1,0/2,-2,1/2,-1,0,0,5,5,0,0,3,-3,0,0,0,0,2,-2,1,1,0000930950_5-6_03.jpg,7
116,A. Cárdenas,Cárdenas,JFL,9,Valencia Basket,230000.0,180000.0,230000.0,2,14.0,2,16.8,1153,0,9,9,0/0,0,3/3,0,0/0,0,0,0,5,5,0,0,1,-1,0,0,0,0,1,-1,2,2,0000930950_5-6_03.jpg,7
117,M. Saint-Supery,Saint-Supery,JFL,9,Valencia Basket,340000.0,400000.0,289000.0,1,5.0,1,0.0,1135,0,5,5,1/2,-1,0/6,-6,3/4,-1,5,5,2,2,0,0,3,-3,0,0,0,0,2,-2,6,6,0000931207_5-6_03.jpg,5
117,M. Saint-Supery,Saint-Supery,JFL,9,Valencia Basket,289000.0,400000.0,289000.0,2,1.0,2,1.2,840,0,6,6,0/0,0,2/5,-3,0/0,0,0,0,2,2,0,0,1,-1,0,0,0,0,3,-3,0,0,0000931207_5-6_03.jpg,5
118,JD Notae,Notae,EXT,10,Kids&Us Manresa,493000.0,580000.0,550000.0,1,8.0,1,0.0,1364,0,14,14,4/6,-2,2/7,-5,0/0,0,2,2,1,1,1,1,2,-2,0,0,1,-1,1,-1,1,1,0000926191_5-6_03.jpg,13
118,JD Notae,Notae,EXT,10,Kids&Us Manresa,550000.0,580000.0,550000.0,2,14.0,2,0.0,1217,0,20,20,7/14,-7,0/3,-3,6/10,-4,1,1,2,2,1,1,0,0,0,0,1,-1,1,-1,6,6,0000926191_5-6_03.jpg,13
119,T. Allen,Allen,EXT,10,Kids&Us Manresa,356500.0,310000.0,356500.0,2,35.0,2,0.0,1651,0,30,30,7/9,-2,3/6,-3,7/9,-2,8,8,3,3,0,0,1,-1,0,0,0,0,5,-5,7,7,0000926394_5-6_03.jpg,0
120,C. Agbo,Agbo,COT,10,Kids&Us Manresa,229500.0,270000.0,263925.0,1,1.0,1,0.0,1198,0,7,7,0/0,0,2/3,-1,1/3,-2,1,1,0,0,0,0,0,0,0,0,0,0,5,-5,1,1,0000926084_5-6_03.jpg,11
120,C. Agbo,Agbo,COT,10,Kids&Us Manresa,263925.0,270000.0,263925.0,2,15.0,2,0.0,1461,0,14,14,1/2,-1,4/7,-3,0/0,0,3,3,1,1,2,2,0,0,0,0,0,0,1,-1,0,0,0000926084_5-6_03.jpg,11
121,N. Ongenda,Ongenda,COT,10,Kids&Us Manresa,540500.0,470000.0,621575.0,1,17.0,1,0.0,1354,0,17,17,8/11,-3,0/0,0,1/2,-1,2,2,0,0,2,2,2,-2,0,0,0,0,3,-3,5,5,0000926273_5-6_03.jpg,14
121,N. Ongenda,Ongenda,COT,10,Kids&Us Manresa,621575.0,470000.0,621575.0,2,8.0,2,0.0,778,0,7,7,1/1,0,0/0,0,5/8,-3,1,1,2,2,0,0,0,0,2,2,0,0,5,-5,4,4,0000926273_5-6_03.jpg,14
122,L. Beaufort,Beaufort,EUR,10,Kids&Us Manresa,187000.0,220000.0,158950.0,1,1.0,1,0.0,502,0,4,4,2/3,-1,0/0,0,0/0,0,0,0,0,0,0,0,1,-1,0,0,0,0,1,-1,0,0,0000926222_5-6_03.jpg,5
122,L. Beaufort,Beaufort,EUR,10,Kids&Us Manresa,158950.0,220000.0,158950.0,2,3.0,2,0.0,583,0,3,3,0/0,0,1/1,0,0/0,0,0,0,0,0,1,1,0,0,0,0,0,0,2,-2,1,1,0000926222_5-6_03.jpg,5
123,Y. Minchev,Minchev,EUR,10,Kids&Us Manresa,500000.0,450000.0,425000.0,1,10.0,1,0.0,1046,0,10,10,2/3,-1,2/4,-2,0/0,0,6,6,1,1,0,0,2,-2,0,0,0,0,4,-4,2,2,0000926419_5-6_03.jpg,91
123,Y. Minchev,Minchev,EUR,10,Kids&Us Manresa,425000.0,450000.0,425000.0,2,4.0,2,0.0,1166,0,1,1,0/3,-3,0/1,-1,1/2,-1,6,6,4,4,2,2,2,-2,0,0,0,0,4,-4,2,2,0000926419_5-6_03.jpg,91
124,L. Kolenda,Kolenda,EUR,10,Kids&Us Manresa,368000.0,320000.0,423200.0,1,15.0,1,0.0,1530,0,16,16,3/4,-1,2/5,-3,4/4,0,1,1,3,3,0,0,1,-1,0,0,0,0,2,-2,2,2,0000926241_5-6_03.jpg,1
124,L. Kolenda,Kolenda,EUR,10,Kids&Us Manresa,423200.0,320000.0,423200.0,2,10.0,2,0.0,1129,0,7,7,1/1,0,1/2,-1,2/2,0,4,4,2,2,1,1,1,-1,0,0,0,0,4,-4,2,2,0000926241_5-6_03.jpg,1
125,P. Tamba,Tamba,JFL,10,Kids&Us Manresa,230000.0,200000.0,264500.0,1,8.0,1,0.0,863,0,5,5,2/2,0,0/0,0,1/2,-1,3,3,2,2,2,2,0,0,0,0,0,0,4,-4,1,1,0000926315_5-6_03.jpg,8
125,P. Tamba,Tamba,JFL,10,Kids&Us Manresa,264500.0,200000.0,264500.0,2,8.0,2,0.0,840,0,6,6,2/2,0,0/1,-1,2/4,-2,4,4,0,0,0,0,3,-3,1,1,0,0,0,0,3,3,0000926315_5-6_03.jpg,8
126,E. Vila,Vila,JFL,10,Kids&Us Manresa,153000.0,180000.0,130050.0,1,3.0,1,0.0,1242,0,3,3,1/1,0,0/4,-4,1/2,-1,7,7,1,1,0,0,2,-2,0,0,0,0,1,-1,0,0,0000926120_5-6_03.jpg,4
126,E. Vila,Vila,JFL,10,Kids&Us Manresa,130050.0,180000.0,130050.0,2,-1.0,2,0.0,350,0,0,0,0/1,-1,0/0,0,0/0,0,0,0,0,0,0,0,0,0,0,0,0,0,0,0,0,0,0000926120_5-6_03.jpg,4
127,R. Villar,Villar,JFL,10,Kids&Us Manresa,322000.0,280000.0,350000.0,1,13.0,1,0.0,1277,0,9,9,4/6,-2,0/2,-2,1/2,-1,4,4,5,5,1,1,2,-2,0,0,1,-1,3,-3,5,5,0000926366_5-6_03.jpg,44
127,R. Villar,Villar,JFL,10,Kids&Us Manresa,350000.0,280000.0,350000.0,2,1.0,2,0.0,1133,0,7,7,1/2,-1,1/4,-3,2/2,0,0,0,3,3,0,0,3,-3,1,1,1,-1,3,-3,1,1,0000926366_5-6_03.jpg,44
128,H. Benitez,Benitez,EUR,10,Kids&Us Manresa,340000.0,400000.0,340000.0,1,-1.0,1,0.0,327,0,2,2,1/2,-1,0/1,-1,0/0,0,1,1,0,0,0,0,0,0,0,0,0,0,2,-2,0,0,0000926169_5-6_03.jpg,2
130,F. Bassas,Bassas,JFL,10,Kids&Us Manresa,437000.0,380000.0,371450.0,1,10.0,1,0.0,1297,0,5,5,1/3,-2,1/5,-4,0/0,0,0,0,7,7,1,1,1,-1,0,0,0,0,0,0,4,4,0000926143_5-6_03.jpg,6
130,F. Bassas,Bassas,JFL,10,Kids&Us Manresa,371450.0,380000.0,371450.0,2,-1.0,2,0.0,1236,0,0,0,0/1,-1,0/2,-2,0/1,-1,3,3,4,4,0,0,2,-2,0,0,0,0,2,-2,0,0,0000926143_5-6_03.jpg,6
131,D. N'Guessan,N'Guessan,EUR,11,FIATC Girona,621000.0,540000.0,655000.0,1,11.0,1,13.2,1532,0,9,9,3/4,-1,0/2,-2,3/4,-1,5,5,0,0,0,0,0,0,0,0,0,0,2,-2,3,3,0000930337_5-6_03.jpg,1
131,D. N'Guessan,N'Guessan,EUR,11,FIATC Girona,655000.0,540000.0,655000.0,2,13.0,2,0.0,1493,0,10,10,5/7,-2,0/1,-1,0/0,0,4,4,1,1,3,3,1,-1,0,0,0,0,2,-2,1,1,0000930337_5-6_03.jpg,1
132,M. McClung,McClung,EXT,11,FIATC Girona,705500.0,830000.0,599675.0,1,1.0,1,1.2,1080,0,11,11,2/10,-8,1/3,-2,4/4,0,3,3,1,1,0,0,1,-1,0,0,1,-1,4,-4,2,2,0000930443_5-6_03.jpg,0
132,M. McClung,McClung,EXT,11,FIATC Girona,599675.0,830000.0,599675.0,2,10.0,2,0.0,1132,0,12,12,3/5,-2,1/5,-4,3/3,0,5,5,1,1,1,1,6,-6,1,1,0,0,2,-2,4,4,0000930443_5-6_03.jpg,0
133,S. Whittaker,Whittaker,EXT,11,FIATC Girona,552000.0,480000.0,634800.0,1,18.0,1,21.6,1559,0,19,19,4/6,-2,2/5,-3,5/8,-3,3,3,4,4,1,1,2,-2,0,0,0,0,3,-3,4,4,0000930582_5-6_03.jpg,11
133,S. Whittaker,Whittaker,EXT,11,FIATC Girona,634800.0,480000.0,634800.0,2,4.0,2,0.0,1203,0,8,8,1/4,-3,2/3,-1,0/0,0,1,1,4,4,0,0,2,-2,0,0,1,-1,2,-2,0,0,0000930582_5-6_03.jpg,11
134,A. Kunc,Kunc,EUR,11,FIATC Girona,382500.0,450000.0,382500.0,2,-1.0,2,0.0,550,0,0,0,0/0,0,0/1,-1,0/0,0,2,2,0,0,1,1,1,-1,0,0,0,0,2,-2,0,0,0000930293_5-6_03.jpg,5
136,N. Maric,Maric,JFL,11,FIATC Girona,204000.0,240000.0,200000.0,1,-1.0,1,0.0,935,0,4,4,2/8,-6,0/2,-2,0/2,-2,4,4,2,2,1,1,1,-1,0,0,4,-4,1,-1,4,4,0000930510_5-6_03.jpg,25
136,N. Maric,Maric,JFL,11,FIATC Girona,200000.0,240000.0,200000.0,2,9.0,2,0.0,985,0,6,6,3/4,-1,0/0,0,0/0,0,3,3,2,2,1,1,1,-1,0,0,1,-1,3,-3,3,3,0000930510_5-6_03.jpg,25
137,J. Pérez,Pérez,COT,11,FIATC Girona,460000.0,400000.0,529000.0,1,29.0,1,34.8,1318,0,20,20,5/6,-1,1/2,-1,7/10,-3,8,8,1,1,3,3,3,-3,0,0,0,0,3,-3,8,8,0000930405_5-6_03.jpg,24
137,J. Pérez,Pérez,COT,11,FIATC Girona,529000.0,400000.0,529000.0,2,13.0,2,0.0,1186,0,15,15,6/9,-3,1/4,-3,0/0,0,5,5,2,2,0,0,1,-1,0,0,1,-1,2,-2,1,1,0000930405_5-6_03.jpg,24
138,S. Martínez,Martínez,JFL,11,FIATC Girona,360000.0,340000.0,306000.0,1,6.0,1,7.2,1368,0,3,3,0/0,0,1/1,0,0/0,0,1,1,0,0,2,2,0,0,0,0,0,0,1,-1,1,1,0000930558_5-6_03.jpg,23
138,S. Martínez,Martínez,JFL,11,FIATC Girona,306000.0,340000.0,306000.0,2,-3.0,2,0.0,1368,0,2,2,1/1,0,0/0,0,0/0,0,0,0,0,0,0,0,2,-2,0,0,0,0,3,-3,0,0,0000930558_5-6_03.jpg,23
140,P. Busquets,Busquets,JFL,11,FIATC Girona,297500.0,350000.0,252875.0,1,0.0,1,0.0,1458,0,5,5,2/4,-2,0/3,-3,1/2,-1,3,3,0,0,0,0,0,0,0,0,2,-2,3,-3,3,3,0000930534_5-6_03.jpg,4
140,P. Busquets,Busquets,JFL,11,FIATC Girona,252875.0,350000.0,252875.0,2,9.0,2,0.0,1191,0,11,11,1/2,-1,3/4,-1,0/0,0,3,3,1,1,0,0,2,-2,0,0,0,0,3,-3,1,1,0000930534_5-6_03.jpg,4
141,M. Geben,Geben,EUR,11,FIATC Girona,713000.0,620000.0,815000.0,1,18.0,1,21.6,1465,0,11,11,3/6,-3,1/1,0,2/2,0,9,9,1,1,0,0,0,0,1,1,0,0,3,-3,2,2,0000930465_5-6_03.jpg,12
141,M. Geben,Geben,EUR,11,FIATC Girona,815000.0,620000.0,815000.0,2,11.0,2,0.0,1309,0,10,10,5/7,-2,0/3,-3,0/1,-1,4,4,1,1,0,0,0,0,1,1,0,0,3,-3,4,4,0000930465_5-6_03.jpg,12
142,DJ Steward,Steward,EXT,12,Recoletas Salud San Pablo Burgos,510000.0,600000.0,586500.0,1,6.0,1,0.0,1377,0,15,15,6/11,-5,1/6,-5,0/0,0,1,1,1,1,1,1,3,-3,1,1,0,0,1,-1,1,1,0000938842_5-6_03.jpg,4
142,DJ Steward,Steward,EXT,12,Recoletas Salud San Pablo Burgos,586500.0,600000.0,586500.0,2,22.0,2,26.4,1393,0,20,20,5/10,-5,2/3,-1,4/4,0,6,6,3,3,1,1,3,-3,0,0,1,-1,2,-2,4,4,0000938842_5-6_03.jpg,4
143,C. Sengfelder,Sengfelder,EUR,12,Recoletas Salud San Pablo Burgos,609500.0,530000.0,700925.0,1,16.0,1,0.0,1451,0,13,13,5/6,-1,0/1,-1,3/5,-2,5,5,1,1,0,0,0,0,0,0,1,-1,1,-1,3,3,0000938790_5-6_03.jpg,43
143,C. Sengfelder,Sengfelder,EUR,12,Recoletas Salud San Pablo Burgos,700925.0,530000.0,700925.0,2,13.0,2,15.6,1440,0,11,11,2/4,-2,1/4,-3,4/6,-2,6,6,1,1,2,2,1,-1,0,0,1,-1,1,-1,3,3,0000938790_5-6_03.jpg,43
144,D.Radosavljevic,Radosav.,EUR,12,Recoletas Salud San Pablo Burgos,280500.0,330000.0,238425.0,1,0.0,1,0.0,1194,0,2,2,0/2,-2,0/1,-1,2/2,0,3,3,1,1,1,1,2,-2,0,0,0,0,4,-4,2,2,0000938869_5-6_03.jpg,15
144,D.Radosavljevic,Radosav.,EUR,12,Recoletas Salud San Pablo Burgos,238425.0,330000.0,238425.0,2,4.0,2,4.8,1220,0,2,2,1/3,-2,0/1,-1,0/0,0,4,4,2,2,2,2,2,-2,1,1,1,-1,1,-1,0,0,0000938869_5-6_03.jpg,15
145,B. Koprivica,Koprivica,EUR,12,Recoletas Salud San Pablo Burgos,506000.0,440000.0,581900.0,1,11.0,1,0.0,781,0,10,10,4/5,-1,0/0,0,2/3,-1,5,5,1,1,0,0,1,-1,1,1,1,-1,4,-4,2,2,0000938742_5-6_03.jpg,7
145,B. Koprivica,Koprivica,EUR,12,Recoletas Salud San Pablo Burgos,581900.0,440000.0,581900.0,2,12.0,2,14.4,1106,0,13,13,6/10,-4,0/0,0,1/2,-1,6,6,0,0,0,0,2,-2,0,0,0,0,3,-3,3,3,0000938742_5-6_03.jpg,7
147,R. Lobaco,Lobaco,JFL,12,Recoletas Salud San Pablo Burgos,345000.0,300000.0,293250.0,1,11.0,1,0.0,1515,0,6,6,1/2,-1,0/2,-2,4/4,0,5,5,1,1,0,0,0,0,0,0,0,0,0,0,2,2,0000938957_5-6_03.jpg,55
147,R. Lobaco,Lobaco,JFL,12,Recoletas Salud San Pablo Burgos,293250.0,300000.0,293250.0,2,0.0,2,0.0,563,0,0,0,0/1,-1,0/2,-2,0/0,0,2,2,1,1,0,0,0,0,0,0,0,0,0,0,0,0,0000938957_5-6_03.jpg,55
148,R. Guerrero,Guerrero,JFL,12,Recoletas Salud San Pablo Burgos,207000.0,180000.0,207000.0,1,5.0,1,0.0,442,0,4,4,2/3,-1,0/0,0,0/0,0,2,2,0,0,0,0,0,0,0,0,1,-1,0,0,1,1,0000939011_5-6_03.jpg,12
148,R. Guerrero,Guerrero,JFL,12,Recoletas Salud San Pablo Burgos,0.0,180000.0,207000.0,2,0.0,2,0.0,0,0,0,0,0/0,0,0/0,0,0/0,0,0,0,0,0,0,0,0,0,0,0,0,0,0,0,0,0,0000939011_5-6_03.jpg,12
149,D. Díez,Díez,JFL,12,Recoletas Salud San Pablo Burgos,368000.0,320000.0,410000.0,1,14.0,1,0.0,1145,0,4,4,1/3,-2,0/0,0,2/2,0,9,9,2,2,0,0,0,0,0,0,0,0,0,0,1,1,0000938815_5-6_03.jpg,11
149,D. Díez,Díez,JFL,12,Recoletas Salud San Pablo Burgos,410000.0,320000.0,410000.0,2,2.0,2,2.4,960,0,3,3,0/2,-2,1/2,-1,0/0,0,3,3,0,0,1,1,1,-1,0,0,0,0,1,-1,0,0,0000938815_5-6_03.jpg,11
150,P. Almazán,Almazán,JFL,12,Recoletas Salud San Pablo Burgos,127500.0,150000.0,108375.0,1,0.0,1,0.0,80,0,0,0,0/0,0,0/0,0,0/0,0,0,0,0,0,0,0,0,0,0,0,0,0,0,0,0,0,0000938924_5-6_03.jpg,8
150,P. Almazán,Almazán,JFL,12,Recoletas Salud San Pablo Burgos,108375.0,150000.0,108375.0,2,-1.0,2,0.0,382,0,0,0,0/0,0,0/0,0,0/0,0,1,1,0,0,0,0,0,0,0,0,0,0,2,-2,0,0,0000938924_5-6_03.jpg,8
151,C. Audige,Audige,COT,12,Recoletas Salud San Pablo Burgos,253000.0,220000.0,290950.0,1,7.0,1,0.0,1021,0,12,12,1/4,-3,3/6,-3,1/3,-2,1,1,2,2,0,0,1,-1,0,0,0,0,2,-2,3,3,0000938764_5-6_03.jpg,1
151,C. Audige,Audige,COT,12,Recoletas Salud San Pablo Burgos,290950.0,220000.0,290950.0,2,20.0,2,24.0,1374,0,20,20,5/6,-1,2/4,-2,4/4,0,4,4,1,1,0,0,2,-2,0,0,1,-1,3,-3,4,4,0000938764_5-6_03.jpg,1
153,Z. Samar,Samar,JFL,12,Recoletas Salud San Pablo Burgos,230000.0,200000.0,264500.0,1,19.0,1,0.0,1310,0,17,17,7/10,-3,0/1,-1,3/3,0,6,6,3,3,2,2,4,-4,0,0,0,0,4,-4,3,3,0000939087_5-6_03.jpg,5
153,Z. Samar,Samar,JFL,12,Recoletas Salud San Pablo Burgos,264500.0,200000.0,264500.0,2,20.0,2,24.0,1327,0,14,14,4/4,0,2/2,0,0/1,-1,2,2,5,5,2,2,2,-2,0,0,0,0,3,-3,3,3,0000939087_5-6_03.jpg,5
154,S. Boum,Boum,COT,13,UCAM Murcia,552000.0,480000.0,634800.0,1,12.0,1,0.0,1383,0,18,18,2/4,-2,3/11,-8,5/5,0,2,2,2,2,0,0,1,-1,0,0,0,0,5,-5,6,6,0000926965_5-6_03.jpg,0
154,S. Boum,Boum,COT,13,UCAM Murcia,634800.0,480000.0,634800.0,2,15.0,2,18.0,1199,0,15,15,3/6,-3,2/5,-3,3/4,-1,1,1,3,3,1,1,1,-1,0,0,0,0,2,-2,5,5,0000926965_5-6_03.jpg,0
155,J. Pansa,Pansa,EUR,13,UCAM Murcia,494500.0,430000.0,568675.0,1,10.0,1,0.0,1010,0,6,6,2/4,-2,0/1,-1,2/3,-1,8,8,0,0,0,0,1,-1,2,2,0,0,4,-4,3,3,0000926745_5-6_03.jpg,20
155,J. Pansa,Pansa,EUR,13,UCAM Murcia,568675.0,430000.0,568675.0,2,15.0,2,18.0,1539,0,11,11,5/11,-6,0/0,0,1/3,-2,11,11,1,1,0,0,0,0,1,1,0,0,3,-3,2,2,0000926745_5-6_03.jpg,20
157,T. Nakic,Nakic,EUR,13,UCAM Murcia,253000.0,220000.0,290950.0,1,16.0,1,0.0,1247,0,8,8,1/3,-2,2/2,0,0/0,0,3,3,2,2,4,4,0,0,0,0,0,0,0,0,1,1,0000926988_5-6_03.jpg,99
157,T. Nakic,Nakic,EUR,13,UCAM Murcia,290950.0,220000.0,290950.0,2,11.0,2,13.2,1285,0,9,9,2/2,0,1/3,-2,2/3,-1,5,5,0,0,0,0,0,0,0,0,0,0,2,-2,2,2,0000926988_5-6_03.jpg,99
158,S. Raieste,Raieste,JFL,13,UCAM Murcia,204000.0,240000.0,173400.0,1,-1.0,1,0.0,983,0,0,0,0/2,-2,0/3,-3,0/0,0,4,4,1,1,0,0,1,-1,1,1,1,-1,2,-2,2,2,0000926937_5-6_03.jpg,2
158,S. Raieste,Raieste,JFL,13,UCAM Murcia,173400.0,240000.0,173400.0,2,6.0,2,7.2,1354,0,7,7,2/3,-1,1/3,-2,0/0,0,3,3,0,0,0,0,1,-1,0,0,0,0,1,-1,1,1,0000926937_5-6_03.jpg,2
159,E. Cate,Cate,JFL,13,UCAM Murcia,506000.0,440000.0,581900.0,1,16.0,1,0.0,1222,0,10,10,3/5,-2,0/0,0,4/4,0,6,6,0,0,0,0,0,0,3,3,0,0,3,-3,2,2,0000926694_5-6_03.jpg,15
159,E. Cate,Cate,JFL,13,UCAM Murcia,581900.0,440000.0,581900.0,2,13.0,2,15.6,844,0,9,9,3/3,0,0/0,0,3/3,0,1,1,2,2,2,2,3,-3,0,0,0,0,2,-2,4,4,0000926694_5-6_03.jpg,15
160,M. Diagné,Diagné,JFL,13,UCAM Murcia,0.0,180000.0,180000.0,1,0.0,1,0.0,0,0,0,0,0/0,0,0/0,0,0/0,0,0,0,0,0,0,0,0,0,0,0,0,0,0,0,0,0,0000926887_5-6_03.jpg,21
160,M. Diagné,Diagné,JFL,13,UCAM Murcia,0.0,180000.0,180000.0,2,0.0,2,0.0,0,0,0,0,0/0,0,0/0,0,0/0,0,0,0,0,0,0,0,0,0,0,0,0,0,0,0,0,0,0000926887_5-6_03.jpg,21
162,M. Steinbergs,Steinbergs,EUR,13,UCAM Murcia,170000.0,200000.0,175000.0,1,1.0,1,0.0,1178,0,3,3,0/1,-1,1/4,-3,0/0,0,4,4,0,0,1,1,1,-1,0,0,0,0,4,-4,2,2,0000926844_5-6_03.jpg,28
162,M. Steinbergs,Steinbergs,EUR,13,UCAM Murcia,175000.0,200000.0,175000.0,2,5.0,2,6.0,736,0,3,3,0/0,0,0/1,-1,3/3,0,3,3,0,0,0,0,0,0,0,0,0,0,1,-1,1,1,0000926844_5-6_03.jpg,28
164,W. Falk,Falk,JFL,13,UCAM Murcia,119000.0,140000.0,101150.0,1,0.0,1,0.0,431,0,0,0,0/0,0,0/0,0,0/0,0,1,1,0,0,0,0,0,0,0,0,0,0,2,-2,1,1,0000927010_5-6_03.jpg,13
164,W. Falk,Falk,JFL,13,UCAM Murcia,101150.0,140000.0,101150.0,2,-3.0,2,0.0,1117,0,2,2,1/2,-1,0/2,-2,0/0,0,4,4,1,1,1,1,2,-2,0,0,1,-1,5,-5,0,0,0000927010_5-6_03.jpg,13
165,D. Ennis,Ennis,EUR,13,UCAM Murcia,467500.0,550000.0,397375.0,1,4.0,1,0.0,931,0,7,7,2/5,-3,1/4,-3,0/0,0,2,2,0,0,2,2,1,-1,0,0,0,0,1,-1,1,1,0000926655_5-6_03.jpg,31
165,D. Ennis,Ennis,EUR,13,UCAM Murcia,397375.0,550000.0,397375.0,2,7.0,2,8.4,853,0,9,9,1/4,-3,1/3,-2,4/4,0,0,0,1,1,1,1,0,0,0,0,0,0,1,-1,2,2,0000926655_5-6_03.jpg,31
166,M. Forrest,Forrest,COT,13,UCAM Murcia,300000.0,270000.0,345000.0,1,6.0,1,0.0,1039,0,15,15,2/3,-1,3/9,-6,2/2,0,2,2,3,3,0,0,4,-4,0,0,0,0,4,-4,1,1,0000926865_5-6_03.jpg,1
166,M. Forrest,Forrest,COT,13,UCAM Murcia,345000.0,270000.0,345000.0,2,11.0,2,13.2,566,0,11,11,3/4,-1,1/1,0,2/5,-3,2,2,1,1,0,0,0,0,0,0,0,0,2,-2,3,3,0000926865_5-6_03.jpg,1
167,J. Marcos,Marcos,EUR,13,UCAM Murcia,272000.0,320000.0,312800.0,1,5.0,1,0.0,1312,0,4,4,1/2,-1,0/4,-4,2/2,0,4,4,4,4,1,1,3,-3,1,1,0,0,2,-2,1,1,0000926792_5-6_03.jpg,6
167,J. Marcos,Marcos,EUR,13,UCAM Murcia,312800.0,320000.0,312800.0,2,14.0,2,16.8,1163,0,8,8,1/2,-1,1/2,-1,3/4,-1,3,3,5,5,0,0,2,-2,0,0,0,0,1,-1,4,4,0000926792_5-6_03.jpg,6
168,J. Radebaugh,Radebaugh,EUR,13,UCAM Murcia,323000.0,380000.0,371450.0,1,5.0,1,0.0,1264,0,6,6,0/0,0,2/7,-5,0/0,0,4,4,1,1,1,1,1,-1,0,0,0,0,2,-2,1,1,0000926765_5-6_03.jpg,12
168,J. Radebaugh,Radebaugh,EUR,13,UCAM Murcia,371450.0,380000.0,371450.0,2,16.0,2,19.2,1344,0,16,16,2/5,-3,4/6,-2,0/0,0,2,2,1,1,5,5,2,-2,0,0,0,0,1,-1,0,0,0000926765_5-6_03.jpg,12
169,J. Parra,Parra,JFL,14,Barça,552000.0,480000.0,634800.0,1,18.0,1,21.6,1285,0,12,12,3/7,-4,1/1,0,3/3,0,2,2,3,3,1,1,0,0,0,0,0,0,1,-1,5,5,0000929977_5-6_03.jpg,44
169,J. Parra,Parra,JFL,14,Barça,634800.0,480000.0,634800.0,2,6.0,2,0.0,1468,0,8,8,3/7,-4,0/1,-1,2/4,-2,5,5,0,0,1,1,3,-3,0,0,0,0,0,0,2,2,0000929977_5-6_03.jpg,44
170,O. Balcerowski,Balcerowski,JFL,14,Barça,402500.0,350000.0,462875.0,1,30.0,1,36.0,1268,0,21,21,9/9,0,0/0,0,3/3,0,6,6,1,1,1,1,0,0,2,2,0,0,3,-3,2,2,0000930122_5-6_03.jpg,22
170,O. Balcerowski,Balcerowski,JFL,14,Barça,462875.0,350000.0,462875.0,2,16.0,2,0.0,1052,0,12,12,3/4,-1,0/0,0,6/8,-2,6,6,1,1,0,0,0,0,0,0,0,0,4,-4,4,4,0000930122_5-6_03.jpg,22
171,A. Ubal,Ubal,JFL,14,Barça,240000.0,250000.0,240000.0,1,4.0,1,4.8,463,0,4,4,1/1,0,0/0,0,2/2,0,1,1,0,0,0,0,2,-2,0,0,0,0,0,0,1,1,0000929938_5-6_03.jpg,10
171,A. Ubal,Ubal,JFL,14,Barça,0.0,250000.0,240000.0,2,0.0,2,0.0,0,0,0,0,0/0,0,0/0,0,0/0,0,0,0,0,0,0,0,0,0,0,0,0,0,0,0,0,0,0000929938_5-6_03.jpg,10
172,J. Minaya,Minaya,COT,14,Barça,229500.0,270000.0,195075.0,1,3.0,1,3.6,856,0,2,2,1/1,0,0/1,-1,0/0,0,3,3,1,1,1,1,0,0,0,0,0,0,3,-3,0,0,0000930046_5-6_03.jpg,24
172,J. Minaya,Minaya,COT,14,Barça,195075.0,270000.0,195075.0,2,1.0,2,0.0,868,0,0,0,0/0,0,0/2,-2,0/0,0,1,1,0,0,2,2,0,0,1,1,0,0,3,-3,2,2,0000930046_5-6_03.jpg,24
173,S. Umude,Umude,COT,14,Barça,356500.0,310000.0,303025.0,1,8.0,1,9.6,1115,0,8,8,4/6,-2,0/1,-1,0/1,-1,4,4,2,2,1,1,1,-1,0,0,1,-1,2,-2,1,1,0000930172_5-6_03.jpg,3
173,S. Umude,Umude,COT,14,Barça,303025.0,310000.0,303025.0,2,0.0,2,0.0,932,0,2,2,1/1,0,0/1,-1,0/0,0,2,2,0,0,0,0,0,0,0,0,0,0,3,-3,0,0,0000930172_5-6_03.jpg,3
174,O. Nkamhoua,Nkamhoua,EUR,14,Barça,391000.0,340000.0,449650.0,1,10.0,1,12.0,1132,0,10,10,5/5,0,0/0,0,0/0,0,2,2,2,2,0,0,2,-2,0,0,0,0,2,-2,0,0,0000930144_5-6_03.jpg,13
174,O. Nkamhoua,Nkamhoua,EUR,14,Barça,449650.0,340000.0,449650.0,2,19.0,2,0.0,1348,0,14,14,2/4,-2,1/2,-1,7/8,-1,3,3,1,1,0,0,0,0,0,0,0,0,0,0,5,5,0000930144_5-6_03.jpg,13
176,T. Martin,Martin,EXT,14,Barça,828000.0,720000.0,703800.0,1,17.0,1,20.4,1306,0,16,16,2/4,-2,4/7,-3,0/0,0,4,4,2,2,2,2,1,-1,0,0,0,0,1,-1,0,0,0000930215_5-6_03.jpg,2
176,T. Martin,Martin,EXT,14,Barça,703800.0,720000.0,703800.0,2,7.0,2,0.0,1277,0,6,6,3/7,-4,0/1,-1,0/1,-1,5,5,0,0,1,1,0,0,0,0,0,0,1,-1,2,2,0000930215_5-6_03.jpg,2
179,J. Robinson,Robinson,EXT,14,Barça,544000.0,640000.0,530000.0,1,6.0,1,7.2,796,0,10,10,2/2,0,2/3,-1,0/0,0,0,0,2,2,0,0,3,-3,0,0,0,0,4,-4,2,2,0000930067_5-6_03.jpg,5
179,J. Robinson,Robinson,EXT,14,Barça,530000.0,640000.0,530000.0,2,14.0,2,0.0,1430,0,17,17,3/6,-3,3/8,-5,2/2,0,1,1,3,3,1,1,0,0,0,0,0,0,4,-4,4,4,0000930067_5-6_03.jpg,5
180,D. Brizuela,Brizuela,JFL,14,Barça,368000.0,320000.0,423200.0,1,15.0,1,18.0,1064,0,15,15,4/4,0,1/3,-2,4/5,-1,1,1,1,1,0,0,0,0,0,0,0,0,2,-2,3,3,defaultFace.jpg,8
180,D. Brizuela,Brizuela,JFL,14,Barça,423200.0,320000.0,423200.0,2,4.0,2,0.0,1212,0,7,7,2/3,-1,1/5,-4,0/0,0,2,2,2,2,1,1,0,0,0,0,1,-1,2,-2,0,0,defaultFace.jpg,8
181,K. Punter,Punter,EUR,14,Barça,621000.0,540000.0,714150.0,1,11.0,1,13.2,1135,0,10,10,1/3,-2,2/6,-4,2/2,0,2,2,3,3,1,1,0,0,0,0,0,0,1,-1,2,2,0000930093_5-6_03.jpg,0
181,K. Punter,Punter,EUR,14,Barça,714150.0,540000.0,714150.0,2,18.0,2,0.0,1378,0,18,18,3/5,-2,3/3,0,3/3,0,3,3,2,2,0,0,3,-3,0,0,0,0,2,-2,2,2,0000930093_5-6_03.jpg,0
182,J. Núñez,Núñez,JFL,14,Barça,230000.0,200000.0,230000.0,1,13.0,1,15.6,829,0,3,3,1/1,0,0/1,-1,1/2,-1,0,0,6,6,2,2,0,0,0,0,0,0,0,0,4,4,0000930020_5-6_03.jpg,17
182,J. Núñez,Núñez,JFL,14,Barça,0.0,200000.0,230000.0,2,0.0,2,0.0,0,0,0,0,0/0,0,0/0,0,0/0,0,0,0,0,0,0,0,0,0,0,0,0,0,0,0,0,0,0000930020_5-6_03.jpg,17
183,J. Akinjo,Akinjo,EXT,15,MoraBanc Andorra,540500.0,470000.0,540500.0,1,16.0,1,0.0,1706,0,9,9,2/9,-7,1/3,-2,2/2,0,7,7,12,12,2,2,3,-3,0,0,0,0,4,-4,2,2,0000928184_5-6_03.jpg,11
185,W. Iwundu,Iwundu,COT,15,MoraBanc Andorra,650000.0,570000.0,650000.0,1,13.0,1,0.0,1416,0,12,12,3/3,0,1/6,-5,3/3,0,5,5,0,0,0,0,0,0,0,0,0,0,2,-2,3,3,0000928421_5-6_03.jpg,25
186,O. Aquino,Aquino,JFL,15,MoraBanc Andorra,170000.0,200000.0,170000.0,1,1.0,1,0.0,135,0,2,2,1/1,0,0/0,0,0/0,0,0,0,0,0,0,0,0,0,0,0,0,0,1,-1,0,0,0000928357_5-6_03.jpg,8
187,L. Bottiroli,Bottiroli,JFL,15,MoraBanc Andorra,0.0,120000.0,120000.0,1,0.0,1,0.0,0,0,0,0,0/0,0,0/0,0,0/0,0,0,0,0,0,0,0,0,0,0,0,0,0,0,0,0,0,0000928327_5-6_03.jpg,40
188,L. Radosevic,Radosevic,EUR,15,MoraBanc Andorra,379500.0,330000.0,379500.0,1,17.0,1,0.0,1098,0,10,10,4/4,0,0/1,-1,2/2,0,5,5,1,1,2,2,0,0,0,0,0,0,2,-2,2,2,0000928299_5-6_03.jpg,43
189,L. Mutic,Mutic,JFL,15,MoraBanc Andorra,263500.0,310000.0,263500.0,1,2.0,1,0.0,984,0,5,5,1/3,-2,1/3,-2,0/0,0,2,2,1,1,0,0,2,-2,1,1,0,0,2,-2,1,1,0000928275_5-6_03.jpg,1
190,A. Pustovyi,Pustovyi,EUR,15,MoraBanc Andorra,632500.0,550000.0,632500.0,1,16.0,1,0.0,1167,0,12,12,3/6,-3,0/0,0,6/8,-2,7,7,0,0,0,0,0,0,1,1,0,0,4,-4,5,5,0000928077_5-6_03.jpg,13
191,K. Kuric,Kuric,EUR,15,MoraBanc Andorra,365500.0,430000.0,365500.0,1,4.0,1,0.0,1021,0,5,5,0/0,0,1/3,-2,2/2,0,1,1,1,1,0,0,1,-1,0,0,0,0,3,-3,3,3,0000928238_5-6_03.jpg,24
192,K. Robertson,Robertson,COT,15,MoraBanc Andorra,460000.0,400000.0,460000.0,1,12.0,1,0.0,1841,0,15,15,5/9,-4,1/4,-3,2/3,-1,3,3,0,0,2,2,0,0,0,0,1,-1,2,-2,3,3,0000928211_5-6_03.jpg,30
193,C. Ortega,Ortega,JFL,15,MoraBanc Andorra,172500.0,150000.0,172500.0,1,5.0,1,0.0,560,0,6,6,0/2,-2,2/3,-1,0/0,0,2,2,0,0,0,0,0,0,0,0,0,0,1,-1,1,1,0000928136_5-6_03.jpg,7
194,A. Best,Best,COT,15,MoraBanc Andorra,322000.0,280000.0,322000.0,1,8.0,1,0.0,1385,0,9,9,0/1,-1,3/7,-4,0/0,0,2,2,1,1,0,0,0,0,0,0,0,0,2,-2,3,3,0000928051_5-6_03.jpg,3
195,R. Luz,Luz,JFL,15,MoraBanc Andorra,297500.0,350000.0,297500.0,1,0.0,1,0.0,687,0,0,0,0/0,0,0/1,-1,0/0,0,0,0,3,3,0,0,3,-3,0,0,0,0,0,0,1,1,0000928393_5-6_03.jpg,5
197,Z. Perrin,Perrin,EUR,16,iLERNA Lleida,483000.0,420000.0,555450.0,1,15.0,1,18.0,1595,0,11,11,5/8,-3,0/0,0,1/2,-1,7,7,0,0,1,1,1,-1,0,0,1,-1,2,-2,4,4,0000928792_5-6_03.jpg,25
197,Z. Perrin,Perrin,EUR,16,iLERNA Lleida,555450.0,420000.0,555450.0,2,22.0,2,0.0,1612,0,17,17,7/9,-2,0/0,0,3/4,-1,3,3,2,2,0,0,0,0,1,1,0,0,3,-3,5,5,0000928792_5-6_03.jpg,25
198,K. Kuath,Kuath,EXT,16,iLERNA Lleida,540000.0,500000.0,545000.0,1,9.0,1,10.8,805,0,7,7,3/6,-3,0/0,0,1/2,-1,6,6,0,0,0,0,1,-1,2,2,0,0,2,-2,1,1,0000928671_5-6_03.jpg,23
198,K. Kuath,Kuath,EXT,16,iLERNA Lleida,545000.0,500000.0,545000.0,2,11.0,2,0.0,787,0,8,8,4/4,0,0/0,0,0/0,0,4,4,0,0,0,0,2,-2,4,4,0,0,3,-3,0,0,0000928671_5-6_03.jpg,23
200,M. Ejim,Ejim,COT,16,iLERNA Lleida,459000.0,540000.0,527850.0,1,6.0,1,7.2,1150,0,9,9,3/3,0,0/4,-4,3/4,-1,3,3,2,2,0,0,3,-3,0,0,0,0,4,-4,4,4,0000928712_5-6_03.jpg,3
200,M. Ejim,Ejim,COT,16,iLERNA Lleida,527850.0,540000.0,527850.0,2,15.0,2,0.0,1499,0,15,15,3/6,-3,2/3,-1,3/4,-1,2,2,3,3,4,4,4,-4,1,1,0,0,4,-4,3,3,0000928712_5-6_03.jpg,3
201,J. Shurna,Shurna,EUR,16,iLERNA Lleida,345000.0,300000.0,293250.0,1,9.0,1,10.8,1250,0,3,3,0/0,0,1/3,-2,0/0,0,10,10,1,1,1,1,0,0,0,0,0,0,4,-4,0,0,0000928640_5-6_03.jpg,22
201,J. Shurna,Shurna,EUR,16,iLERNA Lleida,293250.0,300000.0,293250.0,2,0.0,2,0.0,901,0,2,2,1/1,0,0/4,-4,0/0,0,1,1,0,0,0,0,0,0,0,0,0,0,0,0,1,1,0000928640_5-6_03.jpg,22
202,O. Paulí,Paulí,JFL,16,iLERNA Lleida,644000.0,560000.0,740600.0,1,18.0,1,21.6,1352,0,10,10,3/4,-1,1/2,-1,1/2,-1,7,7,3,3,2,2,3,-3,0,0,0,0,1,-1,3,3,0000928746_5-6_03.jpg,5
202,O. Paulí,Paulí,JFL,16,iLERNA Lleida,740600.0,560000.0,740600.0,2,13.0,2,0.0,1293,0,8,8,3/3,0,0/2,-2,2/4,-2,5,5,2,2,0,0,1,-1,0,0,0,0,0,0,3,3,0000928746_5-6_03.jpg,5
203,M. Sanz,Sanz,JFL,16,iLERNA Lleida,230000.0,200000.0,264500.0,1,4.0,1,4.8,646,0,9,9,3/3,0,1/2,-1,0/0,0,0,0,1,1,0,0,1,-1,0,0,0,0,4,-4,0,0,0000928730_5-6_03.jpg,14
203,M. Sanz,Sanz,JFL,16,iLERNA Lleida,264500.0,200000.0,264500.0,2,7.0,2,0.0,610,0,3,3,0/0,0,0/0,0,3/4,-1,3,3,1,1,1,1,1,-1,0,0,0,0,1,-1,2,2,0000928730_5-6_03.jpg,14
204,M. Hughes,Hughes,EUR,16,iLERNA Lleida,300000.0,350000.0,255000.0,1,5.0,1,6.0,1344,0,8,8,1/2,-1,2/6,-4,0/0,0,2,2,0,0,0,0,1,-1,0,0,0,0,1,-1,2,2,0000928691_5-6_03.jpg,8
204,M. Hughes,Hughes,EUR,16,iLERNA Lleida,255000.0,350000.0,255000.0,2,-3.0,2,0.0,1104,0,3,3,0/1,-1,1/6,-5,0/0,0,2,2,0,0,0,0,0,0,0,0,1,-1,2,-2,1,1,0000928691_5-6_03.jpg,8
205,J. Batemon,Batemon,EXT,16,iLERNA Lleida,759000.0,660000.0,872850.0,1,30.0,1,36.0,1315,0,23,23,2/4,-2,1/6,-5,16/17,-1,3,3,5,5,1,1,1,-1,0,0,0,0,3,-3,10,10,0000928621_5-6_03.jpg,1
205,J. Batemon,Batemon,EXT,16,iLERNA Lleida,872850.0,660000.0,872850.0,2,19.0,2,0.0,1564,0,16,16,5/7,-2,1/4,-3,3/3,0,3,3,4,4,0,0,2,-2,0,0,0,0,1,-1,4,4,0000928621_5-6_03.jpg,1
206,D. García,García,JFL,16,iLERNA Lleida,322000.0,280000.0,273700.0,1,7.0,1,8.4,1008,0,4,4,2/2,0,0/1,-1,0/0,0,3,3,3,3,0,0,1,-1,0,0,0,0,2,-2,1,1,0000928556_5-6_03.jpg,6
206,D. García,García,JFL,16,iLERNA Lleida,273700.0,280000.0,273700.0,2,1.0,2,0.0,868,0,6,6,0/0,0,2/4,-2,0/0,0,2,2,1,1,1,1,5,-5,0,0,0,0,4,-4,2,2,0000928556_5-6_03.jpg,6
207,A. Rodriguez,Rodriguez,JFL,16,iLERNA Lleida,144500.0,170000.0,122825.0,1,0.0,1,0.0,100,0,0,0,0/0,0,0/0,0,0/0,0,0,0,0,0,1,1,0,0,0,0,0,0,1,-1,0,0,0000928465_5-6_03.jpg,13
207,A. Rodriguez,Rodriguez,JFL,16,iLERNA Lleida,122825.0,170000.0,122825.0,2,0.0,2,0.0,211,0,0,0,0/1,-1,0/0,0,0/0,0,0,0,0,0,1,1,0,0,0,0,0,0,0,0,0,0,0000928465_5-6_03.jpg,13
208,A. García,García,COT,17,Río Breogán,425500.0,370000.0,489325.0,1,13.0,1,15.6,1211,0,10,10,3/3,0,1/2,-1,1/2,-1,6,6,1,1,0,0,1,-1,0,0,0,0,3,-3,2,2,0000939150_5-6_03.jpg,11
208,A. García,García,COT,17,Río Breogán,489325.0,370000.0,489325.0,2,10.0,2,12.0,1141,0,7,7,3/4,-1,0/1,-1,1/1,0,4,4,0,0,2,2,0,0,0,0,0,0,2,-2,1,1,0000939150_5-6_03.jpg,11
209,T. Brown,Brown,EXT,17,Río Breogán,598000.0,520000.0,687700.0,1,13.0,1,15.6,1583,0,14,14,2/4,-2,3/10,-7,1/2,-1,7,7,5,5,0,0,1,-1,0,0,1,-1,3,-3,2,2,0000934369_5-6_03.jpg,5
209,T. Brown,Brown,EXT,17,Río Breogán,687700.0,520000.0,687700.0,2,21.0,2,25.2,1563,0,17,17,5/5,0,2/6,-4,1/1,0,5,5,5,5,1,1,0,0,0,0,0,0,4,-4,1,1,0000934369_5-6_03.jpg,5
210,R. Bolton,Bolton,EXT,17,Río Breogán,437000.0,380000.0,502550.0,1,21.0,1,25.2,1309,0,17,17,4/8,-4,0/0,0,9/10,-1,0,0,7,7,0,0,2,-2,0,0,0,0,2,-2,6,6,0000934339_5-6_03.jpg,45
210,R. Bolton,Bolton,EXT,17,Río Breogán,502550.0,380000.0,502550.0,2,8.0,2,9.6,1238,0,13,13,3/8,-5,1/3,-2,4/4,0,1,1,4,4,1,1,3,-3,0,0,2,-2,2,-2,3,3,0000934339_5-6_03.jpg,45
211,J. Kasibabu,Kasibabu,JFL,17,Río Breogán,0.0,250000.0,287500.0,1,0.0,1,0.0,0,0,0,0,0/0,0,0/0,0,0/0,0,0,0,0,0,0,0,0,0,0,0,0,0,0,0,0,0,0000934262_5-6_03.jpg,88
211,J. Kasibabu,Kasibabu,JFL,17,Río Breogán,287500.0,250000.0,287500.0,2,8.0,2,9.6,621,0,4,4,1/2,-1,0/0,0,2/2,0,5,5,0,0,1,1,0,0,0,0,0,0,4,-4,3,3,0000934262_5-6_03.jpg,88
212,A. Ilić,Ilić,EUR,17,Río Breogán,460000.0,400000.0,391000.0,1,11.0,1,13.2,1089,0,11,11,5/7,-2,0/0,0,1/1,0,3,3,0,0,2,2,2,-2,0,0,0,0,2,-2,1,1,0000934101_5-6_03.jpg,2
212,A. Ilić,Ilić,EUR,17,Río Breogán,391000.0,400000.0,391000.0,2,-1.0,2,0.0,784,0,4,4,2/3,-1,0/0,0,0/2,-2,2,2,0,0,1,1,2,-2,0,0,0,0,4,-4,1,1,0000934101_5-6_03.jpg,2
213,D. Brankovic,Brankovic,EUR,17,Río Breogán,667000.0,580000.0,767050.0,1,29.0,1,34.8,1296,0,14,14,4/5,-1,0/0,0,6/6,0,9,9,2,2,1,1,0,0,1,1,0,0,1,-1,4,4,0000934138_5-6_03.jpg,22
213,D. Brankovic,Brankovic,EUR,17,Río Breogán,767050.0,580000.0,767050.0,2,12.0,2,14.4,989,0,9,9,2/5,-3,0/0,0,5/10,-5,6,6,0,0,0,0,1,-1,2,2,0,0,1,-1,5,5,0000934138_5-6_03.jpg,22
214,M. Andric,Andric,EUR,17,Río Breogán,300000.0,330000.0,255000.0,1,5.0,1,6.0,1189,0,8,8,1/1,0,2/3,-1,0/0,0,0,0,0,0,0,0,0,0,0,0,0,0,3,-3,1,1,0000934318_5-6_03.jpg,37
214,M. Andric,Andric,EUR,17,Río Breogán,255000.0,330000.0,255000.0,2,0.0,2,1.2,1265,0,2,2,1/2,-1,0/3,-3,0/0,0,3,3,1,1,0,0,0,0,0,0,1,-1,2,-2,1,1,0000934318_5-6_03.jpg,37
216,A. Aranitovic,Aranitovic,EUR,17,Río Breogán,300000.0,300000.0,255000.0,1,5.0,1,6.0,814,0,4,4,0/1,-1,1/6,-5,1/2,-1,4,4,0,0,2,2,0,0,0,0,0,0,0,0,2,2,0000934120_5-6_03.jpg,17
216,A. Aranitovic,Aranitovic,EUR,17,Río Breogán,255000.0,300000.0,255000.0,2,2.0,2,2.4,1175,0,7,7,2/4,-2,1/3,-2,0/0,0,4,4,0,0,0,0,1,-1,0,0,0,0,4,-4,0,0,0000934120_5-6_03.jpg,17
217,J. Peris,Peris,JFL,17,Río Breogán,221000.0,260000.0,187850.0,1,-3.0,1,0.0,709,0,2,2,1/4,-3,0/1,-1,0/0,0,1,1,0,0,1,1,1,-1,0,0,1,-1,2,-2,1,1,0000934282_5-6_03.jpg,9
217,J. Peris,Peris,JFL,17,Río Breogán,187850.0,260000.0,187850.0,2,0.0,2,0.0,335,0,3,3,0/0,0,1/1,0,0/0,0,0,0,0,0,0,0,2,-2,0,0,0,0,1,-1,0,0,0000934282_5-6_03.jpg,9
218,F. Alonso,Alonso,JFL,17,Río Breogán,701500.0,610000.0,806725.0,1,21.0,1,25.2,1603,0,14,14,2/5,-3,2/3,-1,4/4,0,3,3,5,5,1,1,0,0,0,0,1,-1,0,0,3,3,0000934239_5-6_03.jpg,10
218,F. Alonso,Alonso,JFL,17,Río Breogán,806725.0,610000.0,806725.0,2,12.0,2,14.4,1313,0,13,13,2/6,-4,1/4,-3,6/6,0,4,4,1,1,0,0,3,-3,0,0,1,-1,1,-1,6,6,0000934239_5-6_03.jpg,10
219,E. Quintela,Quintela,JFL,17,Río Breogán,110500.0,130000.0,110500.0,1,1.0,1,1.2,106,0,0,0,0/0,0,0/0,0,0/0,0,0,0,1,1,0,0,0,0,0,0,0,0,0,0,0,0,0000934220_5-6_03.jpg,23
219,E. Quintela,Quintela,JFL,17,Río Breogán,0.0,130000.0,110500.0,2,0.0,2,0.0,0,0,0,0,0/0,0,0/0,0,0/0,0,0,0,0,0,0,0,0,0,0,0,0,0,0,0,0,0,0000934220_5-6_03.jpg,23
220,D. Mavra,Mavra,EUR,17,Río Breogán,529000.0,460000.0,608350.0,1,13.0,1,15.6,1091,0,16,16,2/4,-2,3/3,0,3/6,-3,1,1,2,2,0,0,2,-2,0,0,0,0,2,-2,3,3,0000934159_5-6_03.jpg,19
220,D. Mavra,Mavra,EUR,17,Río Breogán,608350.0,460000.0,608350.0,2,35.0,2,42.0,1576,0,22,22,5/6,-1,4/5,-1,0/1,-1,1,1,10,10,0,0,1,-1,0,0,0,0,1,-1,7,7,0000934159_5-6_03.jpg,19
221,DJ Stewart,Stewart,EUR,18,Kosner Baskonia,540000.0,600000.0,459000.0,1,9.0,1,10.8,1199,0,7,7,2/2,0,1/3,-2,0/0,0,4,4,3,3,0,0,0,0,0,0,0,0,3,-3,0,0,0000927795_5-6_03.jpg,3
221,DJ Stewart,Stewart,EUR,18,Kosner Baskonia,459000.0,600000.0,459000.0,2,5.0,2,6.0,986,0,3,3,0/1,-1,0/1,-1,3/4,-1,3,3,0,0,0,0,0,0,0,0,0,0,1,-1,3,3,0000927795_5-6_03.jpg,3
222,C. Duarte,Duarte,COT,18,Kosner Baskonia,483000.0,420000.0,555450.0,1,14.0,1,16.8,1436,0,13,13,1/2,-1,2/5,-3,5/5,0,1,1,2,2,0,0,0,0,1,1,0,0,2,-2,3,3,0000927727_5-6_03.jpg,5
222,C. Duarte,Duarte,COT,18,Kosner Baskonia,555450.0,420000.0,555450.0,2,23.0,2,27.6,795,0,19,19,2/4,-2,4/5,-1,3/3,0,3,3,2,2,2,2,1,-1,0,0,1,-1,0,0,2,2,0000927727_5-6_03.jpg,5
223,S. Joksimovic,Joksimovic,JFL,18,Kosner Baskonia,144500.0,170000.0,166175.0,1,-2.0,1,0.0,106,0,0,0,0/0,0,0/1,-1,0/0,0,0,0,0,0,0,0,0,0,0,0,0,0,1,-1,0,0,0000927971_5-6_03.jpg,6
223,S. Joksimovic,Joksimovic,JFL,18,Kosner Baskonia,166175.0,170000.0,166175.0,2,9.0,2,10.8,1118,0,11,11,3/4,-1,1/2,-1,2/2,0,2,2,2,2,0,0,2,-2,0,0,1,-1,2,-2,1,1,0000927971_5-6_03.jpg,6
224,C. Frisch,Frisch,EUR,18,Kosner Baskonia,230000.0,200000.0,264500.0,1,15.0,1,18.0,867,0,11,11,2/2,0,2/2,0,1/1,0,2,2,1,1,0,0,0,0,0,0,0,0,1,-1,2,2,0000927755_5-6_03.jpg,25
224,C. Frisch,Frisch,EUR,18,Kosner Baskonia,264500.0,200000.0,264500.0,2,7.0,2,8.4,427,0,4,4,2/2,0,0/1,-1,0/1,-1,1,1,0,0,2,2,0,0,0,0,0,0,0,0,2,2,0000927755_5-6_03.jpg,25
225,T. Sedekerskis,Sedekerskis,JFL,18,Kosner Baskonia,368000.0,320000.0,423200.0,1,16.0,1,19.2,996,0,8,8,1/1,0,1/1,0,3/3,0,3,3,2,2,0,0,0,0,0,0,0,0,0,0,3,3,0000927996_5-6_03.jpg,8
225,T. Sedekerskis,Sedekerskis,JFL,18,Kosner Baskonia,423200.0,320000.0,423200.0,2,21.0,2,25.2,1198,0,11,11,4/6,-2,1/2,-1,0/0,0,9,9,4,4,0,0,0,0,0,0,0,0,2,-2,2,2,0000927996_5-6_03.jpg,8
226,R. Kurucs,Kurucs,JFL,18,Kosner Baskonia,340000.0,400000.0,391000.0,1,-1.0,1,0.0,1200,0,4,4,2/5,-3,0/0,0,0/0,0,2,2,2,2,1,1,2,-2,0,0,0,0,5,-5,0,0,0000927949_5-6_03.jpg,7
226,R. Kurucs,Kurucs,JFL,18,Kosner Baskonia,391000.0,400000.0,391000.0,2,14.0,2,16.8,967,0,13,13,4/4,0,1/2,-1,2/2,0,1,1,0,0,1,1,0,0,0,0,0,0,2,-2,2,2,0000927949_5-6_03.jpg,7
227,M. Spagnolo,Spagnolo,JFL,18,Kosner Baskonia,323000.0,380000.0,330000.0,1,2.0,1,2.4,446,0,2,2,1/1,0,0/0,0,0/0,0,0,0,1,1,0,0,2,-2,0,0,0,0,0,0,1,1,0000927919_5-6_03.jpg,10
227,M. Spagnolo,Spagnolo,JFL,18,Kosner Baskonia,330000.0,380000.0,330000.0,2,9.0,2,10.8,1043,0,11,11,1/4,-3,3/4,-1,0/0,0,2,2,4,4,0,0,2,-2,0,0,0,0,2,-2,0,0,0000927919_5-6_03.jpg,10
228,M. Howard,Howard,EXT,18,Kosner Baskonia,420000.0,490000.0,420000.0,1,7.0,1,8.4,805,0,8,8,1/1,0,1/3,-2,3/3,0,1,1,0,0,0,0,1,-1,0,0,1,-1,1,-1,3,3,0000927893_5-6_03.jpg,0
229,K. Simmons,Simmons,COT,18,Kosner Baskonia,527000.0,620000.0,570000.0,1,7.0,1,8.4,1033,0,10,10,3/6,-3,0/1,-1,4/5,-1,2,2,2,2,1,1,2,-2,0,0,1,-1,2,-2,2,2,0000927864_5-6_03.jpg,2
229,K. Simmons,Simmons,COT,18,Kosner Baskonia,570000.0,620000.0,570000.0,2,12.0,2,14.4,1080,0,9,9,1/2,-1,2/3,-1,1/1,0,1,1,4,4,0,0,1,-1,1,1,0,0,1,-1,1,1,0000927864_5-6_03.jpg,2
232,K. Faried,Faried,EXT,18,Kosner Baskonia,517500.0,450000.0,595125.0,1,15.0,1,18.0,1324,0,13,13,5/7,-2,0/0,0,3/4,-1,5,5,0,0,0,0,0,0,1,1,0,0,3,-3,2,2,0000927834_5-6_03.jpg,35
232,K. Faried,Faried,EXT,18,Kosner Baskonia,595125.0,450000.0,595125.0,2,21.0,2,25.2,1235,0,11,11,1/6,-5,1/1,0,6/6,0,8,8,2,2,2,2,1,-1,1,1,0,0,1,-1,4,4,0000927834_5-6_03.jpg,35
233,D. Stenionis,Stenionis,EUR,11,FIATC Girona,170000.0,200000.0,144500.0,1,-3.0,1,0.0,295,0,0,0,0/0,0,0/0,0,0/2,-2,0,0,0,0,0,0,1,-1,0,0,0,0,1,-1,1,1,0000930358_5-6_03.jpg,9
233,D. Stenionis,Stenionis,EUR,11,FIATC Girona,144500.0,200000.0,144500.0,2,-3.0,2,0.0,375,0,0,0,0/0,0,0/2,-2,0/0,0,0,0,0,0,0,0,2,-2,0,0,0,0,0,0,1,1,0000930358_5-6_03.jpg,9
234,A. Pluta,Pluta,JFL,11,FIATC Girona,272000.0,320000.0,231200.0,1,2.0,1,2.4,990,0,2,2,1/1,0,0/2,-2,0/0,0,2,2,1,1,1,1,3,-3,0,0,0,0,0,0,1,1,0000930315_5-6_03.jpg,21
234,A. Pluta,Pluta,JFL,11,FIATC Girona,231200.0,320000.0,231200.0,2,1.0,2,0.0,904,0,4,4,2/4,-2,0/4,-4,0/0,0,0,0,4,4,0,0,1,-1,0,0,0,0,2,-2,2,2,0000930315_5-6_03.jpg,21
235,AJ Lawson,Lawson,COT,18,Kosner Baskonia,632500.0,550000.0,660000.0,1,12.0,1,14.4,1377,0,13,13,2/4,-2,2/7,-5,3/4,-1,1,1,2,2,1,1,1,-1,1,1,0,0,1,-1,4,4,0000927702_5-6_03.jpg,1
235,AJ Lawson,Lawson,COT,18,Kosner Baskonia,660000.0,550000.0,660000.0,2,10.0,2,12.0,1076,0,9,9,1/2,-1,1/5,-4,4/4,0,2,2,3,3,0,0,0,0,0,0,0,0,1,-1,2,2,0000927702_5-6_03.jpg,1
237,D. McGhee,McGhee,EUR,16,iLERNA Lleida,437000.0,380000.0,502550.0,1,28.0,1,33.6,1435,0,21,21,2/3,-1,4/9,-5,5/6,-1,6,6,4,4,3,3,2,-2,0,0,0,0,1,-1,4,4,0000928573_5-6_03.jpg,0
237,D. McGhee,McGhee,EUR,16,iLERNA Lleida,502550.0,380000.0,502550.0,2,4.0,2,0.0,1551,0,3,3,1/3,-2,0/9,-9,1/2,-1,5,5,7,7,2,2,1,-1,1,1,0,0,3,-3,2,2,0000928573_5-6_03.jpg,0
238,J. Rivero,Rivero,EUR,9,Valencia Basket,263500.0,310000.0,223975.0,1,5.0,1,0.0,1016,0,6,6,3/7,-4,0/1,-1,0/0,0,6,6,0,0,0,0,1,-1,0,0,0,0,2,-2,1,1,0000931101_5-6_03.jpg,41
238,J. Rivero,Rivero,EUR,9,Valencia Basket,223975.0,310000.0,223975.0,2,1.0,2,1.2,717,0,1,1,0/1,-1,0/0,0,1/2,-1,2,2,1,1,0,0,0,0,0,0,0,0,3,-3,2,2,0000931101_5-6_03.jpg,41
239,A. Torres,Torres,JFL,8,Asisa Joventut,138000.0,120000.0,138000.0,1,3.0,1,0.0,729,0,4,4,2/2,0,0/0,0,0/0,0,0,0,0,0,0,0,0,0,0,0,0,0,1,-1,0,0,0000927088_5-6_03.jpg,20
240,U. Gibson,Gibson,EUR,14,Barça,255000.0,300000.0,216750.0,1,4.0,1,4.8,751,0,8,8,1/3,-2,2/3,-1,0/0,0,2,2,1,1,1,1,3,-3,0,0,0,0,3,-3,1,1,0000930238_5-6_03.jpg,1
240,U. Gibson,Gibson,EUR,14,Barça,216750.0,300000.0,216750.0,2,0.0,2,0.0,1035,0,10,10,2/6,-4,2/2,0,0/0,0,1,1,2,2,0,0,4,-4,0,0,0,0,5,-5,0,0,0000930238_5-6_03.jpg,1
241,D. Baugh,Baugh,COT,18,Kosner Baskonia,552000.0,480000.0,634800.0,1,17.0,1,20.4,1211,0,9,9,4/4,0,0/4,-4,1/1,0,3,3,7,7,6,6,3,-3,0,0,0,0,2,-2,1,1,0000927773_5-6_03.jpg,12
241,D. Baugh,Baugh,COT,18,Kosner Baskonia,634800.0,480000.0,634800.0,2,6.0,2,7.2,1102,0,6,6,1/1,0,0/3,-3,4/4,0,0,0,3,3,0,0,1,-1,0,0,0,0,2,-2,3,3,0000927773_5-6_03.jpg,12
242,N. Mirotic,Mirotic,JFL,9,Valencia Basket,690000.0,600000.0,793500.0,1,14.0,1,0.0,818,0,14,14,3/7,-4,1/3,-2,5/5,0,5,5,0,0,0,0,0,0,1,1,1,-1,3,-3,4,4,0000932875_5-6_03.jpg,33
242,N. Mirotic,Mirotic,JFL,9,Valencia Basket,793500.0,600000.0,793500.0,2,17.0,2,20.4,1263,0,17,17,4/4,0,2/7,-5,3/4,-1,5,5,1,1,0,0,0,0,1,1,0,0,3,-3,2,2,0000932875_5-6_03.jpg,33
243,S. Doumbouya,Doumbouya,EUR,12,Recoletas Salud San Pablo Burgos,425000.0,500000.0,361250.0,1,2.0,1,0.0,981,0,10,10,4/7,-3,0/3,-3,2/4,-2,2,2,1,1,1,1,2,-2,0,0,0,0,5,-5,3,3,0000939035_5-6_03.jpg,45
243,S. Doumbouya,Doumbouya,EUR,12,Recoletas Salud San Pablo Burgos,361250.0,500000.0,361250.0,2,10.0,2,12.0,1293,0,11,11,3/4,-1,1/5,-4,2/3,-1,3,3,1,1,2,2,2,-2,0,0,0,0,3,-3,4,4,0000939035_5-6_03.jpg,45
247,M. Lukic,,EUR,7,Casademont Zaragoza,0.0,130000.0,130000.0,2,0.0,2,0.0,0,0,0,0,0/0,0,0/0,0,0/0,0,0,0,0,0,0,0,0,0,0,0,0,0,0,0,0,0,0000940799_5-6_03.jpg,8
249,M. Enabulele,Enabulele,JFL,10,Kids&Us Manresa,110500.0,130000.0,110500.0,2,0.0,2,0.0,456,0,0,0,0/0,0,0/0,0,0/0,0,1,1,0,0,0,0,0,0,0,0,0,0,1,-1,0,0,0000926473_5-6_03.jpg,20
250,K. Brunot,Brunot,EUR,11,FIATC Girona,110500.0,130000.0,110500.0,2,2.0,2,0.0,304,0,0,0,0/0,0,0/0,0,0/0,0,2,2,0,0,0,0,0,0,0,0,0,0,0,0,0,0,0000930422_5-6_03.jpg,20
252,J. Taboada,Taboada,EXT,12,Recoletas Salud San Pablo Burgos,136000.0,160000.0,136000.0,2,-12.0,2,0.0,942,0,0,0,0/5,-5,0/0,0,0/0,0,1,1,0,0,1,1,2,-2,0,0,3,-3,4,-4,0,0,0000938899_5-6_03.jpg,59
254,M. Thomas,Thomas,EXT,4,Unicaja,340000.0,400000.0,340000.0,2,-3.0,2,0.0,408,0,0,0,0/0,0,0/2,-2,0/0,0,0,0,0,0,1,1,1,-1,0,0,0,0,1,-1,0,0,0000940576_5-6_03.jpg,21
255,N. Smith,Smith,EXT,5,Real Madrid,348500.0,410000.0,348500.0,2,2.0,2,2.4,1113,0,10,10,3/5,-2,1/6,-5,1/2,-1,2,2,1,1,0,0,3,-3,0,0,0,0,1,-1,1,1,0000941257_5-6_03.jpg,1
257,M. Santos,Santos,EXT,18,Kosner Baskonia,437000.0,380000.0,437000.0,2,13.0,2,15.6,973,0,11,11,1/1,0,2/4,-2,3/4,-1,4,4,2,2,0,0,1,-1,1,1,0,0,3,-3,2,2,0000940632_5-6_03.jpg,21
